Id,Call Start Time,Call Owner Name,CONTACTID,Call Type,Call Duration (in seconds),Call Status,Outgoing Call Status,Scheduled in CRM,Invalid Call Duration
5805028000054991882,2024-06-13 14:21:00,Victor Barnes,5805028000053017296,Outbound,19.0,Attended Dialled,Completed,0.0,False
5805028000030988167,2024-02-08 18:13:00,Ulysses Adams,5805028000021261280,Outbound,0.0,Unattended Dialled,Completed,0.0,False
5805028000053181264,2024-06-03 14:46:00,Charlie Davis,5805028000042700966,Missed,0.0,Missed,,,False
5805028000011148125,2023-10-11 19:22:00,Diana Evans,5805028000008758811,Outbound,356.0,Attended Dialled,Completed,0.0,False
5805028000045849101,2024-04-23 13:56:00,Amy Green,5805028000045008156,Outbound,42.0,Attended Dialled,Completed,0.0,False
5805028000014069664,2023-10-28 14:44:00,Charlie Davis,5805028000011610537,Outbound,62.0,Attended Dialled,Completed,0.0,False
5805028000045432218,2024-04-22 14:56:00,Cara Iverson,5805028000039806199,Outbound,5.0,Attended Dialled,Completed,0.0,False
5805028000056159078,2024-06-18 11:52:00,Kevin Parker,5805028000025961752,Outbound,7.0,Attended Dialled,Completed,0.0,False
5805028000025289710,2024-01-10 20:40:00,Wendy Clark,5805028000025424014,Outbound,164.0,Attended Dialled,Completed,0.0,False
5805028000008772778,2023-09-25 14:35:00,Diana Evans,5805028000003468691,Outbound,138.0,Attended Dialled,Completed,0.0,False
5805028000041220020,2024-04-02 14:29:00,John Doe,5805028000027986054,Missed,0.0,Missed,,,False
5805028000021433068,2023-12-14 17:40:00,Diana Evans,5805028000019617682,Outbound,344.0,Attended Dialled,Completed,0.0,False
5805028000032755942,2024-02-19 18:12:00,Amy Green,5805028000032578108,Outbound,392.0,Attended Dialled,Completed,0.0,False
5805028000024717132,2024-01-08 10:37:00,Ian Miller,5805028000014497066,Outbound,8.0,Attended Dialled,Completed,0.0,False
5805028000009933194,2023-10-04 13:49:00,Fiona Jackson,5805028000009224092,Missed,0.0,Missed,,,False
5805028000019582518,2023-12-04 16:16:00,Ian Miller,5805028000019298409,Outbound,96.0,Attended Dialled,Completed,0.0,False
5805028000053526729,2024-06-05 15:57:00,Derek James,5805028000041408416,Outbound,335.0,Attended Dialled,Completed,0.0,False
5805028000028739345,2024-01-29 16:34:00,Quincy Vincent,5805028000019629158,Outbound,203.0,Attended Dialled,Completed,0.0,False
5805028000055338184,2024-06-14 16:02:00,Derek James,5805028000030468161,Outbound,0.0,Unattended Dialled,Completed,0.0,False
5805028000028328382,2024-01-26 10:28:00,Paula Underwood,5805028000028163165,Outbound,5.0,Attended Dialled,Completed,0.0,False
5805028000054257578,2024-06-10 19:41:00,Derek James,5805028000050827073,Outbound,167.0,Attended Dialled,Completed,0.0,False
5805028000028997185,2024-01-30 16:34:00,Yara Edwards,5805028000028014414,Outbound,18.0,Attended Dialled,Completed,0.0,False
5805028000047706594,2024-05-02 13:53:00,Derek James,5805028000040664889,Outbound,393.0,Attended Dialled,Completed,0.0,False
5805028000037097599,2024-03-13 10:36:00,Victor Barnes,5805028000036620645,Outbound,85.0,Attended Dialled,Completed,0.0,False
5805028000018388259,2023-11-22 20:39:00,Julia Nelson,5805028000012761057,Outbound,404.0,Attended Dialled,Completed,0.0,False
5805028000035483836,2024-03-04 12:55:00,Ian Miller,5805028000035493617,Outbound,26.0,Attended Dialled,Completed,0.0,False
5805028000029799184,2024-02-02 14:08:00,Kevin Parker,5805028000016931091,Outbound,42.0,Attended Dialled,Completed,0.0,False
5805028000023851651,2024-01-02 11:16:00,Kevin Parker,5805028000018580046,Outbound,142.0,Attended Dialled,Completed,0.0,False
5805028000008254051,2023-09-20 16:12:00,Jane Smith,5805028000004559484,Outbound,4.0,Attended Dialled,Completed,0.0,False
5805028000014083561,2023-10-28 09:45:00,John Doe,5805028000007855880,Outbound,598.0,Attended Dialled,Completed,0.0,False
5805028000021704755,2023-12-17 17:43:00,Quincy Vincent,5805028000006946042,Outbound,7.0,Attended Dialled,Completed,0.0,False
5805028000020572153,2023-12-10 12:41:00,Quincy Vincent,5805028000020444829,Outbound,1525.0,Attended Dialled,Completed,0.0,False
5805028000021088152,2023-12-12 16:54:00,Ian Miller,5805028000019298409,Outbound,48.0,Attended Dialled,Completed,0.0,False
5805028000046342721,2024-04-25 12:28:00,Ulysses Adams,5805028000008092369,Missed,0.0,Missed,,,False
5805028000009796419,2023-10-03 10:04:00,Diana Evans,5805028000009701425,Outbound,8.0,Attended Dialled,Completed,0.0,False
5805028000038249606,2024-03-19 10:19:00,Cara Iverson,5805028000038220006,Outbound,0.0,Unattended Dialled,Completed,0.0,False
5805028000029372225,2024-01-31 17:56:00,Quincy Vincent,5805028000027714096,Missed,0.0,Missed,,,False
5805028000033427290,2024-02-22 15:25:00,Ulysses Adams,5805028000008097198,Outbound,151.0,Attended Dialled,Completed,0.0,False
5805028000054938812,2024-06-13 16:03:00,Kevin Parker,5805028000027735302,Outbound,10.0,Attended Dialled,Completed,0.0,False
5805028000038220038,2024-03-18 16:24:00,Ian Miller,5805028000038123076,Outbound,0.0,Unattended Dialled,Completed,0.0,False
5805028000043128555,2024-04-11 13:27:00,Charlie Davis,5805028000041220880,Outbound,0.0,Unattended Dialled,Completed,0.0,False
5805028000047529203,2024-04-30 16:07:00,Ben Hall,5805028000039766172,Outbound,0.0,Unattended Dialled,Completed,0.0,False
5805028000042145001,2024-04-05 18:30:00,Ian Miller,5805028000017746152,Outbound,7.0,Attended Dialled,Completed,0.0,False
5805028000050290628,2024-05-16 16:48:00,Derek James,5805028000045566423,Outbound,74.0,Attended Dialled,Completed,0.0,False
5805028000028034970,2024-01-24 16:49:00,John Doe,5805028000016627883,Outbound,219.0,Attended Dialled,Completed,0.0,False
5805028000017107066,2023-11-15 18:42:00,Mason Roberts,5805028000008783181,Outbound,5.0,Attended Dialled,Completed,0.0,False
5805028000034879642,2024-02-29 13:43:00,Ben Hall,5805028000034928592,Outbound,1617.0,Attended Dialled,Completed,0.0,False
5805028000055329007,2024-06-14 14:08:00,Ulysses Adams,5805028000039296313,Outbound,415.0,Attended Dialled,Completed,0.0,False
5805028000024043072,2024-01-02 16:10:00,Paula Underwood,5805028000023883467,Outbound,6.0,Attended Dialled,Completed,0.0,False
5805028000028770001,2024-01-29 12:03:00,Quincy Vincent,5805028000026136977,Missed,0.0,Missed,,,False
5805028000039413555,2024-03-23 10:53:00,Cara Iverson,5805028000028235742,Outbound,17.0,Attended Dialled,Completed,0.0,False
5805028000006933172,2023-09-07 14:56:00,John Doe,5805028000003818105,Outbound,392.0,Attended Dialled,Completed,0.0,False
5805028000026303877,2024-01-17 11:01:00,Xander Dean,5805028000026235210,Outbound,217.0,Attended Dialled,Completed,0.0,False
5805028000017838107,2023-11-20 11:03:00,Nina Scott,5805028000017367197,Outbound,743.0,Attended Dialled,Completed,0.0,False
5805028000019105075,2023-11-29 11:30:00,Ian Miller,5805028000017753123,Outbound,475.0,Attended Dialled,Completed,0.0,False
5805028000021707540,2023-12-17 13:13:00,Diana Evans,5805028000021261799,Outbound,9.0,Attended Dialled,Completed,0.0,False
5805028000013255344,2023-10-23 18:02:00,Ian Miller,5805028000010276200,Outbound,143.0,Attended Dialled,Completed,0.0,False
5805028000030384013,2024-02-06 15:42:00,Zachary Foster,5805028000030085797,Outbound,365.0,Attended Dialled,Completed,0.0,False
5805028000015298117,2023-11-04 16:38:00,Julia Nelson,5805028000012904577,Outbound,80.0,Attended Dialled,Completed,0.0,False
5805028000026512117,2024-01-17 16:52:00,Nina Scott,5805028000025823753,Inbound,42.0,Received,,,False
5805028000026966110,2024-01-18 20:44:00,Victor Barnes,5805028000021705227,Outbound,17.0,Attended Dialled,Completed,0.0,False
5805028000045981022,2024-04-23 17:44:00,Victor Barnes,5805028000032578918,Outbound,0.0,Unattended Dialled,Completed,0.0,False
5805028000054942576,2024-06-13 11:02:00,Paula Underwood,5805028000048762355,Outbound,275.0,Attended Dialled,Completed,0.0,False
5805028000047522086,2024-04-30 15:38:00,Quincy Vincent,5805028000042262066,Outbound,139.0,Attended Dialled,Completed,0.0,False
5805028000049913042,2024-05-14 12:14:00,Charlie Davis,5805028000034694613,Outbound,9.0,Attended Dialled,Completed,0.0,False
5805028000043890037,2024-04-15 13:00:00,Nina Scott,5805028000018309225,Outbound,83.0,Attended Dialled,Completed,0.0,False
5805028000013849377,2023-10-26 13:57:00,Charlie Davis,5805028000004088585,Outbound,632.0,Attended Dialled,Completed,0.0,False
5805028000053561579,2024-06-05 14:31:00,Paula Underwood,5805028000045218295,Missed,0.0,Missed,,,False
5805028000050961306,2024-05-21 14:22:00,Derek James,5805028000050576656,Inbound,63.0,Received,,,False
5805028000039632290,2024-03-25 14:27:00,Ulysses Adams,5805028000026041053,Outbound,4.0,Attended Dialled,Completed,0.0,False
5805028000022016020,2023-12-19 10:46:00,Nina Scott,5805028000021538901,Missed,0.0,Missed,,,False
5805028000024894406,2024-01-08 17:07:00,Ulysses Adams,5805028000024796054,Outbound,709.0,Attended Dialled,Completed,0.0,False
5805028000013678056,2023-10-25 16:40:00,John Doe,5805028000010679201,Outbound,140.0,Attended Dialled,Completed,0.0,False
5805028000039525531,2024-03-25 09:01:00,Ulysses Adams,5805028000039296313,Outbound,5.0,Attended Dialled,Completed,0.0,False
5805028000003966267,2023-08-06 12:07:00,Jane Smith,5805028000003664120,Outbound,653.0,Attended Dialled,Completed,0.0,False
5805028000041502180,2024-04-03 18:00:00,Charlie Davis,5805028000041026204,Outbound,390.0,Attended Dialled,Completed,0.0,False
5805028000027873173,2024-01-23 12:13:00,Kevin Parker,5805028000025850763,Outbound,421.0,Attended Dialled,Completed,0.0,False
5805028000028128879,2024-01-25 11:17:00,Victor Barnes,5805028000027431939,Outbound,0.0,Unattended Dialled,Completed,0.0,False
5805028000007507079,2023-09-13 16:09:00,Hannah Lee,5805028000007037001,Outbound,24.0,Attended Dialled,Completed,0.0,False
5805028000037656068,2024-03-15 09:49:00,Ulysses Adams,5805028000004110397,Outbound,127.0,Attended Dialled,Completed,0.0,False
5805028000023302227,2023-12-27 12:10:00,Ulysses Adams,5805028000020322243,Outbound,64.0,Attended Dialled,Completed,0.0,False
5805028000033439083,2024-02-22 11:58:00,Paula Underwood,5805028000032528288,Outbound,18.0,Attended Dialled,Completed,0.0,False
5805028000018961342,2023-11-28 16:48:00,Kevin Parker,5805028000008205056,Missed,0.0,Missed,,,False
5805028000049227620,2024-05-10 15:40:00,Ben Hall,5805028000049092174,Outbound,5.0,Attended Dialled,Completed,0.0,False
5805028000044051225,2024-04-16 12:44:00,Kevin Parker,5805028000002302109,Outbound,54.0,Attended Dialled,Completed,0.0,False
5805028000022644240,2023-12-22 11:29:00,Nina Scott,5805028000018523155,Missed,0.0,Missed,,,False
5805028000026301013,2024-01-16 14:45:00,Rachel White,5805028000026130607,Outbound,5.0,Attended Dialled,Completed,0.0,False
5805028000014304194,2023-10-30 13:08:00,John Doe,5805028000008982290,Missed,0.0,Missed,,,False
5805028000018986483,2023-11-28 18:57:00,Julia Nelson,5805028000015298367,Outbound,210.0,Attended Dialled,Completed,0.0,False
5805028000054934710,2024-06-13 11:57:00,Yara Edwards,5805028000004561698,Inbound,230.0,Received,,,False
5805028000012380025,2023-10-18 10:23:00,Charlie Davis,5805028000011620226,Outbound,997.0,Attended Dialled,Completed,0.0,False
5805028000033623256,2024-02-23 11:27:00,Julia Nelson,5805028000008337185,Outbound,4.0,Attended Dialled,Completed,0.0,False
5805028000051533156,2024-05-23 17:42:00,Charlie Davis,5805028000018692370,Outbound,153.0,Attended Dialled,Completed,0.0,False
5805028000026492357,2024-01-17 20:13:00,Paula Underwood,5805028000025325868,Outbound,50.0,Attended Dialled,Completed,0.0,False
5805028000035704615,2024-03-05 16:34:00,Victor Barnes,5805028000035483044,Outbound,60.0,Attended Dialled,Completed,0.0,False
5805028000042439067,2024-04-08 13:25:00,Julia Nelson,5805028000039887752,Outbound,8.0,Attended Dialled,Completed,0.0,False
5805028000021061832,2023-12-13 14:49:00,Charlie Davis,5805028000021065899,Outbound,704.0,Attended Dialled,Completed,0.0,False
5805028000050258793,2024-05-16 18:32:00,Cara Iverson,5805028000050302298,Outbound,42.0,Attended Dialled,Completed,0.0,False
5805028000043303502,2024-04-11 18:55:00,Yara Edwards,5805028000036392788,Outbound,18.0,Attended Dialled,Completed,0.0,False
5805028000032106162,2024-02-15 09:57:00,John Doe,5805028000026318258,Outbound,114.0,Attended Dialled,Completed,0.0,False
5805028000050018560,2024-05-15 10:43:00,Amy Green,5805028000050006665,Outbound,18.0,Attended Dialled,Completed,0.0,False
5805028000048791844,2024-05-08 15:51:00,Amy Green,5805028000048377235,Outbound,0.0,Unattended Dialled,Completed,0.0,False
5805028000019436206,2023-12-01 12:43:00,Kevin Parker,5805028000016065119,Outbound,102.0,Attended Dialled,Completed,0.0,False
5805028000012447001,2023-10-18 18:50:00,Julia Nelson,5805028000011931130,Outbound,167.0,Attended Dialled,Completed,0.0,False
5805028000011057193,2023-10-11 18:20:00,Diana Evans,5805028000007861968,Outbound,20.0,Attended Dialled,Completed,0.0,False
5805028000018428827,2023-11-23 10:11:00,Diana Evans,5805028000003930715,Outbound,2398.0,Attended Dialled,Completed,0.0,False
5805028000049560547,2024-05-12 18:08:00,Quincy Vincent,5805028000044674634,Outbound,5.0,Attended Dialled,Completed,0.0,False
5805028000018166058,2023-11-21 13:19:00,Ian Miller,5805028000017917002,Outbound,0.0,Unattended Dialled,Completed,0.0,False
5805028000025506157,2024-01-11 14:25:00,John Doe,5805028000023705060,Outbound,663.0,Attended Dialled,Completed,0.0,False
5805028000031688188,2024-02-13 15:10:00,Amy Green,5805028000031374241,Outbound,10.0,Attended Dialled,Completed,0.0,False
5805028000032961110,2024-02-20 11:21:00,Ulysses Adams,5805028000017707038,Outbound,4.0,Attended Dialled,Completed,0.0,False
5805028000055972639,2024-06-17 20:15:00,Cara Iverson,5805028000055949592,Outbound,392.0,Attended Dialled,Completed,0.0,False
5805028000047750085,2024-05-02 17:00:00,Amy Green,5805028000047637840,Outbound,0.0,Unattended Dialled,Completed,0.0,False
5805028000056457224,2024-06-19 18:21:00,Nina Scott,5805028000014052783,Missed,0.0,Missed,,,False
5805028000007086148,2023-09-08 14:12:00,Diana Evans,5805028000007010124,Outbound,139.0,Attended Dialled,Completed,0.0,False
5805028000013559253,2023-10-25 12:31:00,John Doe,5805028000011906024,Missed,0.0,Missed,,,False
5805028000012889280,2023-10-20 16:33:00,Kevin Parker,5805028000012448132,Outbound,4.0,Attended Dialled,Completed,0.0,False
5805028000043468314,2024-04-12 11:11:00,Derek James,5805028000021413090,Outbound,192.0,Attended Dialled,Completed,0.0,False
5805028000045091457,2024-04-19 14:43:00,Ben Hall,5805028000044834551,Outbound,830.0,Attended Dialled,Completed,0.0,False
5805028000037142439,2024-03-13 10:49:00,Charlie Davis,5805028000037093459,Missed,0.0,Missed,,,False
5805028000007642045,2023-09-14 12:35:00,Charlie Davis,5805028000007570001,Outbound,39.0,Attended Dialled,Completed,0.0,False
5805028000045261272,2024-04-20 15:46:00,Ben Hall,5805028000044468452,Outbound,5.0,Attended Dialled,Completed,0.0,False
5805028000004311322,2023-08-10 13:46:00,Diana Evans,5805028000003329100,Missed,0.0,Missed,,,False
5805028000040548722,2024-03-30 10:13:00,Cara Iverson,5805028000040539364,Outbound,8.0,Attended Dialled,Completed,0.0,False
5805028000045459097,2024-04-22 13:07:00,Ulysses Adams,5805028000003434035,Outbound,0.0,Unattended Dialled,Completed,0.0,False
5805028000035335647,2024-03-02 13:28:00,Nina Scott,5805028000033422012,Missed,0.0,Missed,,,False
5805028000028436161,2024-01-26 15:29:00,Kevin Parker,5805028000008018020,Outbound,178.0,Attended Dialled,Completed,0.0,False
5805028000040369528,2024-03-29 09:58:00,Ulysses Adams,5805028000007866898,Outbound,6.0,Attended Dialled,Completed,0.0,False
5805028000043243440,2024-04-11 18:42:00,Yara Edwards,5805028000043119698,Outbound,466.0,Attended Dialled,Completed,0.0,False
5805028000048686040,2024-05-07 18:44:00,Julia Nelson,5805028000040340336,Outbound,5.0,Attended Dialled,Completed,0.0,False
5805028000038854118,2024-03-20 18:36:00,Quincy Vincent,5805028000037084013,Outbound,1133.0,Attended Dialled,Completed,0.0,False
5805028000040740112,2024-04-01 11:29:00,Victor Barnes,5805028000040368109,Outbound,0.0,Unattended Dialled,Completed,0.0,False
5805028000034855091,2024-02-28 13:43:00,Ulysses Adams,5805028000018758841,Outbound,197.0,Attended Dialled,Completed,0.0,False
5805028000030144544,2024-02-05 17:52:00,Zachary Foster,5805028000028549180,Outbound,5.0,Attended Dialled,Completed,0.0,False
5805028000030133292,2024-02-05 10:59:00,John Doe,5805028000001404153,Outbound,266.0,Attended Dialled,Completed,0.0,False
5805028000004561001,2023-08-11 15:54:00,Bob Brown,5805028000001883045,Outbound,363.0,Attended Dialled,Completed,0.0,False
5805028000056576239,2024-06-20 10:13:00,Victor Barnes,5805028000009680131,Outbound,54.0,Attended Dialled,Completed,0.0,False
5805028000042990049,2024-04-10 17:33:00,Amy Green,5805028000042819439,Outbound,610.0,Attended Dialled,Completed,0.0,False
5805028000056197308,2024-06-18 15:13:00,Quincy Vincent,5805028000055463994,Outbound,5.0,Attended Dialled,Completed,0.0,False
5805028000002918222,2023-07-22 16:14:00,Alice Johnson,5805028000002294001,Outbound,7.0,Attended Dialled,Completed,0.0,False
5805028000040211931,2024-03-28 17:27:00,Amy Green,5805028000039887501,Outbound,14.0,Attended Dialled,Completed,0.0,False
5805028000053561786,2024-06-05 16:46:00,Julia Nelson,5805028000053550072,Outbound,136.0,Attended Dialled,Completed,0.0,False
5805028000028022878,2024-01-24 16:48:00,Kevin Parker,5805028000023036240,Outbound,68.0,Attended Dialled,Completed,0.0,False
5805028000002822138,2023-07-21 16:40:00,John Doe,5805028000002741001,Missed,0.0,Missed,,,False
5805028000012164001,2023-10-17 15:01:00,Jane Smith,5805028000010631113,Outbound,537.0,Attended Dialled,Completed,0.0,False
5805028000054755454,2024-06-12 13:00:00,Kevin Parker,5805028000045993960,Outbound,6.0,Attended Dialled,Completed,0.0,False
5805028000011087031,2023-10-11 16:39:00,John Doe,5805028000007223158,Missed,0.0,Missed,,,False
5805028000026317108,2024-01-16 19:21:00,Xander Dean,5805028000026033329,Outbound,5.0,Attended Dialled,Completed,0.0,False
5805028000020286298,2023-12-08 12:49:00,Diana Evans,5805028000020315018,Outbound,0.0,Unattended Dialled,Completed,0.0,False
5805028000001883033,2023-07-14 16:12:00,Alice Johnson,5805028000001404153,Outbound,7.0,Attended Dialled,Completed,0.0,False
5805028000012372020,2023-10-18 11:18:00,John Doe,5805028000008689210,Missed,0.0,Missed,,,False
5805028000050116368,2024-05-15 15:02:00,Kevin Parker,5805028000027735302,Outbound,5.0,Attended Dialled,Completed,0.0,False
5805028000022131360,2023-12-19 17:40:00,Diana Evans,5805028000020588491,Outbound,0.0,Unattended Dialled,Completed,0.0,False
5805028000018557988,2023-11-25 09:43:00,John Doe,5805028000015304525,Missed,0.0,Missed,,,False
5805028000031751621,2024-02-14 10:36:00,Julia Nelson,5805028000010425000,Outbound,0.0,Unattended Dialled,Completed,0.0,False
5805028000015162181,2023-11-03 18:23:00,Charlie Davis,5805028000015009040,Outbound,67.0,Attended Dialled,Completed,0.0,False
5805028000016130158,2023-11-09 15:53:00,Diana Evans,5805028000009668134,Outbound,5.0,Attended Dialled,Completed,0.0,False
5805028000029417408,2024-01-31 20:09:00,Quincy Vincent,5805028000028618002,Outbound,1246.0,Attended Dialled,Completed,0.0,False
5805028000009964049,2023-10-04 15:33:00,Diana Evans,5805028000008246089,Outbound,28.0,Attended Dialled,Completed,0.0,False
5805028000056487100,2024-06-19 17:38:00,Ian Miller,5805028000018316132,Outbound,0.0,Unattended Dialled,Completed,0.0,False
5805028000051669286,2024-05-24 17:18:00,Julia Nelson,5805028000051528565,Missed,0.0,Missed,,,False
5805028000008983533,2023-09-26 13:57:00,Charlie Davis,5805028000008977364,Outbound,2573.0,Attended Dialled,Completed,0.0,False
5805028000020300233,2023-12-08 14:13:00,John Doe,5805028000012259131,Outbound,0.0,Unattended Dialled,Completed,0.0,False
5805028000019713857,2023-12-05 18:51:00,John Doe,5805028000010531027,Outbound,157.0,Attended Dialled,Completed,0.0,False
5805028000003946026,2023-08-05 12:32:00,Diana Evans,5805028000003959027,Outbound,905.0,Attended Dialled,Completed,0.0,False
5805028000010410448,2023-10-07 18:51:00,Charlie Davis,5805028000010427585,Outbound,12.0,Attended Dialled,Completed,0.0,False
5805028000014501246,2023-10-31 10:35:00,Diana Evans,5805028000013957186,Outbound,11.0,Attended Dialled,Completed,0.0,False
5805028000027717614,2024-01-22 18:51:00,Quincy Vincent,5805028000022250509,Outbound,5.0,Attended Dialled,Completed,0.0,False
5805028000048802510,2024-05-08 13:48:00,Quincy Vincent,5805028000042262066,Outbound,8.0,Attended Dialled,Completed,0.0,False
5805028000049221626,2024-05-10 15:36:00,Paula Underwood,5805028000039059053,Outbound,10.0,Attended Dialled,Completed,0.0,False
5805028000017542114,2023-11-17 15:59:00,Charlie Davis,5805028000009580061,Outbound,39.0,Attended Dialled,Completed,0.0,False
5805028000030833612,2024-02-08 11:44:00,Charlie Davis,5805028000030480094,Inbound,1233.0,Received,,,False
5805028000036801145,2024-03-11 17:22:00,Victor Barnes,5805028000035059171,Outbound,25.0,Attended Dialled,Completed,0.0,False
5805028000028894194,2024-01-30 12:59:00,Yara Edwards,5805028000027546521,Outbound,73.0,Attended Dialled,Completed,0.0,False
5805028000010606042,2023-10-09 14:15:00,Diana Evans,5805028000008982320,Outbound,4.0,Attended Dialled,Completed,0.0,False
5805028000036929150,2024-03-12 09:36:00,Ulysses Adams,5805028000025325868,Outbound,6.0,Attended Dialled,Completed,0.0,False
5805028000053771123,2024-06-06 14:49:00,Kevin Parker,5805028000025602244,Missed,0.0,Missed,,,False
5805028000026483001,2024-01-17 15:08:00,Ulysses Adams,5805028000014325023,Outbound,350.0,Attended Dialled,Completed,0.0,False
5805028000028913314,2024-01-30 13:10:00,Ulysses Adams,5805028000003571383,Outbound,340.0,Attended Dialled,Completed,0.0,False
5805028000010036474,2023-10-05 11:38:00,Ian Miller,5805028000010031086,Outbound,68.0,Attended Dialled,Completed,0.0,False
5805028000011260191,2023-10-12 15:01:00,Mason Roberts,5805028000011156341,Outbound,740.0,Attended Dialled,Completed,0.0,False
5805028000029807354,2024-02-02 16:42:00,Nina Scott,5805028000028873341,Outbound,0.0,Unattended Dialled,Completed,0.0,False
5805028000038223112,2024-03-18 17:11:00,Cara Iverson,5805028000035471762,Outbound,18.0,Attended Dialled,Completed,0.0,False
5805028000004130156,2023-08-08 15:04:00,Diana Evans,5805028000003954013,Outbound,6.0,Attended Dialled,Completed,0.0,False
5805028000011247141,2023-10-12 14:16:00,Ian Miller,5805028000011225102,Outbound,50.0,Attended Dialled,Completed,0.0,False
5805028000024878099,2024-01-08 14:26:00,Rachel White,5805028000024532473,Outbound,19.0,Attended Dialled,Completed,0.0,False
5805028000019003353,2023-11-28 14:50:00,Ian Miller,5805028000017534787,Outbound,4.0,Attended Dialled,Completed,0.0,False
5805028000038976087,2024-03-21 10:27:00,Charlie Davis,5805028000035298001,Outbound,79.0,Attended Dialled,Completed,0.0,False
5805028000017538013,2023-11-17 13:40:00,Charlie Davis,5805028000015201019,Outbound,1123.0,Attended Dialled,Completed,0.0,False
5805028000036399447,2024-03-09 13:15:00,Paula Underwood,5805028000032975211,Outbound,5.0,Attended Dialled,Completed,0.0,False
5805028000003966338,2023-08-06 15:13:00,Jane Smith,5805028000003545351,Outbound,5.0,Attended Dialled,Completed,0.0,False
5805028000012327158,2023-10-18 12:13:00,John Doe,5805028000007102201,Outbound,58.0,Attended Dialled,Completed,0.0,False
5805028000013648034,2023-10-25 14:12:00,John Doe,5805028000009910001,Outbound,876.0,Attended Dialled,Completed,0.0,False
5805028000007757222,2023-09-15 08:21:00,Jane Smith,5805028000005614074,Missed,0.0,Missed,,,False
5805028000028386052,2024-01-26 13:03:00,John Doe,5805028000020444001,Outbound,97.0,Attended Dialled,Completed,0.0,False
5805028000024508239,2024-01-05 17:15:00,Ian Miller,5805028000003093106,Outbound,402.0,Attended Dialled,Completed,0.0,False
5805028000023548284,2023-12-28 14:40:00,Julia Nelson,5805028000023508030,Inbound,171.0,Received,,,False
5805028000054139397,2024-06-09 17:03:00,Eva Kent,5805028000050575781,Outbound,39.0,Attended Dialled,Completed,0.0,False
5805028000039505569,2024-03-24 16:39:00,Victor Barnes,5805028000022948146,Outbound,13.0,Attended Dialled,Completed,0.0,False
5805028000044834618,2024-04-18 14:35:00,Derek James,5805028000033681049,Outbound,7.0,Attended Dialled,Completed,0.0,False
5805028000020283499,2023-12-08 15:50:00,John Doe,5805028000018148830,Missed,0.0,Missed,,,False
5805028000035602933,2024-03-05 13:25:00,Amy Green,5805028000035602743,Missed,0.0,Missed,,,False
5805028000023510191,2023-12-28 12:43:00,Ulysses Adams,5805028000022524164,Outbound,159.0,Attended Dialled,Completed,0.0,False
5805028000051096530,2024-05-22 13:50:00,Ulysses Adams,5805028000025813281,Outbound,0.0,Unattended Dialled,Completed,0.0,False
5805028000027604095,2024-01-22 11:59:00,Ulysses Adams,5805028000026035241,Inbound,726.0,Received,,,False
5805028000041321814,2024-04-03 16:00:00,Ulysses Adams,5805028000003571383,Outbound,650.0,Attended Dialled,Completed,0.0,False
5805028000038738179,2024-03-20 11:25:00,Ben Hall,5805028000029130156,Outbound,7.0,Attended Dialled,Completed,0.0,False
5805028000013869038,2023-10-26 10:42:00,John Doe,5805028000003923336,Missed,0.0,Missed,,,False
5805028000003918338,2023-08-06 13:19:00,Charlie Davis,5805028000002822001,Outbound,44.0,Attended Dialled,Completed,0.0,False
5805028000021226285,2023-12-13 18:41:00,Quincy Vincent,5805028000012658121,Outbound,9.0,Attended Dialled,Completed,0.0,False
5805028000025298515,2024-01-10 15:46:00,Paula Underwood,5805028000025291287,Outbound,268.0,Attended Dialled,Completed,0.0,False
5805028000023109018,2023-12-26 12:58:00,Julia Nelson,5805028000023051156,Outbound,1210.0,Attended Dialled,Completed,0.0,False
5805028000010756027,2023-10-10 15:16:00,Ian Miller,5805028000010414707,Outbound,5.0,Attended Dialled,Completed,0.0,False
5805028000020922269,2023-12-12 13:11:00,John Doe,5805028000012259131,Outbound,140.0,Attended Dialled,Completed,0.0,False
5805028000056164823,2024-06-18 18:04:00,Charlie Davis,5805028000026319343,Missed,0.0,Missed,,,False
5805028000045052873,2024-04-19 20:19:00,Victor Barnes,5805028000030143280,Outbound,382.0,Attended Dialled,Completed,0.0,False
5805028000011847109,2023-10-16 18:53:00,Kevin Parker,5805028000011757347,Outbound,6.0,Attended Dialled,Completed,0.0,False
5805028000012765064,2023-10-20 11:29:00,Ian Miller,5805028000012662135,Outbound,247.0,Attended Dialled,Completed,0.0,False
5805028000035602187,2024-03-04 17:55:00,Ulysses Adams,5805028000007866898,Missed,0.0,Missed,,,False
5805028000050864163,2024-05-20 11:46:00,Ulysses Adams,5805028000049349025,Outbound,8.0,Attended Dialled,Completed,0.0,False
5805028000042312112,2024-04-07 17:20:00,Quincy Vincent,5805028000041171174,Outbound,567.0,Attended Dialled,Completed,0.0,False
5805028000056872334,2024-06-21 15:26:00,Kevin Parker,5805028000025817526,Outbound,54.0,Attended Dialled,Completed,0.0,False
5805028000001973001,2023-07-17 14:43:00,Alice Johnson,5805028000001361061,Outbound,5.0,Attended Dialled,Completed,0.0,False
5805028000006832115,2023-09-06 10:51:00,Diana Evans,5805028000003307260,Inbound,558.0,Received,,,False
5805028000024533269,2024-01-05 19:08:00,Wendy Clark,5805028000023863482,Outbound,273.0,Attended Dialled,Completed,0.0,False
5805028000007863040,2023-09-15 12:13:00,Diana Evans,5805028000001880503,Outbound,4.0,Attended Dialled,Completed,0.0,False
5805028000019748312,2023-12-05 18:34:00,Diana Evans,5805028000001676001,Outbound,5.0,Attended Dialled,Completed,0.0,False
5805028000011833194,2023-10-16 18:16:00,John Doe,5805028000011648367,Outbound,159.0,Attended Dialled,Completed,0.0,False
5805028000038740837,2024-03-20 15:24:00,John Doe,5805028000037293210,Outbound,188.0,Attended Dialled,Completed,0.0,False
5805028000040724033,2024-03-31 20:07:00,Quincy Vincent,5805028000040362922,Outbound,0.0,Unattended Dialled,Completed,0.0,False
5805028000023513366,2023-12-28 15:27:00,Julia Nelson,5805028000023339560,Outbound,6.0,Attended Dialled,Completed,0.0,False
5805028000026254182,2024-01-16 11:12:00,John Doe,5805028000015996001,Outbound,26.0,Attended Dialled,Completed,0.0,False
5805028000047130505,2024-04-29 11:55:00,Charlie Davis,5805028000009360523,Missed,0.0,Missed,,,False
5805028000043484576,2024-04-12 14:56:00,Charlie Davis,5805028000018309225,Inbound,101.0,Received,,,False
5805028000027079130,2024-01-19 11:17:00,Kevin Parker,5805028000023895535,Outbound,5.0,Attended Dialled,Completed,0.0,False
5805028000026744319,2024-01-18 14:25:00,Xander Dean,5805028000026744264,Outbound,482.0,Attended Dialled,Completed,0.0,False
5805028000025438163,2024-01-11 11:02:00,John Doe,5805028000015193616,Inbound,54.0,Received,,,False
5805028000037450180,2024-03-14 12:33:00,Kevin Parker,5805028000036222019,Outbound,1108.0,Attended Dialled,Completed,0.0,False
5805028000016937077,2023-11-14 19:03:00,John Doe,5805028000010674209,Outbound,0.0,Unattended Dialled,Completed,0.0,False
5805028000012327103,2023-10-18 11:15:00,Kevin Parker,5805028000012014001,Outbound,91.0,Attended Dialled,Completed,0.0,False
5805028000043851513,2024-04-15 14:56:00,Amy Green,5805028000043843419,Outbound,0.0,Unattended Dialled,Completed,0.0,False
5805028000035603069,2024-03-04 17:11:00,Julia Nelson,5805028000014834183,Outbound,128.0,Attended Dialled,Completed,0.0,False
5805028000043108781,2024-04-11 16:33:00,Ulysses Adams,5805028000035788728,Inbound,55.0,Received,,,False
5805028000038241141,2024-03-18 17:21:00,Amy Green,5805028000005608130,Missed,0.0,Missed,,,False
5805028000026254632,2024-01-16 15:11:00,Kevin Parker,5805028000016426244,Outbound,8.0,Attended Dialled,Completed,0.0,False
5805028000056824327,2024-06-21 14:11:00,Ulysses Adams,5805028000052115103,Outbound,5.0,Attended Dialled,Completed,0.0,False
5805028000012334178,2023-10-18 11:19:00,Mason Roberts,5805028000011906024,Outbound,2338.0,Attended Dialled,Completed,0.0,False
5805028000036395209,2024-03-09 10:45:00,Ben Hall,5805028000035602409,Outbound,142.0,Attended Dialled,Completed,0.0,False
5805028000023755130,2023-12-29 17:30:00,John Doe,5805028000014077165,Outbound,163.0,Attended Dialled,Completed,0.0,False
5805028000051402450,2024-05-23 15:15:00,Derek James,5805028000020431055,Outbound,108.0,Attended Dialled,Completed,0.0,False
5805028000032684127,2024-02-18 14:48:00,Quincy Vincent,5805028000026042160,Outbound,0.0,Unattended Dialled,Completed,0.0,False
5805028000045703361,2024-04-23 12:13:00,Quincy Vincent,5805028000045442461,Outbound,918.0,Attended Dialled,Completed,0.0,False
5805028000017930581,2023-11-20 17:29:00,John Doe,5805028000011223073,Outbound,411.0,Attended Dialled,Completed,0.0,False
5805028000016487001,2023-11-10 19:20:00,Jane Smith,5805028000010413526,Outbound,0.0,Unattended Dialled,Completed,0.0,False
5805028000034232229,2024-02-26 17:37:00,Quincy Vincent,5805028000026249044,Outbound,1298.0,Attended Dialled,Completed,0.0,False
5805028000032869083,2024-02-19 17:19:00,Amy Green,5805028000020572249,Outbound,0.0,Unattended Dialled,Completed,0.0,False
5805028000016837127,2023-11-14 15:25:00,John Doe,5805028000004729127,Outbound,138.0,Attended Dialled,Completed,0.0,False
5805028000048956028,2024-05-08 17:26:00,Derek James,5805028000027714096,Outbound,5.0,Attended Dialled,Completed,0.0,False
5805028000026319119,2024-01-16 19:21:00,Xander Dean,5805028000026033329,Outbound,5.0,Attended Dialled,Completed,0.0,False
5805028000025856437,2024-01-12 17:42:00,Ulysses Adams,5805028000016748004,Outbound,4.0,Attended Dialled,Completed,0.0,False
5805028000042079096,2024-04-05 17:22:00,Kevin Parker,5805028000034928592,Outbound,55.0,Attended Dialled,Completed,0.0,False
5805028000028006503,2024-01-24 12:26:00,Paula Underwood,5805028000008246201,Outbound,26.0,Attended Dialled,Completed,0.0,False
5805028000046690161,2024-04-26 10:35:00,Amy Green,5805028000045339956,Outbound,14.0,Attended Dialled,Completed,0.0,False
5805028000030458139,2024-02-06 19:49:00,Yara Edwards,5805028000028005256,Outbound,5.0,Attended Dialled,Completed,0.0,False
5805028000042825759,2024-04-10 16:01:00,Derek James,5805028000031970016,Outbound,79.0,Attended Dialled,Completed,0.0,False
5805028000019935432,2023-12-06 18:59:00,John Doe,5805028000015169885,Outbound,25.0,Attended Dialled,Completed,0.0,False
5805028000008801176,2023-09-24 10:14:00,Diana Evans,5805028000006638037,Outbound,6.0,Attended Dialled,Completed,0.0,False
5805028000009566276,2023-09-30 15:55:00,Charlie Davis,5805028000009548379,Outbound,0.0,Unattended Dialled,Completed,0.0,False
5805028000010421849,2023-10-08 14:13:00,Kevin Parker,5805028000010428390,Outbound,1505.0,Attended Dialled,Completed,0.0,False
5805028000050976319,2024-05-21 14:52:00,Yara Edwards,5805028000050812781,Outbound,15.0,Attended Dialled,Completed,0.0,False
5805028000056703295,2024-06-20 16:46:00,Victor Barnes,5805028000002942557,Outbound,64.0,Attended Dialled,Completed,0.0,False
5805028000027197485,2024-01-19 17:49:00,Rachel White,5805028000026991242,Outbound,6.0,Attended Dialled,Completed,0.0,False
5805028000031795702,2024-02-14 14:48:00,Amy Green,5805028000031764759,Outbound,6.0,Attended Dialled,Completed,0.0,False
5805028000025058109,2024-01-09 11:01:00,Ian Miller,5805028000024880527,Outbound,596.0,Attended Dialled,Completed,0.0,False
5805028000026727121,2024-01-18 14:27:00,Ulysses Adams,5805028000017921187,Inbound,185.0,Received,,,False
5805028000024527300,2024-01-05 17:14:00,Ulysses Adams,5805028000024503077,Outbound,1220.0,Attended Dialled,Completed,0.0,False
5805028000020652029,2023-12-11 10:14:00,John Doe,5805028000005154088,Missed,0.0,Missed,,,False
5805028000048348470,2024-05-06 13:29:00,Derek James,5805028000043617411,Outbound,192.0,Attended Dialled,Completed,0.0,False
5805028000043868707,2024-04-15 18:06:00,Kevin Parker,5805028000022490013,Outbound,47.0,Attended Dialled,Completed,0.0,False
5805028000050454155,2024-05-17 15:19:00,Paula Underwood,5805028000021407418,Outbound,6.0,Attended Dialled,Completed,0.0,False
5805028000020572346,2023-12-10 20:31:00,Quincy Vincent,5805028000020583036,Outbound,80.0,Attended Dialled,Completed,0.0,False
5805028000015573498,2023-11-07 10:20:00,Mason Roberts,5805028000015531001,Outbound,17.0,Attended Dialled,Completed,0.0,False
5805028000017216518,2023-11-16 17:05:00,John Doe,5805028000009362403,Outbound,4.0,Attended Dialled,Completed,0.0,False
5805028000014270317,2023-10-30 13:29:00,Mason Roberts,5805028000012216007,Outbound,7.0,Attended Dialled,Completed,0.0,False
5805028000052384669,2024-05-29 17:16:00,Charlie Davis,5805028000050812781,Missed,0.0,Missed,,,False
5805028000020657113,2023-12-11 10:13:00,John Doe,5805028000005154088,Missed,0.0,Missed,,,False
5805028000034886292,2024-02-28 16:45:00,Amy Green,5805028000030487775,Outbound,22.0,Attended Dialled,Completed,0.0,False
5805028000030284255,2024-02-06 11:08:00,John Doe,5805028000026991242,Outbound,4.0,Attended Dialled,Completed,0.0,False
5805028000051092426,2024-05-22 12:27:00,Ulysses Adams,5805028000024196099,Outbound,29.0,Attended Dialled,Completed,0.0,False
5805028000051234209,2024-05-22 19:50:00,Yara Edwards,5805028000051239181,Outbound,8.0,Attended Dialled,Completed,0.0,False
5805028000031108388,2024-02-09 15:42:00,Amy Green,5805028000031077461,Outbound,392.0,Attended Dialled,Completed,0.0,False
5805028000051519118,2024-05-23 17:01:00,Julia Nelson,5805028000004306212,Outbound,170.0,Attended Dialled,Completed,0.0,False
5805028000045442342,2024-04-22 13:34:00,Ulysses Adams,5805028000045327884,Outbound,1573.0,Attended Dialled,Completed,0.0,False
5805028000034440046,2024-02-27 10:31:00,Nina Scott,5805028000033413110,Outbound,393.0,Attended Dialled,Completed,0.0,False
5805028000032063117,2024-02-15 10:22:00,John Doe,5805028000027430193,Outbound,83.0,Attended Dialled,Completed,0.0,False
5805028000014174377,2023-10-29 13:55:00,Mason Roberts,5805028000013440270,Outbound,0.0,Unattended Dialled,Completed,0.0,False
5805028000047234150,2024-04-29 13:13:00,Victor Barnes,5805028000045564309,Outbound,71.0,Attended Dialled,Completed,0.0,False
5805028000043123862,2024-04-11 14:37:00,Ulysses Adams,5805028000033528294,Outbound,26.0,Attended Dialled,Completed,0.0,False
5805028000018584974,2023-11-25 14:24:00,Nina Scott,5805028000016957854,Outbound,0.0,Unattended Dialled,Completed,0.0,False
5805028000017554247,2023-11-17 16:00:00,Diana Evans,5805028000016748004,Outbound,60.0,Attended Dialled,Completed,0.0,False
5805028000045112786,2024-04-19 18:39:00,Derek James,5805028000042294555,Outbound,22.0,Attended Dialled,Completed,0.0,False
5805028000028179990,2024-01-25 17:27:00,Yara Edwards,5805028000028142600,Outbound,783.0,Attended Dialled,Completed,0.0,False
5805028000041944961,2024-04-05 18:02:00,Ulysses Adams,5805028000041626270,Outbound,4.0,Attended Dialled,Completed,0.0,False
5805028000047727797,2024-05-02 19:19:00,Cara Iverson,5805028000042449229,Outbound,12.0,Attended Dialled,Completed,0.0,False
5805028000043113628,2024-04-11 15:13:00,Ulysses Adams,5805028000033528294,Outbound,121.0,Attended Dialled,Completed,0.0,False
5805028000049797357,2024-05-13 19:03:00,Victor Barnes,5805028000046314814,Outbound,330.0,Attended Dialled,Completed,0.0,False
5805028000021592964,2023-12-16 12:56:00,Ian Miller,5805028000021535589,Outbound,6.0,Attended Dialled,Completed,0.0,False
5805028000045976755,2024-04-24 13:18:00,Charlie Davis,5805028000037561700,Outbound,229.0,Attended Dialled,Completed,0.0,False
5805028000056833343,2024-06-21 13:52:00,Kevin Parker,5805028000018583738,Outbound,57.0,Attended Dialled,Completed,0.0,False
5805028000025300602,2024-01-10 15:15:00,Ulysses Adams,5805028000007866898,Outbound,6.0,Attended Dialled,Completed,0.0,False
5805028000032291295,2024-02-16 11:25:00,Charlie Davis,5805028000007846891,Missed,0.0,Missed,,,False
5805028000032760416,2024-02-19 12:03:00,John Doe,5805028000028545340,Outbound,84.0,Attended Dialled,Completed,0.0,False
5805028000005261655,2023-08-21 17:18:00,Diana Evans,5805028000005026234,Outbound,8.0,Attended Dialled,Completed,0.0,False
5805028000037054268,2024-03-12 16:18:00,Nina Scott,5805028000036840378,Outbound,562.0,Attended Dialled,Completed,0.0,False
5805028000047198755,2024-04-29 17:12:00,Julia Nelson,5805028000045393004,Outbound,348.0,Attended Dialled,Completed,0.0,False
5805028000043482066,2024-04-12 09:19:00,Quincy Vincent,5805028000036006065,Missed,0.0,Missed,,,False
5805028000006369238,2023-08-31 13:33:00,Jane Smith,5805028000001880249,Missed,0.0,Missed,,,False
5805028000044828597,2024-04-18 15:14:00,Quincy Vincent,5805028000043796506,Outbound,50.0,Attended Dialled,Completed,0.0,False
5805028000006962001,2023-09-07 10:06:00,Jane Smith,5805028000006946042,Outbound,0.0,Unattended Dialled,Completed,0.0,False
5805028000038735875,2024-03-20 15:10:00,John Doe,5805028000027199302,Outbound,31.0,Attended Dialled,Completed,0.0,False
5805028000037441035,2024-03-14 10:04:00,Nina Scott,5805028000036940235,Outbound,4.0,Attended Dialled,Completed,0.0,False
5805028000021453044,2023-12-14 17:20:00,Diana Evans,5805028000013751184,Outbound,161.0,Attended Dialled,Completed,0.0,False
5805028000025982108,2024-01-13 16:25:00,Nina Scott,5805028000025817526,Outbound,102.0,Attended Dialled,Completed,0.0,False
5805028000003554172,2023-08-01 13:53:00,Diana Evans,5805028000003468691,Outbound,900.0,Attended Dialled,Completed,0.0,False
5805028000031383777,2024-02-12 11:59:00,Amy Green,5805028000031354796,Outbound,15.0,Attended Dialled,Completed,0.0,False
5805028000003794171,2023-08-04 18:59:00,Diana Evans,5805028000003597256,Inbound,2099.0,Received,,,False
5805028000030443596,2024-02-07 13:25:00,Victor Barnes,5805028000029937990,Outbound,34.0,Attended Dialled,Completed,0.0,False
5805028000039532244,2024-03-24 11:01:00,Yara Edwards,5805028000038526596,Outbound,490.0,Attended Dialled,Completed,0.0,False
5805028000013173732,2023-10-23 11:58:00,Ian Miller,5805028000008647458,Outbound,6.0,Attended Dialled,Completed,0.0,False
5805028000026097221,2024-01-15 17:39:00,John Doe,5805028000023508030,Missed,0.0,Missed,,,False
5805028000028021316,2024-01-24 10:22:00,John Doe,5805028000013653076,Outbound,321.0,Attended Dialled,Completed,0.0,False
5805028000054792867,2024-06-12 16:29:00,Kevin Parker,5805028000020583465,Outbound,5.0,Attended Dialled,Completed,0.0,False
5805028000055191592,2024-06-14 10:40:00,Ben Hall,5805028000016630514,Outbound,103.0,Attended Dialled,Completed,0.0,False
5805028000028339831,2024-01-26 12:00:00,Victor Barnes,5805028000021705433,Outbound,24.0,Attended Dialled,Completed,0.0,False
5805028000026367004,2024-01-17 13:05:00,Julia Nelson,5805028000016931091,Outbound,114.0,Attended Dialled,Completed,0.0,False
5805028000053774170,2024-06-06 15:57:00,Paula Underwood,5805028000053370503,Outbound,11.0,Attended Dialled,Completed,0.0,False
5805028000003830025,2023-08-04 15:45:00,Diana Evans,5805028000003695181,Outbound,0.0,Unattended Dialled,Completed,0.0,False
5805028000032411151,2024-02-16 13:59:00,Paula Underwood,5805028000025297476,Outbound,0.0,Unattended Dialled,Completed,0.0,False
5805028000008035254,2023-09-19 12:10:00,Diana Evans,5805028000007866898,Outbound,136.0,Attended Dialled,Completed,0.0,False
5805028000050395152,2024-05-17 10:10:00,Ulysses Adams,5805028000005783053,Outbound,8.0,Attended Dialled,Completed,0.0,False
5805028000052178491,2024-05-28 14:49:00,Ulysses Adams,5805028000004306212,Outbound,0.0,Unattended Dialled,Completed,0.0,False
5805028000017715220,2023-11-19 10:57:00,Mason Roberts,5805028000017646690,Outbound,6.0,Attended Dialled,Completed,0.0,False
5805028000042156429,2024-04-06 12:24:00,Cara Iverson,5805028000042108209,Outbound,27.0,Attended Dialled,Completed,0.0,False
5805028000040519888,2024-03-30 16:21:00,Yara Edwards,5805028000040588377,Outbound,40.0,Attended Dialled,Completed,0.0,False
5805028000025289406,2024-01-10 16:57:00,Ian Miller,5805028000025202328,Outbound,47.0,Attended Dialled,Completed,0.0,False
5805028000022513018,2023-12-21 10:11:00,Charlie Davis,5805028000015201019,Outbound,21.0,Attended Dialled,Completed,0.0,False
5805028000019733474,2023-12-05 14:22:00,Paula Underwood,5805028000019410072,Outbound,5.0,Attended Dialled,Completed,0.0,False
5805028000051680180,2024-05-24 17:22:00,Derek James,5805028000051097449,Inbound,348.0,Received,,,False
5805028000034712446,2024-02-28 12:36:00,Nina Scott,5805028000031970016,Missed,0.0,Missed,,,False
5805028000016418040,2023-11-10 15:53:00,Diana Evans,5805028000013751184,Outbound,4.0,Attended Dialled,Completed,0.0,False
5805028000007995046,2023-09-18 14:06:00,John Doe,5805028000007855880,Missed,0.0,Missed,,,False
5805028000032736390,2024-02-19 12:01:00,John Doe,5805028000028545340,Outbound,69.0,Attended Dialled,Completed,0.0,False
5805028000029404085,2024-01-31 16:51:00,John Doe,5805028000024533812,Outbound,5.0,Attended Dialled,Completed,0.0,False
5805028000021541550,2023-12-15 15:41:00,Rachel White,5805028000001799001,Outbound,5.0,Attended Dialled,Completed,0.0,False
5805028000042697390,2024-04-09 16:19:00,Nina Scott,5805028000025977233,Outbound,5.0,Attended Dialled,Completed,0.0,False
5805028000056357089,2024-06-19 12:04:00,Nina Scott,5805028000052664769,Missed,0.0,Missed,,,False
5805028000052170637,2024-05-28 17:19:00,Julia Nelson,5805028000026235210,Outbound,100.0,Attended Dialled,Completed,0.0,False
5805028000051398163,2024-05-23 12:33:00,Julia Nelson,5805028000051239181,Outbound,5.0,Attended Dialled,Completed,0.0,False
5805028000053262933,2024-06-04 13:14:00,Kevin Parker,5805028000045358207,Outbound,782.0,Attended Dialled,Completed,0.0,False
5805028000033264274,2024-02-21 16:58:00,Amy Green,5805028000032963053,Outbound,14.0,Attended Dialled,Completed,0.0,False
5805028000050006714,2024-05-15 09:55:00,Yara Edwards,5805028000050001350,Outbound,0.0,Unattended Dialled,Completed,0.0,False
5805028000037281233,2024-03-13 17:03:00,Kevin Parker,5805028000032413100,Missed,0.0,Missed,,,False
5805028000045230729,2024-04-20 17:31:00,Ulysses Adams,5805028000011757347,Outbound,175.0,Attended Dialled,Completed,0.0,False
5805028000007381165,2023-09-13 13:17:00,Charlie Davis,5805028000005438064,Inbound,636.0,Received,,,False
5805028000042451488,2024-04-08 17:04:00,Amy Green,5805028000008801381,Outbound,0.0,Unattended Dialled,Completed,0.0,False
5805028000010426155,2023-10-06 17:38:00,Ian Miller,5805028000010281345,Outbound,6.0,Attended Dialled,Completed,0.0,False
5805028000030349054,2024-02-06 16:14:00,Quincy Vincent,5805028000026258683,Outbound,7.0,Attended Dialled,Completed,0.0,False
5805028000038221868,2024-03-19 12:26:00,Kevin Parker,5805028000032701078,Outbound,67.0,Attended Dialled,Completed,0.0,False
5805028000017905488,2023-11-20 19:04:00,Nina Scott,5805028000017105108,Outbound,0.0,Unattended Dialled,Completed,0.0,False
5805028000025427003,2024-01-10 20:54:00,Victor Barnes,5805028000023276021,Outbound,16.0,Attended Dialled,Completed,0.0,False
5805028000048203488,2024-05-05 11:51:00,Yara Edwards,5805028000009891025,Outbound,1219.0,Attended Dialled,Completed,0.0,False
5805028000022165168,2023-12-19 15:26:00,Nina Scott,5805028000021538901,Outbound,499.0,Attended Dialled,Completed,0.0,False
5805028000034166185,2024-02-26 13:51:00,Ulysses Adams,5805028000029239515,Outbound,267.0,Attended Dialled,Completed,0.0,False
5805028000014786036,2023-11-01 12:24:00,Ian Miller,5805028000012216007,Outbound,8.0,Attended Dialled,Completed,0.0,False
5805028000017732653,2023-11-19 15:24:00,Jane Smith,5805028000015309204,Outbound,0.0,Unattended Dialled,Completed,0.0,False
5805028000046178018,2024-04-24 15:35:00,Charlie Davis,5805028000042454851,Outbound,4.0,Attended Dialled,Completed,0.0,False
5805028000039948068,2024-03-26 16:33:00,Ulysses Adams,5805028000038721300,Outbound,15.0,Attended Dialled,Completed,0.0,False
5805028000047529265,2024-04-30 17:25:00,Amy Green,5805028000046989560,Outbound,16.0,Attended Dialled,Completed,0.0,False
5805028000010755013,2023-10-10 13:10:00,Diana Evans,5805028000010515033,Outbound,1214.0,Attended Dialled,Completed,0.0,False
5805028000019105063,2023-11-29 11:35:00,Kevin Parker,5805028000018154673,Outbound,79.0,Attended Dialled,Completed,0.0,False
5805028000029952059,2024-02-02 18:28:00,Victor Barnes,5805028000028437096,Outbound,213.0,Attended Dialled,Completed,0.0,False
5805028000020305181,2023-12-08 10:27:00,Charlie Davis,5805028000015996001,Outbound,451.0,Attended Dialled,Completed,0.0,False
5805028000048952534,2024-05-09 11:39:00,Victor Barnes,5805028000048975342,Outbound,895.0,Attended Dialled,Completed,0.0,False
5805028000016630349,2023-11-13 18:12:00,Diana Evans,5805028000003959027,Outbound,212.0,Attended Dialled,Completed,0.0,False
5805028000021566118,2023-12-15 10:58:00,Kevin Parker,5805028000018716003,Outbound,75.0,Attended Dialled,Completed,0.0,False
5805028000023328355,2023-12-27 16:34:00,Nina Scott,5805028000023302373,Outbound,888.0,Attended Dialled,Completed,0.0,False
5805028000025835013,2024-01-12 11:40:00,Victor Barnes,5805028000025310987,Outbound,1299.0,Attended Dialled,Completed,0.0,False
5805028000037416009,2024-03-14 10:02:00,Charlie Davis,5805028000030831549,Outbound,52.0,Attended Dialled,Completed,0.0,False
5805028000041455201,2024-04-03 16:23:00,Nina Scott,5805028000017367197,Outbound,111.0,Attended Dialled,Completed,0.0,False
5805028000006535322,2023-09-02 13:34:00,Jane Smith,5805028000002150769,Outbound,0.0,Unattended Dialled,Completed,0.0,False
5805028000046178256,2024-04-24 17:11:00,Derek James,5805028000035602743,Outbound,327.0,Attended Dialled,Completed,0.0,False
5805028000040106125,2024-03-27 16:45:00,Charlie Davis,5805028000028154757,Outbound,8.0,Attended Dialled,Completed,0.0,False
5805028000050022855,2024-05-15 14:46:00,Kevin Parker,5805028000035162605,Outbound,61.0,Attended Dialled,Completed,0.0,False
5805028000052097001,2024-05-27 16:27:00,Kevin Parker,5805028000028006930,Outbound,4.0,Attended Dialled,Completed,0.0,False
5805028000019407469,2023-12-01 18:17:00,Paula Underwood,5805028000018811232,Outbound,10.0,Attended Dialled,Completed,0.0,False
5805028000022543018,2023-12-21 10:13:00,Nina Scott,5805028000022248442,Outbound,1006.0,Attended Dialled,Completed,0.0,False
5805028000013658119,2023-10-25 15:44:00,John Doe,5805028000008689210,Outbound,0.0,Unattended Dialled,Completed,0.0,False
5805028000004111101,2023-08-08 12:45:00,Diana Evans,5805028000003597256,Outbound,398.0,Attended Dialled,Completed,0.0,False
5805028000037728197,2024-03-15 13:20:00,Victor Barnes,5805028000035059171,Outbound,34.0,Attended Dialled,Completed,0.0,False
5805028000035486716,2024-03-04 13:35:00,Amy Green,5805028000024502945,Outbound,15.0,Attended Dialled,Completed,0.0,False
5805028000048956004,2024-05-08 17:11:00,Yara Edwards,5805028000047706882,Outbound,5.0,Attended Dialled,Completed,0.0,False
5805028000017729199,2023-11-19 11:44:00,Jane Smith,5805028000017753123,Outbound,7.0,Attended Dialled,Completed,0.0,False
5805028000036706090,2024-03-11 10:27:00,Ulysses Adams,5805028000036004356,Outbound,1388.0,Attended Dialled,Completed,0.0,False
5805028000050859467,2024-05-20 14:16:00,Amy Green,5805028000050827399,Outbound,588.0,Attended Dialled,Completed,0.0,False
5805028000022527305,2023-12-21 14:43:00,Paula Underwood,5805028000022310029,Outbound,9.0,Attended Dialled,Completed,0.0,False
5805028000046334915,2024-04-25 15:34:00,Derek James,5805028000035788728,Outbound,5.0,Attended Dialled,Completed,0.0,False
5805028000055831277,2024-06-17 13:02:00,Kevin Parker,5805028000050006665,Outbound,518.0,Attended Dialled,Completed,0.0,False
5805028000038388301,2024-03-19 17:06:00,Cara Iverson,5805028000038235491,Outbound,1.0,Attended Dialled,Completed,0.0,False
5805028000009548454,2023-09-30 16:07:00,Jane Smith,5805028000009580061,Outbound,6.0,Attended Dialled,Completed,0.0,False
5805028000053565757,2024-06-05 14:31:00,Eva Kent,5805028000052664769,Outbound,2000.0,Attended Dialled,Completed,0.0,False
5805028000037534289,2024-03-14 16:02:00,Julia Nelson,5805028000037293210,Outbound,2758.0,Attended Dialled,Completed,0.0,False
5805028000038730582,2024-03-20 14:06:00,Yara Edwards,5805028000037505658,Outbound,0.0,Unattended Dialled,Completed,0.0,False
5805028000009547436,2023-09-30 12:57:00,Charlie Davis,5805028000009360523,Outbound,182.0,Attended Dialled,Completed,0.0,False
5805028000052021112,2024-05-27 15:08:00,Paula Underwood,5805028000023544260,Outbound,0.0,Unattended Dialled,Completed,0.0,False
5805028000054293384,2024-06-10 15:14:00,Ian Miller,5805028000054300335,Outbound,12.0,Attended Dialled,Completed,0.0,False
5805028000021702672,2023-12-17 19:35:00,Sam Young,5805028000021694290,Outbound,6.0,Attended Dialled,Completed,0.0,False
5805028000027994895,2024-01-24 16:46:00,John Doe,5805028000013778159,Outbound,147.0,Attended Dialled,Completed,0.0,False
5805028000032869324,2024-02-19 18:20:00,Ian Miller,5805028000032775725,Outbound,345.0,Attended Dialled,Completed,0.0,False
5805028000037039163,2024-03-12 13:17:00,Yara Edwards,5805028000013957186,Outbound,272.0,Attended Dialled,Completed,0.0,False
5805028000044034358,2024-04-16 13:05:00,Cara Iverson,5805028000043843419,Outbound,0.0,Unattended Dialled,Completed,0.0,False
5805028000007087299,2023-09-09 17:47:00,Jane Smith,5805028000006547316,Outbound,0.0,Unattended Dialled,Completed,0.0,False
5805028000032789200,2024-02-19 11:19:00,Ian Miller,5805028000032690241,Outbound,441.0,Attended Dialled,Completed,0.0,False
5805028000011071054,2023-10-11 15:21:00,John Doe,5805028000002771017,Outbound,861.0,Attended Dialled,Completed,0.0,False
5805028000043468690,2024-04-12 13:59:00,Victor Barnes,5805028000042682985,Outbound,465.0,Attended Dialled,Completed,0.0,False
5805028000033136784,2024-02-21 10:51:00,Ulysses Adams,5805028000032576117,Outbound,2322.0,Attended Dialled,Completed,0.0,False
5805028000021279617,2023-12-14 11:00:00,Kevin Parker,5805028000018758079,Outbound,59.0,Attended Dialled,Completed,0.0,False
5805028000001805140,2023-07-14 12:01:00,Alice Johnson,5805028000001404153,Outbound,11.0,Attended Dialled,Completed,0.0,False
5805028000031059011,2024-02-09 09:41:00,Nina Scott,5805028000030641380,Missed,0.0,Missed,,,False
5805028000036125417,2024-03-07 18:55:00,Yara Edwards,5805028000035059171,Outbound,276.0,Attended Dialled,Completed,0.0,False
5805028000018822625,2023-11-27 17:15:00,Kevin Parker,5805028000006620232,Outbound,44.0,Attended Dialled,Completed,0.0,False
5805028000052672013,2024-05-30 13:48:00,Quincy Vincent,5805028000051528565,Outbound,8.0,Attended Dialled,Completed,0.0,False
5805028000001993068,2023-07-17 16:17:00,Alice Johnson,5805028000001812161,Outbound,0.0,Unattended Dialled,Completed,0.0,False
5805028000053111777,2024-06-03 10:32:00,Amy Green,5805028000039785065,Outbound,15.0,Attended Dialled,Completed,0.0,False
5805028000006299008,2023-08-30 12:02:00,Diana Evans,5805028000005999144,Outbound,1095.0,Attended Dialled,Completed,0.0,False
5805028000013569256,2023-10-25 11:50:00,John Doe,5805028000004705195,Outbound,545.0,Attended Dialled,Completed,0.0,False
5805028000024157048,2024-01-03 11:07:00,Julia Nelson,5805028000022785013,Outbound,5.0,Attended Dialled,Completed,0.0,False
5805028000018560790,2023-11-24 14:18:00,Paula Underwood,5805028000018573494,Outbound,1613.0,Attended Dialled,Completed,0.0,False
5805028000052797474,2024-05-31 12:43:00,Amy Green,5805028000052665947,Outbound,266.0,Attended Dialled,Completed,0.0,False
5805028000041217224,2024-04-02 15:37:00,Paula Underwood,5805028000019430168,Outbound,126.0,Attended Dialled,Completed,0.0,False
5805028000028997209,2024-01-30 16:55:00,Yara Edwards,5805028000028006930,Outbound,435.0,Attended Dialled,Completed,0.0,False
5805028000028411336,2024-01-26 14:55:00,John Doe,5805028000015996001,Inbound,585.0,Received,,,False
5805028000031072135,2024-02-09 13:02:00,Julia Nelson,5805028000014092677,Outbound,6.0,Attended Dialled,Completed,0.0,False
5805028000019714897,2023-12-05 16:41:00,Paula Underwood,5805028000010188233,Inbound,150.0,Received,,,False
5805028000050827247,2024-05-20 11:12:00,Amy Green,5805028000050862183,Outbound,359.0,Attended Dialled,Completed,0.0,False
5805028000051383218,2024-05-23 13:08:00,Victor Barnes,5805028000022945582,Outbound,0.0,Unattended Dialled,Completed,0.0,False
5805028000038235681,2024-03-19 12:59:00,Cara Iverson,5805028000028235742,Outbound,0.0,Unattended Dialled,Completed,0.0,False
5805028000023670356,2023-12-29 13:37:00,Ian Miller,5805028000008783181,Outbound,0.0,Unattended Dialled,Completed,0.0,False
5805028000028295541,2024-01-26 08:55:00,John Doe,5805028000008246089,Inbound,57.0,Received,,,False
5805028000045586146,2024-04-22 17:29:00,Julia Nelson,5805028000011088133,Outbound,4.0,Attended Dialled,Completed,0.0,False
5805028000013268108,2023-10-23 11:18:00,Ian Miller,5805028000008246201,Outbound,0.0,Unattended Dialled,Completed,0.0,False
5805028000049562443,2024-05-12 19:03:00,Victor Barnes,5805028000049432632,Outbound,86.0,Attended Dialled,Completed,0.0,False
5805028000052658312,2024-05-30 16:55:00,Ulysses Adams,5805028000026130607,Outbound,4.0,Attended Dialled,Completed,0.0,False
5805028000021115255,2023-12-12 17:13:00,Charlie Davis,5805028000020740523,Outbound,24.0,Attended Dialled,Completed,0.0,False
5805028000006345202,2023-08-31 09:58:00,Diana Evans,5805028000006093001,Outbound,0.0,Unattended Dialled,Completed,0.0,False
5805028000026751107,2024-01-18 13:17:00,Xander Dean,5805028000026600204,Outbound,278.0,Attended Dialled,Completed,0.0,False
5805028000013673124,2023-10-25 16:43:00,Julia Nelson,5805028000011931130,Outbound,5.0,Attended Dialled,Completed,0.0,False
5805028000018817363,2023-11-27 12:03:00,Jane Smith,5805028000013653076,Outbound,5.0,Attended Dialled,Completed,0.0,False
5805028000031548361,2024-02-13 09:23:00,Ulysses Adams,5805028000031509418,Outbound,5.0,Attended Dialled,Completed,0.0,False
5805028000046323015,2024-04-24 18:20:00,Ben Hall,5805028000040212085,Outbound,9.0,Attended Dialled,Completed,0.0,False
5805028000015597671,2023-11-07 10:36:00,Charlie Davis,5805028000015193616,Outbound,202.0,Attended Dialled,Completed,0.0,False
5805028000029720153,2024-02-02 09:32:00,Charlie Davis,5805028000028545340,Outbound,237.0,Attended Dialled,Completed,0.0,False
5805028000043846819,2024-04-15 13:01:00,Derek James,5805028000018309225,Outbound,565.0,Attended Dialled,Completed,0.0,False
5805028000030069346,2024-02-04 12:53:00,Quincy Vincent,5805028000029151008,Outbound,2977.0,Attended Dialled,Completed,0.0,False
5805028000017073040,2023-11-15 16:53:00,Mason Roberts,5805028000016929226,Outbound,40.0,Attended Dialled,Completed,0.0,False
5805028000028042278,2024-01-24 10:51:00,Ulysses Adams,5805028000054755989,Outbound,33.0,Attended Dialled,Completed,0.0,False
5805028000028424233,2024-01-26 14:43:00,Zachary Foster,5805028000026228533,Outbound,47.0,Attended Dialled,Completed,0.0,False
5805028000043852685,2024-04-15 12:55:00,Kevin Parker,5805028000042312463,Outbound,5.0,Attended Dialled,Completed,0.0,False
5805028000032064663,2024-02-15 15:01:00,Kevin Parker,5805028000012455050,Outbound,7.0,Attended Dialled,Completed,0.0,False
5805028000043281192,2024-04-11 17:58:00,Ben Hall,5805028000043018499,Outbound,8.0,Attended Dialled,Completed,0.0,False
5805028000048366145,2024-05-06 10:15:00,Derek James,5805028000015830046,Outbound,7.0,Attended Dialled,Completed,0.0,False
5805028000044883630,2024-04-18 17:59:00,Julia Nelson,5805028000044668979,Outbound,1024.0,Attended Dialled,Completed,0.0,False
5805028000011771400,2023-10-16 11:29:00,John Doe,5805028000008689210,Outbound,81.0,Attended Dialled,Completed,0.0,False
5805028000046479073,2024-04-25 16:54:00,Julia Nelson,5805028000046207189,Outbound,908.0,Attended Dialled,Completed,0.0,False
5805028000041342500,2024-04-03 10:44:00,Ulysses Adams,5805028000040060117,Outbound,76.0,Attended Dialled,Completed,0.0,False
5805028000016409178,2023-11-10 18:19:00,Diana Evans,5805028000014293128,Outbound,53.0,Attended Dialled,Completed,0.0,False
5805028000043861696,2024-04-15 17:45:00,Cara Iverson,5805028000042271494,Outbound,8.0,Attended Dialled,Completed,0.0,False
5805028000050034302,2024-05-14 20:03:00,Cara Iverson,5805028000042449229,Outbound,3.0,Attended Dialled,Completed,0.0,False
5805028000034011995,2024-02-26 11:43:00,Ian Miller,5805028000033681049,Inbound,190.0,Received,,,False
5805028000004512274,2023-08-11 15:20:00,Charlie Davis,5805028000004488175,Outbound,74.0,Attended Dialled,Completed,0.0,False
5805028000028164290,2024-01-25 11:27:00,Kevin Parker,5805028000019629158,Outbound,538.0,Attended Dialled,Completed,0.0,False
5805028000052658013,2024-05-30 13:40:00,Nina Scott,5805028000052391815,Outbound,7.0,Attended Dialled,Completed,0.0,False
5805028000006298062,2023-08-30 11:46:00,Jane Smith,5805028000006308001,Outbound,1118.0,Attended Dialled,Completed,0.0,False
5805028000048377435,2024-05-06 14:32:00,Ian Miller,5805028000048225948,Outbound,7.0,Attended Dialled,Completed,0.0,False
5805028000033112078,2024-02-20 18:00:00,Yara Edwards,5805028000005852680,Outbound,0.0,Unattended Dialled,Completed,0.0,False
5805028000041603446,2024-04-04 11:30:00,Ben Hall,5805028000040571517,Outbound,0.0,Unattended Dialled,Completed,0.0,False
5805028000005833059,2023-08-25 14:19:00,Charlie Davis,5805028000005697182,Outbound,4.0,Attended Dialled,Completed,0.0,False
5805028000027624013,2024-01-22 10:47:00,John Doe,5805028000016426244,Outbound,119.0,Attended Dialled,Completed,0.0,False
5805028000043119875,2024-04-11 16:30:00,Kevin Parker,5805028000039653600,Outbound,7.0,Attended Dialled,Completed,0.0,False
5805028000009230461,2023-09-28 14:50:00,George King,5805028000008757987,Missed,0.0,Missed,,,False
5805028000035597859,2024-03-05 12:14:00,Ben Hall,5805028000016630514,Outbound,180.0,Attended Dialled,Completed,0.0,False
5805028000013551096,2023-10-25 09:35:00,Jane Smith,5805028000007855880,Missed,0.0,Missed,,,False
5805028000012446025,2023-10-18 18:57:00,Jane Smith,5805028000012259131,Outbound,96.0,Attended Dialled,Completed,0.0,False
5805028000047816130,2024-05-03 11:04:00,Derek James,5805028000040258730,Outbound,86.0,Attended Dialled,Completed,0.0,False
5805028000011232085,2023-10-12 12:41:00,John Doe,5805028000002719033,Outbound,4.0,Attended Dialled,Completed,0.0,False
5805028000038735713,2024-03-20 14:03:00,John Doe,5805028000019750398,Outbound,244.0,Attended Dialled,Completed,0.0,False
5805028000007557165,2023-09-14 10:46:00,Charlie Davis,5805028000004705195,Inbound,1490.0,Received,,,False
5805028000008553164,2023-09-22 13:35:00,John Doe,5805028000003329100,Outbound,6.0,Attended Dialled,Completed,0.0,False
5805028000009561266,2023-09-30 11:07:00,Diana Evans,5805028000002150769,Outbound,0.0,Unattended Dialled,Completed,0.0,False
5805028000020308179,2023-12-08 10:24:00,Diana Evans,5805028000020315018,Outbound,52.0,Attended Dialled,Completed,0.0,False
5805028000034431932,2024-02-27 14:53:00,John Doe,5805028000006016001,Outbound,784.0,Attended Dialled,Completed,0.0,False
5805028000020162095,2023-12-07 13:47:00,Julia Nelson,5805028000020150102,Outbound,0.0,Unattended Dialled,Completed,0.0,False
5805028000038210904,2024-03-19 13:42:00,Ian Miller,5805028000034891733,Outbound,77.0,Attended Dialled,Completed,0.0,False
5805028000018379045,2023-11-22 14:34:00,Diana Evans,5805028000017950522,Outbound,4.0,Attended Dialled,Completed,0.0,False
5805028000055464487,2024-06-15 18:01:00,Ben Hall,5805028000055503302,Outbound,2704.0,Attended Dialled,Completed,0.0,False
5805028000041896880,2024-04-05 14:28:00,Paula Underwood,5805028000005670016,Outbound,0.0,Unattended Dialled,Completed,0.0,False
5805028000045993804,2024-04-24 12:20:00,Yara Edwards,5805028000035157432,Inbound,102.0,Received,,,False
5805028000019313035,2023-11-30 14:52:00,John Doe,5805028000011913024,Outbound,181.0,Attended Dialled,Completed,0.0,False
5805028000018998999,2023-11-29 14:47:00,John Doe,5805028000015169885,Outbound,231.0,Attended Dialled,Completed,0.0,False
5805028000026863061,2024-01-18 16:12:00,Paula Underwood,5805028000023883193,Outbound,43.0,Attended Dialled,Completed,0.0,False
5805028000028002468,2024-01-24 11:52:00,Charlie Davis,5805028000028002386,Outbound,9.0,Attended Dialled,Completed,0.0,False
5805028000030623018,2024-02-07 15:56:00,Paula Underwood,5805028000003971539,Outbound,30.0,Attended Dialled,Completed,0.0,False
5805028000010426577,2023-10-07 17:18:00,Julia Nelson,5805028000010406522,Outbound,0.0,Unattended Dialled,Completed,0.0,False
5805028000044141060,2024-04-16 14:18:00,Yara Edwards,5805028000029952510,Outbound,4.0,Attended Dialled,Completed,0.0,False
5805028000008018524,2023-09-19 14:58:00,Diana Evans,5805028000003559433,Outbound,1190.0,Attended Dialled,Completed,0.0,False
5805028000004339088,2023-08-09 19:11:00,Charlie Davis,5805028000001348174,Outbound,9.0,Attended Dialled,Completed,0.0,False
5805028000053567290,2024-06-05 13:34:00,Quincy Vincent,5805028000045230778,Outbound,4.0,Attended Dialled,Completed,0.0,False
5805028000027633060,2024-01-22 11:59:00,Ulysses Adams,5805028000026035241,Outbound,4.0,Attended Dialled,Completed,0.0,False
5805028000019078677,2023-11-29 19:13:00,Nina Scott,5805028000018706062,Outbound,6.0,Attended Dialled,Completed,0.0,False
5805028000033874847,2024-02-24 18:35:00,Yara Edwards,5805028000007089425,Outbound,142.0,Attended Dialled,Completed,0.0,False
5805028000052799780,2024-05-31 15:26:00,Derek James,5805028000042700966,Outbound,105.0,Attended Dialled,Completed,0.0,False
5805028000050853477,2024-05-20 17:34:00,Victor Barnes,5805028000048364912,Outbound,0.0,Unattended Dialled,Completed,0.0,False
5805028000043096468,2024-04-11 14:33:00,Derek James,5805028000036620645,Outbound,5.0,Attended Dialled,Completed,0.0,False
5805028000050301148,2024-05-16 11:19:00,Victor Barnes,5805028000002897390,Outbound,42.0,Attended Dialled,Completed,0.0,False
5805028000017646159,2023-11-18 13:20:00,Jane Smith,5805028000017643101,Inbound,442.0,Received,,,False
5805028000022035479,2023-12-19 14:16:00,Quincy Vincent,5805028000012765088,Missed,0.0,Missed,,,False
5805028000004121713,2023-08-09 13:23:00,Diana Evans,5805028000004132505,Outbound,8.0,Attended Dialled,Completed,0.0,False
5805028000026500177,2024-01-17 17:27:00,Nina Scott,5805028000005153321,Missed,0.0,Missed,,,False
5805028000026882137,2024-01-18 17:21:00,Victor Barnes,5805028000024157352,Inbound,66.0,Received,,,False
5805028000056496064,2024-06-19 18:05:00,Paula Underwood,5805028000025424014,Outbound,9.0,Attended Dialled,Completed,0.0,False
5805028000015207562,2023-11-04 10:47:00,Julia Nelson,5805028000009361087,Outbound,94.0,Attended Dialled,Completed,0.0,False
5805028000054514581,2024-06-11 16:11:00,Cara Iverson,5805028000054446751,Outbound,12.0,Attended Dialled,Completed,0.0,False
5805028000005428278,2023-08-23 11:57:00,Charlie Davis,5805028000003957683,Outbound,225.0,Attended Dialled,Completed,0.0,False
5805028000012002199,2023-10-17 12:11:00,Charlie Davis,5805028000004581934,Missed,0.0,Missed,,,False
5805028000042673403,2024-04-09 15:38:00,Ian Miller,5805028000020642076,Outbound,10.0,Attended Dialled,Completed,0.0,False
5805028000042812851,2024-04-10 13:53:00,Victor Barnes,5805028000010414180,Outbound,263.0,Attended Dialled,Completed,0.0,False
5805028000041205559,2024-04-02 18:19:00,Amy Green,5805028000040534882,Outbound,14.0,Attended Dialled,Completed,0.0,False
5805028000043852836,2024-04-15 13:17:00,Kevin Parker,5805028000042461074,Outbound,70.0,Attended Dialled,Completed,0.0,False
5805028000047470253,2024-04-30 17:29:00,Amy Green,5805028000046989900,Outbound,208.0,Attended Dialled,Completed,0.0,False
5805028000046324281,2024-04-24 20:42:00,Derek James,5805028000028600516,Outbound,103.0,Attended Dialled,Completed,0.0,False
5805028000041525137,2024-04-03 17:40:00,Quincy Vincent,5805028000040664889,Outbound,2326.0,Attended Dialled,Completed,0.0,False
5805028000039011398,2024-03-21 13:00:00,Ulysses Adams,5805028000010515033,Outbound,13.0,Attended Dialled,Completed,0.0,False
5805028000027224315,2024-01-19 18:51:00,Quincy Vincent,5805028000020475577,Outbound,8.0,Attended Dialled,Completed,0.0,False
5805028000012334122,2023-10-18 11:13:00,John Doe,5805028000008689210,Outbound,0.0,Unattended Dialled,Completed,0.0,False
5805028000035995245,2024-03-06 19:57:00,Yara Edwards,5805028000035587392,Outbound,0.0,Unattended Dialled,Completed,0.0,False
5805028000033788175,2024-02-23 17:02:00,Julia Nelson,5805028000028005256,Outbound,10.0,Attended Dialled,Completed,0.0,False
5805028000019580656,2023-12-04 19:06:00,Quincy Vincent,5805028000016510407,Outbound,9.0,Attended Dialled,Completed,0.0,False
5805028000010606120,2023-10-09 15:06:00,Kevin Parker,5805028000009386657,Outbound,1612.0,Attended Dialled,Completed,0.0,False
5805028000056177469,2024-06-18 15:10:00,Quincy Vincent,5805028000002579006,Outbound,55.0,Attended Dialled,Completed,0.0,False
5805028000010017013,2023-10-04 18:31:00,Diana Evans,5805028000006633230,Outbound,279.0,Attended Dialled,Completed,0.0,False
5805028000021058763,2023-12-13 10:40:00,John Doe,5805028000017646690,Inbound,135.0,Received,,,False
5805028000029957553,2024-02-03 13:28:00,Yara Edwards,5805028000029802149,Outbound,244.0,Attended Dialled,Completed,0.0,False
5805028000025854931,2024-01-13 12:36:00,Charlie Davis,5805028000024515310,Outbound,0.0,Unattended Dialled,Completed,0.0,False
5805028000039399302,2024-03-22 18:11:00,Amy Green,5805028000039034367,Outbound,0.0,Unattended Dialled,Completed,0.0,False
5805028000027994548,2024-01-24 13:40:00,Paula Underwood,5805028000019608861,Missed,0.0,Missed,,,False
5805028000043878852,2024-04-15 19:16:00,Victor Barnes,5805028000041648001,Outbound,201.0,Attended Dialled,Completed,0.0,False
5805028000024290259,2024-01-04 12:30:00,Ulysses Adams,5805028000022524164,Outbound,39.0,Attended Dialled,Completed,0.0,False
5805028000049463909,2024-05-12 11:33:00,Victor Barnes,5805028000049429779,Outbound,23.0,Attended Dialled,Completed,0.0,False
5805028000046192001,2024-04-24 15:36:00,Kevin Parker,5805028000021694805,Inbound,75.0,Received,,,False
5805028000020057016,2023-12-07 10:49:00,Paula Underwood,5805028000019725662,Missed,0.0,Missed,,,False
5805028000029380274,2024-01-31 17:50:00,Quincy Vincent,5805028000001882098,Outbound,2185.0,Attended Dialled,Completed,0.0,False
5805028000026040003,2024-01-14 20:29:00,Quincy Vincent,5805028000025986282,Outbound,5.0,Attended Dialled,Completed,0.0,False
5805028000051862826,2024-05-27 11:06:00,Paula Underwood,5805028000035335717,Inbound,581.0,Received,,,False
5805028000027427800,2024-01-20 19:46:00,Quincy Vincent,5805028000026230703,Outbound,1090.0,Attended Dialled,Completed,0.0,False
5805028000052081003,2024-05-27 16:24:00,Cara Iverson,5805028000051875464,Outbound,4.0,Attended Dialled,Completed,0.0,False
5805028000025835093,2024-01-12 13:57:00,John Doe,5805028000018719284,Outbound,4.0,Attended Dialled,Completed,0.0,False
5805028000048716030,2024-05-07 18:43:00,Julia Nelson,5805028000040340336,Outbound,0.0,Unattended Dialled,Completed,0.0,False
5805028000017718685,2023-11-19 16:32:00,Julia Nelson,5805028000017756471,Outbound,2365.0,Attended Dialled,Completed,0.0,False
5805028000044862721,2024-04-18 16:26:00,Derek James,5805028000015996001,Outbound,674.0,Attended Dialled,Completed,0.0,False
5805028000024890272,2024-01-08 17:56:00,Kevin Parker,5805028000024034004,Outbound,4.0,Attended Dialled,Completed,0.0,False
5805028000051689151,2024-05-24 17:40:00,Derek James,5805028000035881514,Outbound,208.0,Attended Dialled,Completed,0.0,False
5805028000023526285,2023-12-28 14:55:00,John Doe,5805028000020770529,Outbound,110.0,Attended Dialled,Completed,0.0,False
5805028000026315106,2024-01-16 18:17:00,Julia Nelson,5805028000024655121,Outbound,128.0,Attended Dialled,Completed,0.0,False
5805028000037540535,2024-03-14 20:08:00,Julia Nelson,5805028000035602743,Outbound,5.0,Attended Dialled,Completed,0.0,False
5805028000033674202,2024-02-23 12:41:00,Kevin Parker,5805028000027427115,Outbound,515.0,Attended Dialled,Completed,0.0,False
5805028000044862198,2024-04-18 11:19:00,Charlie Davis,5805028000044367306,Outbound,834.0,Attended Dialled,Completed,0.0,False
5805028000006016161,2023-08-28 17:28:00,Jane Smith,5805028000002150769,Outbound,25.0,Attended Dialled,Completed,0.0,False
5805028000016622189,2023-11-13 10:54:00,Charlie Davis,5805028000015830046,Outbound,530.0,Attended Dialled,Completed,0.0,False
5805028000026126006,2024-01-15 14:42:00,John Doe,5805028000021538901,Outbound,802.0,Attended Dialled,Completed,0.0,False
5805028000004322085,2023-08-09 19:43:00,Diana Evans,5805028000003329100,Outbound,4.0,Attended Dialled,Completed,0.0,False
5805028000052846154,2024-05-31 16:21:00,Ulysses Adams,5805028000052355146,Outbound,6.0,Attended Dialled,Completed,0.0,False
5805028000031774506,2024-02-14 11:07:00,Victor Barnes,5805028000022945582,Outbound,280.0,Attended Dialled,Completed,0.0,False
5805028000029281182,2024-01-31 12:09:00,Kevin Parker,5805028000007822911,Outbound,32.0,Attended Dialled,Completed,0.0,False
5805028000040101097,2024-03-27 16:44:00,Kevin Parker,5805028000021692068,Outbound,188.0,Attended Dialled,Completed,0.0,False
5805028000030743008,2024-02-07 19:16:00,Julia Nelson,5805028000012761057,Missed,0.0,Missed,,,False
5805028000044194311,2024-04-16 17:29:00,Amy Green,5805028000044209042,Outbound,70.0,Attended Dialled,Completed,0.0,False
5805028000009504176,2023-09-29 18:48:00,Diana Evans,5805028000008970555,Outbound,5.0,Attended Dialled,Completed,0.0,False
5805028000009500108,2023-09-29 18:30:00,Diana Evans,5805028000009501015,Outbound,4.0,Attended Dialled,Completed,0.0,False
5805028000036643243,2024-03-10 15:14:00,Kevin Parker,5805028000017090120,Outbound,40.0,Attended Dialled,Completed,0.0,False
5805028000010413048,2023-10-06 17:33:00,Fiona Jackson,5805028000010276048,Missed,0.0,Missed,,,False
5805028000043894244,2024-04-15 16:28:00,Quincy Vincent,5805028000040362922,Outbound,0.0,Unattended Dialled,Completed,0.0,False
5805028000007495033,2023-09-13 16:04:00,Hannah Lee,5805028000006513452,Outbound,154.0,Attended Dialled,Completed,0.0,False
5805028000040031030,2024-03-27 12:59:00,Ulysses Adams,5805028000008097198,Outbound,118.0,Attended Dialled,Completed,0.0,False
5805028000045314939,2024-04-21 18:35:00,Victor Barnes,5805028000042682985,Outbound,0.0,Unattended Dialled,Completed,0.0,False
5805028000045468230,2024-04-22 13:55:00,Cara Iverson,5805028000044711331,Outbound,5.0,Attended Dialled,Completed,0.0,False
5805028000041926755,2024-04-05 13:51:00,Nina Scott,5805028000025823753,Outbound,69.0,Attended Dialled,Completed,0.0,False
5805028000018415201,2023-11-22 17:31:00,Diana Evans,5805028000017950522,Outbound,1289.0,Attended Dialled,Completed,0.0,False
5805028000045220860,2024-04-20 17:35:00,Ulysses Adams,5805028000035157432,Outbound,462.0,Attended Dialled,Completed,0.0,False
5805028000024632305,2024-01-07 11:17:00,Julia Nelson,5805028000024513834,Outbound,5.0,Attended Dialled,Completed,0.0,False
5805028000042688706,2024-04-09 17:26:00,Amy Green,5805028000028163165,Outbound,14.0,Attended Dialled,Completed,0.0,False
5805028000026958006,2024-01-18 17:47:00,Ulysses Adams,5805028000006638037,Inbound,1722.0,Received,,,False
5805028000014294171,2023-10-30 11:57:00,Diana Evans,5805028000013751184,Missed,0.0,Missed,,,False
5805028000041209001,2024-04-02 14:05:00,Amy Green,5805028000040372378,Outbound,0.0,Unattended Dialled,Completed,0.0,False
5805028000033146406,2024-02-20 20:28:00,Ulysses Adams,5805028000032775725,Outbound,5.0,Attended Dialled,Completed,0.0,False
5805028000018552563,2023-11-24 12:56:00,Nina Scott,5805028000017537735,Outbound,2.0,Attended Dialled,Completed,0.0,False
5805028000036017001,2024-03-06 17:36:00,Nina Scott,5805028000035903334,Outbound,268.0,Attended Dialled,Completed,0.0,False
5805028000007087845,2023-09-11 16:27:00,John Doe,5805028000002333161,Outbound,0.0,Unattended Dialled,Completed,0.0,False
5805028000010954363,2023-10-11 13:21:00,Mason Roberts,5805028000010914001,Outbound,0.0,Unattended Dialled,Completed,0.0,False
5805028000047952206,2024-05-03 18:25:00,Derek James,5805028000043119698,Outbound,180.0,Attended Dialled,Completed,0.0,False
5805028000009194156,2023-09-27 16:55:00,John Doe,5805028000005602101,Missed,0.0,Missed,,,False
5805028000021268334,2023-12-13 18:41:00,Quincy Vincent,5805028000012658121,Outbound,7.0,Attended Dialled,Completed,0.0,False
5805028000042665242,2024-04-09 14:49:00,John Doe,5805028000005153065,Missed,0.0,Missed,,,False
5805028000005829593,2023-08-26 19:29:00,John Doe,5805028000003597256,Outbound,0.0,Unattended Dialled,Completed,0.0,False
5805028000003550375,2023-08-02 18:27:00,Jane Smith,5805028000002333161,Outbound,5.0,Attended Dialled,Completed,0.0,False
5805028000018547037,2023-11-23 15:52:00,John Doe,5805028000015304525,Outbound,270.0,Attended Dialled,Completed,0.0,False
5805028000041918872,2024-04-05 15:00:00,Nina Scott,5805028000016929226,Missed,0.0,Missed,,,False
5805028000026281140,2024-01-16 12:19:00,Nina Scott,5805028000013833652,Outbound,61.0,Attended Dialled,Completed,0.0,False
5805028000015183662,2023-11-04 16:18:00,Jane Smith,5805028000015207618,Outbound,0.0,Unattended Dialled,Completed,0.0,False
5805028000018959319,2023-11-28 14:57:00,Kevin Parker,5805028000011610290,Inbound,102.0,Received,,,False
5805028000030487621,2024-02-07 13:59:00,John Doe,5805028000015996001,Inbound,90.0,Received,,,False
5805028000050301682,2024-05-16 16:32:00,Derek James,5805028000045566423,Outbound,159.0,Attended Dialled,Completed,0.0,False
5805028000006343378,2023-08-31 13:33:00,Jane Smith,5805028000001880249,Outbound,118.0,Attended Dialled,Completed,0.0,False
5805028000014164041,2023-10-28 17:46:00,Julia Nelson,5805028000014079316,Outbound,67.0,Attended Dialled,Completed,0.0,False
5805028000028600706,2024-01-29 11:21:00,John Doe,5805028000026991242,Outbound,4.0,Attended Dialled,Completed,0.0,False
5805028000028300347,2024-01-25 19:00:00,Yara Edwards,5805028000016632763,Outbound,4.0,Attended Dialled,Completed,0.0,False
5805028000020168069,2023-12-07 14:10:00,John Doe,5805028000016627883,Outbound,4.0,Attended Dialled,Completed,0.0,False
5805028000039638229,2024-03-25 13:47:00,Kevin Parker,5805028000037052004,Outbound,215.0,Attended Dialled,Completed,0.0,False
5805028000047472838,2024-05-01 13:05:00,Yara Edwards,5805028000047531654,Inbound,351.0,Received,,,False
5805028000046213196,2024-04-24 16:55:00,Charlie Davis,5805028000005188569,Missed,0.0,Missed,,,False
5805028000049923163,2024-05-14 14:43:00,Kevin Parker,5805028000042108209,Outbound,0.0,Unattended Dialled,Completed,0.0,False
5805028000021924379,2023-12-18 19:56:00,Nina Scott,5805028000021538901,Inbound,22.0,Received,,,False
5805028000019397408,2023-12-01 15:11:00,Kevin Parker,5805028000016623145,Outbound,5.0,Attended Dialled,Completed,0.0,False
5805028000039255285,2024-03-22 10:05:00,Amy Green,5805028000026041053,Outbound,41.0,Attended Dialled,Completed,0.0,False
5805028000027906376,2024-01-23 14:52:00,Ulysses Adams,5805028000021266636,Outbound,81.0,Attended Dialled,Completed,0.0,False
5805028000042949097,2024-04-10 17:05:00,Amy Green,5805028000022428046,Outbound,20.0,Attended Dialled,Completed,0.0,False
5805028000011263040,2023-10-12 12:40:00,John Doe,5805028000005438064,Outbound,4.0,Attended Dialled,Completed,0.0,False
5805028000034030151,2024-02-25 10:59:00,Victor Barnes,5805028000033498867,Outbound,700.0,Attended Dialled,Completed,0.0,False
5805028000021263079,2023-12-13 16:09:00,John Doe,5805028000005102024,Outbound,101.0,Attended Dialled,Completed,0.0,False
5805028000039399184,2024-03-22 17:07:00,John Doe,5805028000026302509,Outbound,4.0,Attended Dialled,Completed,0.0,False
5805028000035163072,2024-02-29 16:16:00,Paula Underwood,5805028000018408794,Missed,0.0,Missed,,,False
5805028000020154235,2023-12-07 19:02:00,John Doe,5805028000010188233,Outbound,6.0,Attended Dialled,Completed,0.0,False
5805028000054300638,2024-06-10 17:18:00,Julia Nelson,5805028000054293352,Outbound,6.0,Attended Dialled,Completed,0.0,False
5805028000053378382,2024-06-04 16:31:00,Victor Barnes,5805028000032729013,Outbound,181.0,Attended Dialled,Completed,0.0,False
5805028000041932538,2024-04-05 10:39:00,Charlie Davis,5805028000037505658,Outbound,2286.0,Attended Dialled,Completed,0.0,False
5805028000030869944,2024-02-08 15:57:00,Paula Underwood,5805028000021250041,Outbound,305.0,Attended Dialled,Completed,0.0,False
5805028000016232066,2023-11-10 10:31:00,Jane Smith,5805028000012259131,Missed,0.0,Missed,,,False
5805028000029426708,2024-02-01 11:26:00,John Doe,5805028000003854006,Outbound,108.0,Attended Dialled,Completed,0.0,False
5805028000027886254,2024-01-23 12:53:00,John Doe,5805028000015866449,Outbound,775.0,Attended Dialled,Completed,0.0,False
5805028000024897613,2024-01-08 19:16:00,John Doe,5805028000024714042,Missed,0.0,Missed,,,False
5805028000005772117,2023-08-24 21:30:00,Diana Evans,5805028000003434035,Outbound,729.0,Attended Dialled,Completed,0.0,False
5805028000026241916,2024-01-16 16:14:00,Kevin Parker,5805028000021888202,Inbound,1166.0,Received,,,False
5805028000014813170,2023-11-01 14:49:00,Charlie Davis,5805028000002895607,Outbound,5.0,Attended Dialled,Completed,0.0,False
5805028000032272715,2024-02-16 11:20:00,John Doe,5805028000021062552,Inbound,726.0,Received,,,False
5805028000008804764,2023-09-25 10:32:00,John Doe,5805028000003818105,Outbound,387.0,Attended Dialled,Completed,0.0,False
5805028000029236571,2024-01-31 14:16:00,Ulysses Adams,5805028000024796054,Outbound,195.0,Attended Dialled,Completed,0.0,False
5805028000054001621,2024-06-08 11:03:00,Nina Scott,5805028000053963390,Outbound,465.0,Attended Dialled,Completed,0.0,False
5805028000049214769,2024-05-10 16:58:00,Nina Scott,5805028000017893944,Outbound,0.0,Unattended Dialled,Completed,0.0,False
5805028000006949134,2023-09-07 15:10:00,John Doe,5805028000006016001,Outbound,5.0,Attended Dialled,Completed,0.0,False
5805028000013833105,2023-10-26 10:55:00,Diana Evans,5805028000013283480,Outbound,6.0,Attended Dialled,Completed,0.0,False
5805028000049789132,2024-05-13 15:32:00,Ulysses Adams,5805028000025813281,Outbound,1129.0,Attended Dialled,Completed,0.0,False
5805028000025174003,2024-01-09 15:16:00,Ian Miller,5805028000002350048,Outbound,351.0,Attended Dialled,Completed,0.0,False
5805028000044835134,2024-04-18 10:28:00,Ben Hall,5805028000043008308,Outbound,854.0,Attended Dialled,Completed,0.0,False
5805028000009975037,2023-10-04 15:30:00,Charlie Davis,5805028000005188569,Outbound,4.0,Attended Dialled,Completed,0.0,False
5805028000048349941,2024-05-06 15:58:00,Ian Miller,5805028000048344244,Outbound,47.0,Attended Dialled,Completed,0.0,False
5805028000032446068,2024-02-16 14:12:00,John Doe,5805028000018580408,Outbound,419.0,Attended Dialled,Completed,0.0,False
5805028000056365148,2024-06-19 10:09:00,Nina Scott,5805028000036649455,Outbound,8.0,Attended Dialled,Completed,0.0,False
5805028000051499502,2024-05-24 09:59:00,Ben Hall,5805028000051367097,Outbound,6.0,Attended Dialled,Completed,0.0,False
5805028000050404125,2024-05-17 10:52:00,Ulysses Adams,5805028000054755989,Outbound,108.0,Attended Dialled,Completed,0.0,False
5805028000014995059,2023-11-02 13:49:00,John Doe,5805028000013654209,Outbound,8.0,Attended Dialled,Completed,0.0,False
5805028000040124340,2024-03-27 19:17:00,Quincy Vincent,5805028000040016608,Outbound,2537.0,Attended Dialled,Completed,0.0,False
5805028000028018289,2024-01-24 10:51:00,Ulysses Adams,5805028000054755989,Outbound,5.0,Attended Dialled,Completed,0.0,False
5805028000054803472,2024-06-12 13:54:00,Julia Nelson,5805028000054767479,Outbound,0.0,Unattended Dialled,Completed,0.0,False
5805028000033412143,2024-02-22 11:01:00,Ulysses Adams,5805028000017707038,Outbound,5.0,Attended Dialled,Completed,0.0,False
5805028000040797324,2024-04-01 14:12:00,Nina Scott,5805028000040782221,Outbound,2.0,Attended Dialled,Completed,0.0,False
5805028000003696158,2023-08-03 15:15:00,Charlie Davis,5805028000003659169,Outbound,0.0,Unattended Dialled,Completed,0.0,False
5805028000016714144,2023-11-14 10:51:00,Charlie Davis,5805028000014995461,Outbound,116.0,Attended Dialled,Completed,0.0,False
5805028000035589650,2024-03-05 10:09:00,John Doe,5805028000018580408,Outbound,109.0,Attended Dialled,Completed,0.0,False
5805028000018815377,2023-11-27 10:50:00,Diana Evans,5805028000003930715,Outbound,181.0,Attended Dialled,Completed,0.0,False
5805028000045998691,2024-04-24 10:03:00,Julia Nelson,5805028000025961752,Outbound,1201.0,Attended Dialled,Completed,0.0,False
5805028000042936169,2024-04-10 15:01:00,Derek James,5805028000023907244,Outbound,472.0,Attended Dialled,Completed,0.0,False
5805028000053261680,2024-06-04 10:22:00,Kevin Parker,5805028000044868214,Missed,0.0,Missed,,,False
5805028000029372242,2024-01-31 18:02:00,John Doe,5805028000001404153,Outbound,1.0,Attended Dialled,Completed,0.0,False
5805028000031505227,2024-02-12 17:01:00,Ulysses Adams,5805028000014617035,Inbound,474.0,Received,,,False
5805028000035536004,2024-03-04 12:53:00,John Doe,5805028000033423831,Outbound,409.0,Attended Dialled,Completed,0.0,False
5805028000009565647,2023-10-01 16:39:00,Jane Smith,5805028000007769046,Missed,0.0,Missed,,,False
5805028000005489154,2023-08-23 10:20:00,Diana Evans,5805028000005254908,Outbound,95.0,Attended Dialled,Completed,0.0,False
5805028000051520740,2024-05-24 13:35:00,Nina Scott,5805028000051533459,Outbound,270.0,Attended Dialled,Completed,0.0,False
5805028000010424012,2023-10-06 16:54:00,Ian Miller,5805028000010210154,Outbound,168.0,Attended Dialled,Completed,0.0,False
5805028000026380078,2024-01-17 14:55:00,Nina Scott,5805028000003007037,Outbound,145.0,Attended Dialled,Completed,0.0,False
5805028000017707200,2023-11-19 12:33:00,Mason Roberts,5805028000017746152,Outbound,1703.0,Attended Dialled,Completed,0.0,False
5805028000028016590,2024-01-24 14:26:00,Paula Underwood,5805028000019608861,Outbound,117.0,Attended Dialled,Completed,0.0,False
5805028000028006394,2024-01-24 11:18:00,John Doe,5805028000019750398,Outbound,310.0,Attended Dialled,Completed,0.0,False
5805028000021572948,2023-12-16 12:51:00,Ian Miller,5805028000021535589,Outbound,172.0,Attended Dialled,Completed,0.0,False
5805028000022673203,2023-12-21 20:42:00,Julia Nelson,5805028000014077165,Outbound,412.0,Attended Dialled,Completed,0.0,False
5805028000053712381,2024-06-06 12:28:00,Ulysses Adams,5805028000051533459,Outbound,78.0,Attended Dialled,Completed,0.0,False
5805028000033876266,2024-02-24 11:29:00,Ben Hall,5805028000033863261,Outbound,4.0,Attended Dialled,Completed,0.0,False
5805028000019105114,2023-11-29 12:04:00,Diana Evans,5805028000018991530,Outbound,191.0,Attended Dialled,Completed,0.0,False
5805028000043844867,2024-04-15 13:13:00,Quincy Vincent,5805028000042811188,Outbound,1434.0,Attended Dialled,Completed,0.0,False
5805028000040247876,2024-03-28 17:28:00,Ulysses Adams,5805028000007866898,Outbound,5.0,Attended Dialled,Completed,0.0,False
5805028000038726324,2024-03-20 12:42:00,Amy Green,5805028000038496664,Outbound,20.0,Attended Dialled,Completed,0.0,False
5805028000052213513,2024-05-28 16:04:00,Ulysses Adams,5805028000028142600,Outbound,0.0,Unattended Dialled,Completed,0.0,False
5805028000024374662,2024-01-05 10:03:00,Charlie Davis,5805028000024369400,Outbound,1142.0,Attended Dialled,Completed,0.0,False
5805028000014077067,2023-10-27 16:49:00,Jane Smith,5805028000013945362,Inbound,805.0,Received,,,False
5805028000046953108,2024-04-27 14:36:00,Paula Underwood,5805028000041648001,Outbound,12.0,Attended Dialled,Completed,0.0,False
5805028000015901270,2023-11-08 12:11:00,Ian Miller,5805028000015578172,Outbound,687.0,Attended Dialled,Completed,0.0,False
5805028000027099006,2024-01-19 10:23:00,Victor Barnes,5805028000020969259,Outbound,26.0,Attended Dialled,Completed,0.0,False
5805028000018159771,2023-11-21 18:14:00,Charlie Davis,5805028000018159652,Outbound,0.0,Unattended Dialled,Completed,0.0,False
5805028000030460651,2024-02-07 15:04:00,Paula Underwood,5805028000019904148,Outbound,255.0,Attended Dialled,Completed,0.0,False
5805028000043463578,2024-04-12 14:32:00,Derek James,5805028000014077165,Outbound,144.0,Attended Dialled,Completed,0.0,False
5805028000047826351,2024-05-03 12:44:00,Yara Edwards,5805028000047846249,Outbound,288.0,Attended Dialled,Completed,0.0,False
5805028000008967288,2023-09-26 13:23:00,Diana Evans,5805028000003559433,Outbound,5.0,Attended Dialled,Completed,0.0,False
5805028000012334239,2023-10-18 12:10:00,John Doe,5805028000010674209,Outbound,0.0,Unattended Dialled,Completed,0.0,False
5805028000013577353,2023-10-25 12:05:00,John Doe,5805028000008584008,Outbound,0.0,Unattended Dialled,Completed,0.0,False
5805028000046192034,2024-04-24 15:58:00,Ben Hall,5805028000043982097,Outbound,0.0,Unattended Dialled,Completed,0.0,False
5805028000046167089,2024-04-24 14:59:00,Derek James,5805028000018716003,Outbound,576.0,Attended Dialled,Completed,0.0,False
5805028000029562235,2024-02-01 14:03:00,Kevin Parker,5805028000026136977,Missed,0.0,Missed,,,False
5805028000005830280,2023-08-26 14:00:00,Charlie Davis,5805028000005833296,Outbound,614.0,Attended Dialled,Completed,0.0,False
5805028000048597080,2024-05-07 15:36:00,Derek James,5805028000031354976,Outbound,12.0,Attended Dialled,Completed,0.0,False
5805028000021911283,2023-12-18 19:34:00,Nina Scott,5805028000021538901,Outbound,1245.0,Attended Dialled,Completed,0.0,False
5805028000031049270,2024-02-09 13:37:00,Nina Scott,5805028000029724021,Outbound,43.0,Attended Dialled,Completed,0.0,False
5805028000029380678,2024-02-01 10:17:00,John Doe,5805028000020322243,Outbound,23.0,Attended Dialled,Completed,0.0,False
5805028000014482248,2023-10-31 11:02:00,Julia Nelson,5805028000013860278,Outbound,5.0,Attended Dialled,Completed,0.0,False
5805028000043850920,2024-04-15 12:55:00,Amy Green,5805028000041805273,Missed,0.0,Missed,,,False
5805028000029374498,2024-01-31 19:57:00,Yara Edwards,5805028000029243394,Outbound,331.0,Attended Dialled,Completed,0.0,False
5805028000049325006,2024-05-10 17:27:00,Kevin Parker,5805028000025961752,Outbound,189.0,Attended Dialled,Completed,0.0,False
5805028000048592055,2024-05-07 15:03:00,Derek James,5805028000022524164,Outbound,457.0,Attended Dialled,Completed,0.0,False
5805028000017950119,2023-11-20 15:23:00,John Doe,5805028000011223073,Outbound,0.0,Unattended Dialled,Completed,0.0,False
5805028000027206244,2024-01-19 16:34:00,Quincy Vincent,5805028000020475577,Outbound,6.0,Attended Dialled,Completed,0.0,False
5805028000019434096,2023-12-01 11:47:00,Kevin Parker,5805028000017705460,Outbound,5.0,Attended Dialled,Completed,0.0,False
5805028000026249499,2024-01-16 13:51:00,Nina Scott,5805028000005939384,Outbound,5.0,Attended Dialled,Completed,0.0,False
5805028000033298091,2024-02-21 16:09:00,Amy Green,5805028000003961526,Outbound,0.0,Unattended Dialled,Completed,0.0,False
5805028000013828305,2023-10-26 12:38:00,Julia Nelson,5805028000013654209,Outbound,5.0,Attended Dialled,Completed,0.0,False
5805028000047148052,2024-04-29 09:28:00,Quincy Vincent,5805028000043261052,Outbound,262.0,Attended Dialled,Completed,0.0,False
5805028000026053134,2024-01-15 13:40:00,Julia Nelson,5805028000025961752,Inbound,72.0,Received,,,False
5805028000019438035,2023-12-01 11:43:00,Kevin Parker,5805028000018316132,Outbound,54.0,Attended Dialled,Completed,0.0,False
5805028000043107312,2024-04-11 11:06:00,Ian Miller,5805028000029660580,Inbound,256.0,Received,,,False
5805028000012899035,2023-10-20 14:45:00,Ian Miller,5805028000003926286,Outbound,5.0,Attended Dialled,Completed,0.0,False
5805028000047355533,2024-04-30 10:07:00,Yara Edwards,5805028000045218125,Outbound,79.0,Attended Dialled,Completed,0.0,False
5805028000033276819,2024-02-22 11:05:00,Paula Underwood,5805028000019904148,Outbound,158.0,Attended Dialled,Completed,0.0,False
5805028000033304875,2024-02-22 12:40:00,Ben Hall,5805028000031371971,Outbound,8.0,Attended Dialled,Completed,0.0,False
5805028000008976112,2023-09-25 18:48:00,Diana Evans,5805028000007866898,Outbound,470.0,Attended Dialled,Completed,0.0,False
5805028000054145553,2024-06-10 08:24:00,Derek James,5805028000039296313,Outbound,255.0,Attended Dialled,Completed,0.0,False
5805028000048953665,2024-05-09 13:35:00,Paula Underwood,5805028000047718188,Outbound,0.0,Unattended Dialled,Completed,0.0,False
5805028000045979056,2024-04-23 17:39:00,Yara Edwards,5805028000011597605,Outbound,5.0,Attended Dialled,Completed,0.0,False
5805028000031539238,2024-02-12 19:27:00,Amy Green,5805028000031374241,Outbound,7.0,Attended Dialled,Completed,0.0,False
5805028000025976945,2024-01-15 13:29:00,Xander Dean,5805028000025977233,Outbound,377.0,Attended Dialled,Completed,0.0,False
5805028000017644057,2023-11-18 13:10:00,Jane Smith,5805028000017643101,Outbound,575.0,Attended Dialled,Completed,0.0,False
5805028000005168773,2023-08-20 11:29:00,Ethan Harris,5805028000002618040,Outbound,47.0,Attended Dialled,Completed,0.0,False
5805028000003554567,2023-08-02 16:01:00,Diana Evans,5805028000003307260,Outbound,94.0,Attended Dialled,Completed,0.0,False
5805028000043878468,2024-04-15 15:40:00,Paula Underwood,5805028000041805273,Missed,0.0,Missed,,,False
5805028000042692216,2024-04-09 13:55:00,Kevin Parker,5805028000035162605,Outbound,164.0,Attended Dialled,Completed,0.0,False
5805028000006355232,2023-08-31 13:19:00,John Doe,5805028000005254908,Outbound,20.0,Attended Dialled,Completed,0.0,False
5805028000009827447,2023-10-03 12:26:00,Charlie Davis,5805028000009826235,Outbound,2692.0,Attended Dialled,Completed,0.0,False
5805028000021791255,2023-12-18 13:09:00,Quincy Vincent,5805028000021415431,Outbound,58.0,Attended Dialled,Completed,0.0,False
5805028000007017103,2023-09-07 19:48:00,Diana Evans,5805028000006809252,Outbound,1615.0,Attended Dialled,Completed,0.0,False
5805028000055621310,2024-06-16 18:43:00,Ulysses Adams,5805028000054755989,Outbound,97.0,Attended Dialled,Completed,0.0,False
5805028000026281246,2024-01-16 13:14:00,Kevin Parker,5805028000014215375,Outbound,46.0,Attended Dialled,Completed,0.0,False
5805028000025850275,2024-01-12 16:50:00,Paula Underwood,5805028000018811232,Inbound,135.0,Received,,,False
5805028000018171054,2023-11-21 13:24:00,Ethan Harris,5805028000013751184,Outbound,6.0,Attended Dialled,Completed,0.0,False
5805028000043746439,2024-04-13 17:02:00,Yara Edwards,5805028000043617411,Outbound,211.0,Attended Dialled,Completed,0.0,False
5805028000040107057,2024-03-27 16:20:00,Nina Scott,5805028000039653600,Outbound,5.0,Attended Dialled,Completed,0.0,False
5805028000040588905,2024-03-30 15:14:00,Ulysses Adams,5805028000038228682,Outbound,198.0,Attended Dialled,Completed,0.0,False
5805028000030069218,2024-02-04 11:17:00,Victor Barnes,5805028000029937990,Outbound,990.0,Attended Dialled,Completed,0.0,False
5805028000050002168,2024-05-14 17:24:00,Victor Barnes,5805028000040727203,Outbound,18.0,Attended Dialled,Completed,0.0,False
5805028000007346025,2023-09-12 20:13:00,George King,5805028000006654358,Outbound,13.0,Attended Dialled,Completed,0.0,False
5805028000047033596,2024-04-28 14:51:00,Yara Edwards,5805028000046989560,Outbound,6.0,Attended Dialled,Completed,0.0,False
5805028000007245229,2023-09-12 16:18:00,Diana Evans,5805028000007218219,Outbound,1599.0,Attended Dialled,Completed,0.0,False
5805028000009578950,2023-10-01 15:56:00,George King,5805028000007861173,Outbound,0.0,Unattended Dialled,Completed,0.0,False
5805028000049429327,2024-05-11 10:39:00,Yara Edwards,5805028000049434085,Outbound,0.0,Unattended Dialled,Completed,0.0,False
5805028000029376025,2024-01-31 15:20:00,Ulysses Adams,5805028000018036007,Inbound,582.0,Received,,,False
5805028000015012001,2023-11-02 12:19:00,Ian Miller,5805028000002302219,Outbound,5.0,Attended Dialled,Completed,0.0,False
5805028000003956023,2023-08-05 12:41:00,Charlie Davis,5805028000003853013,Outbound,135.0,Attended Dialled,Completed,0.0,False
5805028000032964328,2024-02-20 12:22:00,Paula Underwood,5805028000018408794,Outbound,6.0,Attended Dialled,Completed,0.0,False
5805028000038217768,2024-03-19 13:07:00,Yara Edwards,5805028000038222444,Outbound,0.0,Unattended Dialled,Completed,0.0,False
5805028000007017048,2023-09-07 18:24:00,Diana Evans,5805028000005254908,Outbound,312.0,Attended Dialled,Completed,0.0,False
5805028000039784288,2024-03-26 13:19:00,Ulysses Adams,5805028000007866898,Outbound,8.0,Attended Dialled,Completed,0.0,False
5805028000041477074,2024-04-03 15:59:00,Cara Iverson,5805028000041202530,Outbound,62.0,Attended Dialled,Completed,0.0,False
5805028000030165371,2024-02-05 17:04:00,Kevin Parker,5805028000022145304,Outbound,7.0,Attended Dialled,Completed,0.0,False
5805028000009229270,2023-09-28 12:36:00,Jane Smith,5805028000005277095,Outbound,182.0,Attended Dialled,Completed,0.0,False
5805028000049178631,2024-05-10 14:29:00,Derek James,5805028000037052004,Outbound,122.0,Attended Dialled,Completed,0.0,False
5805028000053260063,2024-06-03 16:32:00,Eva Kent,5805028000053119047,Outbound,176.0,Attended Dialled,Completed,0.0,False
5805028000022785223,2023-12-22 19:13:00,Sam Young,5805028000021583634,Outbound,127.0,Attended Dialled,Completed,0.0,False
5805028000039268345,2024-03-22 12:43:00,Ben Hall,5805028000016630514,Outbound,174.0,Attended Dialled,Completed,0.0,False
5805028000010755092,2023-10-10 15:16:00,Mason Roberts,5805028000010678053,Outbound,8.0,Attended Dialled,Completed,0.0,False
5805028000030970405,2024-02-08 16:14:00,Paula Underwood,5805028000025297476,Outbound,0.0,Unattended Dialled,Completed,0.0,False
5805028000030378001,2024-02-06 15:35:00,Yara Edwards,5805028000030280370,Outbound,5.0,Attended Dialled,Completed,0.0,False
5805028000008022136,2023-09-19 10:20:00,Charlie Davis,5805028000008026061,Outbound,69.0,Attended Dialled,Completed,0.0,False
5805028000047952179,2024-05-03 16:31:00,Yara Edwards,5805028000047521447,Outbound,4.0,Attended Dialled,Completed,0.0,False
5805028000046324969,2024-04-25 15:28:00,Cara Iverson,5805028000040524982,Outbound,13.0,Attended Dialled,Completed,0.0,False
5805028000055622113,2024-06-16 16:15:00,Yara Edwards,5805028000004306212,Outbound,281.0,Attended Dialled,Completed,0.0,False
5805028000048364149,2024-05-06 10:14:00,Derek James,5805028000015830046,Outbound,1.0,Attended Dialled,Completed,0.0,False
5805028000040773159,2024-04-01 11:32:00,Quincy Vincent,5805028000040664889,Missed,0.0,Missed,,,False
5805028000055329411,2024-06-14 17:34:00,Derek James,5805028000033288573,Outbound,5.0,Attended Dialled,Completed,0.0,False
5805028000028154884,2024-01-25 13:27:00,Quincy Vincent,5805028000026230703,Outbound,0.0,Unattended Dialled,Completed,0.0,False
5805028000014569076,2023-10-31 11:59:00,Kevin Parker,5805028000013654209,Outbound,571.0,Attended Dialled,Completed,0.0,False
5805028000016643286,2023-11-13 14:44:00,Jane Smith,5805028000007983009,Outbound,4.0,Attended Dialled,Completed,0.0,False
5805028000035573001,2024-03-04 14:58:00,Kevin Parker,5805028000035162605,Outbound,39.0,Attended Dialled,Completed,0.0,False
5805028000030157175,2024-02-05 11:59:00,Victor Barnes,5805028000029941080,Outbound,1019.0,Attended Dialled,Completed,0.0,False
5805028000013869499,2023-10-26 18:15:00,Charlie Davis,5805028000013165107,Outbound,0.0,Unattended Dialled,Completed,0.0,False
5805028000039540859,2024-03-25 09:06:00,Ulysses Adams,5805028000028886300,Outbound,5.0,Attended Dialled,Completed,0.0,False
5805028000042993001,2024-04-10 17:34:00,Derek James,5805028000040258730,Outbound,103.0,Attended Dialled,Completed,0.0,False
5805028000023558312,2023-12-28 16:40:00,John Doe,5805028000020770529,Outbound,85.0,Attended Dialled,Completed,0.0,False
5805028000051119983,2024-05-22 17:02:00,Cara Iverson,5805028000005608130,Outbound,7.0,Attended Dialled,Completed,0.0,False
5805028000017414273,2023-11-17 12:34:00,Nina Scott,5805028000017308282,Outbound,642.0,Attended Dialled,Completed,0.0,False
5805028000010733127,2023-10-10 17:13:00,Julia Nelson,5805028000010281345,Outbound,5.0,Attended Dialled,Completed,0.0,False
5805028000018771631,2023-11-27 17:08:00,Kevin Parker,5805028000013030333,Outbound,0.0,Unattended Dialled,Completed,0.0,False
5805028000033434026,2024-02-22 11:48:00,Paula Underwood,5805028000013061125,Outbound,422.0,Attended Dialled,Completed,0.0,False
5805028000042649526,2024-04-09 16:26:00,Ben Hall,5805028000038977506,Outbound,9.0,Attended Dialled,Completed,0.0,False
5805028000043121687,2024-04-11 13:38:00,Derek James,5805028000017090120,Outbound,209.0,Attended Dialled,Completed,0.0,False
5805028000006113077,2023-08-29 17:46:00,Diana Evans,5805028000005999144,Outbound,46.0,Attended Dialled,Completed,0.0,False
5805028000053691880,2024-06-06 14:17:00,Ulysses Adams,5805028000045218125,Inbound,204.0,Received,,,False
5805028000021794150,2023-12-18 12:08:00,Ian Miller,5805028000020590169,Outbound,7.0,Attended Dialled,Completed,0.0,False
5805028000032982616,2024-02-20 16:26:00,Nina Scott,5805028000018082077,Outbound,297.0,Attended Dialled,Completed,0.0,False
5805028000045431286,2024-04-22 14:07:00,Ulysses Adams,5805028000042461074,Outbound,6.0,Attended Dialled,Completed,0.0,False
5805028000029374188,2024-01-31 16:56:00,Kevin Parker,5805028000023503455,Outbound,5.0,Attended Dialled,Completed,0.0,False
5805028000028886477,2024-01-30 14:16:00,Ian Miller,5805028000028862345,Outbound,703.0,Attended Dialled,Completed,0.0,False
5805028000012758115,2023-10-20 12:29:00,Kevin Parker,5805028000012014001,Outbound,110.0,Attended Dialled,Completed,0.0,False
5805028000043599278,2024-04-12 18:00:00,Victor Barnes,5805028000043643120,Outbound,291.0,Attended Dialled,Completed,0.0,False
5805028000041053307,2024-04-02 10:40:00,John Doe,5805028000014077165,Missed,0.0,Missed,,,False
5805028000043468570,2024-04-12 12:40:00,Kevin Parker,5805028000042461074,Outbound,5.0,Attended Dialled,Completed,0.0,False
5805028000013579131,2023-10-25 11:03:00,Diana Evans,5805028000008097198,Outbound,5.0,Attended Dialled,Completed,0.0,False
5805028000035594662,2024-03-05 11:44:00,Ulysses Adams,5805028000033467046,Outbound,4.0,Attended Dialled,Completed,0.0,False
5805028000020755671,2023-12-12 10:49:00,Ian Miller,5805028000019298409,Outbound,144.0,Attended Dialled,Completed,0.0,False
5805028000050005885,2024-05-15 17:29:00,Yara Edwards,5805028000050001350,Outbound,0.0,Unattended Dialled,Completed,0.0,False
5805028000043243428,2024-04-11 18:47:00,Charlie Davis,5805028000040954179,Missed,0.0,Missed,,,False
5805028000035562259,2024-03-04 19:55:00,Ben Hall,5805028000031383079,Outbound,4.0,Attended Dialled,Completed,0.0,False
5805028000026281775,2024-01-16 19:40:00,Quincy Vincent,5805028000026258683,Outbound,54.0,Attended Dialled,Completed,0.0,False
5805028000018782615,2023-11-27 17:35:00,John Doe,5805028000006303060,Inbound,52.0,Received,,,False
5805028000028005341,2024-01-24 10:11:00,John Doe,5805028000021538901,Missed,0.0,Missed,,,False
5805028000052824430,2024-05-31 16:04:00,Kevin Parker,5805028000020444829,Outbound,67.0,Attended Dialled,Completed,0.0,False
5805028000023895026,2023-12-30 11:05:00,Sam Young,5805028000021705433,Outbound,5.0,Attended Dialled,Completed,0.0,False
5805028000032729863,2024-02-19 17:03:00,Ulysses Adams,5805028000010031086,Outbound,513.0,Attended Dialled,Completed,0.0,False
5805028000011239089,2023-10-12 12:59:00,John Doe,5805028000009826235,Outbound,5.0,Attended Dialled,Completed,0.0,False
5805028000021695885,2023-12-17 19:45:00,Quincy Vincent,5805028000020475577,Outbound,11.0,Attended Dialled,Completed,0.0,False
5805028000053250695,2024-06-04 11:41:00,Eva Kent,5805028000051880040,Outbound,0.0,Unattended Dialled,Completed,0.0,False
5805028000021929215,2023-12-18 17:09:00,Diana Evans,5805028000002150769,Outbound,44.0,Attended Dialled,Completed,0.0,False
5805028000051111561,2024-05-22 11:12:00,Derek James,5805028000045218295,Outbound,5.0,Attended Dialled,Completed,0.0,False
5805028000021686281,2023-12-16 15:27:00,John Doe,5805028000010531027,Outbound,4.0,Attended Dialled,Completed,0.0,False
5805028000018777278,2023-11-27 11:50:00,Kevin Parker,5805028000015178866,Outbound,68.0,Attended Dialled,Completed,0.0,False
5805028000054556497,2024-06-11 15:17:00,Nina Scott,5805028000054293352,Outbound,5.0,Attended Dialled,Completed,0.0,False
5805028000026236483,2024-01-16 11:12:00,Kevin Parker,5805028000020431055,Outbound,125.0,Attended Dialled,Completed,0.0,False
5805028000027057399,2024-01-19 13:49:00,Rachel White,5805028000007861968,Outbound,335.0,Attended Dialled,Completed,0.0,False
5805028000018822506,2023-11-27 15:36:00,Julia Nelson,5805028000018036007,Outbound,204.0,Attended Dialled,Completed,0.0,False
5805028000051095775,2024-05-22 16:55:00,Paula Underwood,5805028000031278052,Outbound,7.0,Attended Dialled,Completed,0.0,False
5805028000054282024,2024-06-10 12:07:00,Nina Scott,5805028000054106087,Outbound,364.0,Attended Dialled,Completed,0.0,False
5805028000047347501,2024-04-30 10:39:00,John Doe,5805028000036006065,Missed,0.0,Missed,,,False
5805028000039629001,2024-03-25 11:39:00,Charlie Davis,5805028000031986152,Missed,0.0,Missed,,,False
5805028000012941401,2023-10-20 19:48:00,Julia Nelson,5805028000012904577,Outbound,6.0,Attended Dialled,Completed,0.0,False
5805028000037807153,2024-03-15 15:07:00,Ian Miller,5805028000037810108,Outbound,7.0,Attended Dialled,Completed,0.0,False
5805028000042665379,2024-04-09 16:17:00,Charlie Davis,5805028000020743088,Outbound,5.0,Attended Dialled,Completed,0.0,False
5805028000007863937,2023-09-16 15:53:00,George King,5805028000007861173,Outbound,0.0,Unattended Dialled,Completed,0.0,False
5805028000018810293,2023-11-27 09:52:00,Paula Underwood,5805028000018815246,Inbound,69.0,Received,,,False
5805028000024318137,2024-01-04 14:12:00,Ulysses Adams,5805028000021266636,Outbound,127.0,Attended Dialled,Completed,0.0,False
5805028000056714013,2024-06-20 12:49:00,Ian Miller,5805028000032975211,Outbound,5.0,Attended Dialled,Completed,0.0,False
5805028000020739221,2023-12-11 16:49:00,John Doe,5805028000017921187,Outbound,238.0,Attended Dialled,Completed,0.0,False
5805028000031050125,2024-02-09 11:09:00,Ulysses Adams,5805028000020322243,Inbound,186.0,Received,,,False
5805028000009669232,2023-10-02 13:06:00,Kevin Parker,5805028000009349208,Outbound,7.0,Attended Dialled,Completed,0.0,False
5805028000043096591,2024-04-11 15:03:00,Ulysses Adams,5805028000016748004,Outbound,473.0,Attended Dialled,Completed,0.0,False
5805028000034694104,2024-02-27 18:02:00,Yara Edwards,5805028000006946042,Outbound,3.0,Attended Dialled,Completed,0.0,False
5805028000010605117,2023-10-09 14:33:00,Fiona Jackson,5805028000010488017,Missed,0.0,Missed,,,False
5805028000026315039,2024-01-16 17:22:00,Kevin Parker,5805028000016426244,Outbound,4.0,Attended Dialled,Completed,0.0,False
5805028000041466069,2024-04-03 14:46:00,Amy Green,5805028000040534882,Outbound,14.0,Attended Dialled,Completed,0.0,False
5805028000018990061,2023-11-28 10:52:00,Kevin Parker,5805028000005267156,Outbound,52.0,Attended Dialled,Completed,0.0,False
5805028000050454095,2024-05-17 14:32:00,Charlie Davis,5805028000050390024,Outbound,1564.0,Attended Dialled,Completed,0.0,False
5805028000027181316,2024-01-19 16:34:00,Quincy Vincent,5805028000020475577,Outbound,38.0,Attended Dialled,Completed,0.0,False
5805028000030503622,2024-02-07 14:57:00,Zachary Foster,5805028000030137292,Outbound,44.0,Attended Dialled,Completed,0.0,False
5805028000014805175,2023-11-01 15:55:00,John Doe,5805028000007855880,Outbound,725.0,Attended Dialled,Completed,0.0,False
5805028000050451001,2024-05-17 11:28:00,Amy Green,5805028000050301933,Inbound,521.0,Received,,,False
5805028000043243416,2024-04-11 18:41:00,Ulysses Adams,5805028000009072093,Inbound,181.0,Received,,,False
5805028000055199713,2024-06-14 12:25:00,Julia Nelson,5805028000025619052,Outbound,0.0,Unattended Dialled,Completed,0.0,False
5805028000052978693,2024-06-01 12:36:00,Paula Underwood,5805028000052936024,Outbound,4.0,Attended Dialled,Completed,0.0,False
5805028000056383064,2024-06-19 10:52:00,Victor Barnes,5805028000002560080,Outbound,25.0,Attended Dialled,Completed,0.0,False
5805028000056484118,2024-06-19 17:40:00,Ian Miller,5805028000018316132,Outbound,0.0,Unattended Dialled,Completed,0.0,False
5805028000018817570,2023-11-27 18:27:00,Diana Evans,5805028000003930715,Outbound,65.0,Attended Dialled,Completed,0.0,False
5805028000035696484,2024-03-05 16:18:00,Ulysses Adams,5805028000035157432,Outbound,5.0,Attended Dialled,Completed,0.0,False
5805028000021541746,2023-12-15 18:19:00,Sam Young,5805028000021439001,Outbound,36.0,Attended Dialled,Completed,0.0,False
5805028000048588130,2024-05-07 15:44:00,Derek James,5805028000040212085,Outbound,13.0,Attended Dialled,Completed,0.0,False
5805028000052167641,2024-05-28 17:56:00,Derek James,5805028000033276868,Outbound,203.0,Attended Dialled,Completed,0.0,False
5805028000052188107,2024-05-28 10:09:00,Julia Nelson,5805028000004561698,Outbound,4.0,Attended Dialled,Completed,0.0,False
5805028000023512036,2023-12-28 11:19:00,John Doe,5805028000013165149,Outbound,5.0,Attended Dialled,Completed,0.0,False
5805028000054791846,2024-06-12 17:45:00,Charlie Davis,5805028000050390024,Outbound,471.0,Attended Dialled,Completed,0.0,False
5805028000015015784,2023-11-03 11:54:00,Ian Miller,5805028000015003656,Outbound,133.0,Attended Dialled,Completed,0.0,False
5805028000022535076,2023-12-21 10:12:00,Charlie Davis,5805028000015201019,Inbound,1085.0,Received,,,False
5805028000019812160,2023-12-06 12:58:00,Paula Underwood,5805028000019410072,Outbound,5.0,Attended Dialled,Completed,0.0,False
5805028000020951064,2023-12-12 12:19:00,Kevin Parker,5805028000014293128,Outbound,148.0,Attended Dialled,Completed,0.0,False
5805028000029239122,2024-01-31 11:21:00,Yara Edwards,5805028000027562394,Inbound,283.0,Received,,,False
5805028000048784757,2024-05-08 14:53:00,Ulysses Adams,5805028000043444319,Outbound,558.0,Attended Dialled,Completed,0.0,False
5805028000007570166,2023-09-14 10:49:00,Hannah Lee,5805028000003219087,Outbound,208.0,Attended Dialled,Completed,0.0,False
5805028000030487746,2024-02-07 14:56:00,Paula Underwood,5805028000029099001,Outbound,7.0,Attended Dialled,Completed,0.0,False
5805028000017183569,2023-11-16 15:31:00,John Doe,5805028000009072093,Outbound,1.0,Attended Dialled,Completed,0.0,False
5805028000038234216,2024-03-18 19:13:00,Cara Iverson,5805028000035791329,Outbound,16.0,Attended Dialled,Completed,0.0,False
5805028000046997562,2024-04-28 14:51:00,Yara Edwards,5805028000046989560,Outbound,5.0,Attended Dialled,Completed,0.0,False
5805028000027427514,2024-01-20 15:37:00,Paula Underwood,5805028000027394247,Outbound,147.0,Attended Dialled,Completed,0.0,False
5805028000028006859,2024-01-24 17:28:00,Ulysses Adams,5805028000017915511,Outbound,81.0,Attended Dialled,Completed,0.0,False
5805028000039363237,2024-03-22 16:38:00,Julia Nelson,5805028000017090120,Outbound,238.0,Attended Dialled,Completed,0.0,False
5805028000042691434,2024-04-09 16:03:00,Charlie Davis,5805028000004910006,Outbound,6.0,Attended Dialled,Completed,0.0,False
5805028000016511962,2023-11-12 18:03:00,Mason Roberts,5805028000014083595,Outbound,9.0,Attended Dialled,Completed,0.0,False
5805028000047482496,2024-04-30 17:47:00,Cara Iverson,5805028000040524982,Outbound,7.0,Attended Dialled,Completed,0.0,False
5805028000023907729,2024-01-02 13:23:00,Kevin Parker,5805028000021898509,Outbound,6.0,Attended Dialled,Completed,0.0,False
5805028000005987148,2023-08-28 20:27:00,Jane Smith,5805028000005453123,Outbound,234.0,Attended Dialled,Completed,0.0,False
5805028000024157606,2024-01-03 17:52:00,Ulysses Adams,5805028000009072093,Outbound,5.0,Attended Dialled,Completed,0.0,False
5805028000030462692,2024-02-07 15:44:00,Amy Green,5805028000029782013,Outbound,7.0,Attended Dialled,Completed,0.0,False
5805028000054561149,2024-06-11 13:30:00,Cara Iverson,5805028000054434656,Outbound,284.0,Attended Dialled,Completed,0.0,False
5805028000016128031,2023-11-09 15:02:00,Julia Nelson,5805028000010410365,Missed,0.0,Missed,,,False
5805028000019310394,2023-11-30 20:01:00,Julia Nelson,5805028000013440270,Outbound,0.0,Unattended Dialled,Completed,0.0,False
5805028000021049317,2023-12-12 17:05:00,Quincy Vincent,5805028000012765088,Outbound,2079.0,Attended Dialled,Completed,0.0,False
5805028000043458843,2024-04-12 16:05:00,Kevin Parker,5805028000018695477,Outbound,21.0,Attended Dialled,Completed,0.0,False
5805028000024172358,2024-01-03 15:08:00,Kevin Parker,5805028000021061487,Outbound,609.0,Attended Dialled,Completed,0.0,False
5805028000034907821,2024-02-29 12:53:00,Nina Scott,5805028000027331104,Outbound,50.0,Attended Dialled,Completed,0.0,False
5805028000034464464,2024-02-27 14:45:00,Julia Nelson,5805028000020452572,Outbound,5.0,Attended Dialled,Completed,0.0,False
5805028000014921361,2023-11-02 11:32:00,John Doe,5805028000008496063,Outbound,0.0,Unattended Dialled,Completed,0.0,False
5805028000054761443,2024-06-12 13:45:00,Derek James,5805028000038228682,Outbound,5.0,Attended Dialled,Completed,0.0,False
5805028000039376044,2024-03-22 14:32:00,Nina Scott,5805028000038496664,Outbound,0.0,Unattended Dialled,Completed,0.0,False
5805028000046154058,2024-04-24 13:52:00,Julia Nelson,5805028000044668979,Outbound,4.0,Attended Dialled,Completed,0.0,False
5805028000050159217,2024-05-15 18:40:00,Ulysses Adams,5805028000047324319,Outbound,99.0,Attended Dialled,Completed,0.0,False
5805028000041182517,2024-04-02 18:04:00,Quincy Vincent,5805028000040016608,Outbound,11.0,Attended Dialled,Completed,0.0,False
5805028000009794025,2023-10-02 18:36:00,Julia Nelson,5805028000009361087,Outbound,76.0,Attended Dialled,Completed,0.0,False
5805028000049558438,2024-05-12 18:18:00,Quincy Vincent,5805028000042682317,Outbound,4.0,Attended Dialled,Completed,0.0,False
5805028000034075191,2024-02-25 16:08:00,Julia Nelson,5805028000019753736,Outbound,1477.0,Attended Dialled,Completed,0.0,False
5805028000037531071,2024-03-14 16:18:00,Quincy Vincent,5805028000034025608,Outbound,4.0,Attended Dialled,Completed,0.0,False
5805028000032451001,2024-02-16 12:59:00,Paula Underwood,5805028000029936663,Outbound,319.0,Attended Dialled,Completed,0.0,False
5805028000018810341,2023-11-27 11:56:00,Kevin Parker,5805028000014924113,Outbound,0.0,Unattended Dialled,Completed,0.0,False
5805028000008015065,2023-09-18 18:41:00,Diana Evans,5805028000008015029,Outbound,75.0,Attended Dialled,Completed,0.0,False
5805028000001405134,2023-07-10 10:24:00,Alice Johnson,5805028000001399190,Outbound,843.0,Attended Dialled,Completed,0.0,False
5805028000048365324,2024-05-06 14:32:00,Ian Miller,5805028000048225948,Outbound,5.0,Attended Dialled,Completed,0.0,False
5805028000047646923,2024-05-02 11:57:00,Paula Underwood,5805028000046884527,Outbound,0.0,Unattended Dialled,Completed,0.0,False
5805028000030248297,2024-02-06 12:29:00,Amy Green,5805028000030169494,Outbound,6.0,Attended Dialled,Completed,0.0,False
5805028000049555605,2024-05-12 18:39:00,Quincy Vincent,5805028000048063313,Outbound,9.0,Attended Dialled,Completed,0.0,False
5805028000003794183,2023-08-04 19:48:00,Diana Evans,5805028000003559433,Outbound,6.0,Attended Dialled,Completed,0.0,False
5805028000041507201,2024-04-03 17:15:00,Nina Scott,5805028000025512334,Outbound,341.0,Attended Dialled,Completed,0.0,False
5805028000055480057,2024-06-15 11:51:00,Ben Hall,5805028000055208246,Outbound,7.0,Attended Dialled,Completed,0.0,False
5805028000029560331,2024-02-01 15:07:00,Yara Edwards,5805028000029411515,Outbound,198.0,Attended Dialled,Completed,0.0,False
5805028000003555098,2023-08-01 12:50:00,Diana Evans,5805028000003551026,Outbound,139.0,Attended Dialled,Completed,0.0,False
5805028000015597623,2023-11-07 09:58:00,Diana Evans,5805028000009044013,Outbound,158.0,Attended Dialled,Completed,0.0,False
5805028000029923021,2024-02-02 17:58:00,Kevin Parker,5805028000012165006,Outbound,1383.0,Attended Dialled,Completed,0.0,False
5805028000045991180,2024-04-23 20:21:00,Quincy Vincent,5805028000045312804,Outbound,4.0,Attended Dialled,Completed,0.0,False
5805028000021537001,2023-12-15 09:08:00,John Doe,5805028000011759095,Inbound,468.0,Received,,,False
5805028000028044510,2024-01-24 11:43:00,Ulysses Adams,5805028000018774819,Outbound,51.0,Attended Dialled,Completed,0.0,False
5805028000026126700,2024-01-15 20:43:00,Quincy Vincent,5805028000025986282,Outbound,10.0,Attended Dialled,Completed,0.0,False
5805028000009241235,2023-09-28 15:18:00,Charlie Davis,5805028000007570001,Outbound,37.0,Attended Dialled,Completed,0.0,False
5805028000052674231,2024-05-30 15:34:00,Ulysses Adams,5805028000005153065,Inbound,151.0,Received,,,False
5805028000032524840,2024-02-17 19:47:00,Yara Edwards,5805028000032541747,Outbound,6.0,Attended Dialled,Completed,0.0,False
5805028000028014755,2024-01-24 14:50:00,John Doe,5805028000020322243,Outbound,345.0,Attended Dialled,Completed,0.0,False
5805028000054761803,2024-06-12 17:11:00,Julia Nelson,5805028000054761411,Outbound,7.0,Attended Dialled,Completed,0.0,False
5805028000056457076,2024-06-19 17:17:00,Ian Miller,5805028000023277001,Outbound,0.0,Unattended Dialled,Completed,0.0,False
5805028000016131326,2023-11-09 17:26:00,Charlie Davis,5805028000016065119,Outbound,1412.0,Attended Dialled,Completed,0.0,False
5805028000042149435,2024-04-06 10:24:00,Yara Edwards,5805028000011757347,Outbound,4.0,Attended Dialled,Completed,0.0,False
5805028000031393079,2024-02-10 14:34:00,Nina Scott,5805028000022428046,Outbound,18.0,Attended Dialled,Completed,0.0,False
5805028000047345670,2024-04-30 13:04:00,Paula Underwood,5805028000025850763,Outbound,9.0,Attended Dialled,Completed,0.0,False
5805028000013061423,2023-10-21 11:28:00,Jane Smith,5805028000010271399,Outbound,451.0,Attended Dialled,Completed,0.0,False
5805028000050576141,2024-05-17 18:50:00,Eva Kent,5805028000050136474,Outbound,0.0,Unattended Dialled,Completed,0.0,False
5805028000021696144,2023-12-16 17:45:00,Julia Nelson,5805028000020150102,Outbound,0.0,Unattended Dialled,Completed,0.0,False
5805028000034473608,2024-02-27 15:26:00,John Doe,5805028000020431055,Outbound,1.0,Attended Dialled,Completed,0.0,False
5805028000049792054,2024-05-13 15:04:00,Eva Kent,5805028000049560926,Outbound,3112.0,Attended Dialled,Completed,0.0,False
5805028000053998803,2024-06-08 16:01:00,Charlie Davis,5805028000053543009,Outbound,1015.0,Attended Dialled,Completed,0.0,False
5805028000046234346,2024-04-24 17:38:00,Derek James,5805028000036620645,Outbound,185.0,Attended Dialled,Completed,0.0,False
5805028000054938776,2024-06-13 14:01:00,Cara Iverson,5805028000054767479,Outbound,0.0,Unattended Dialled,Completed,0.0,False
5805028000041924717,2024-04-05 12:52:00,Ulysses Adams,5805028000006285011,Outbound,6.0,Attended Dialled,Completed,0.0,False
5805028000018536012,2023-11-23 14:33:00,John Doe,5805028000008496063,Outbound,0.0,Unattended Dialled,Completed,0.0,False
5805028000033802072,2024-02-23 17:10:00,Ulysses Adams,5805028000024657261,Outbound,5.0,Attended Dialled,Completed,0.0,False
5805028000043477690,2024-04-12 15:34:00,Ulysses Adams,5805028000038227408,Outbound,7.0,Attended Dialled,Completed,0.0,False
5805028000032063477,2024-02-15 16:21:00,John Doe,5805028000021062552,Inbound,48.0,Received,,,False
5805028000036133263,2024-03-07 18:50:00,Yara Edwards,5805028000028593912,Outbound,7.0,Attended Dialled,Completed,0.0,False
5805028000042990095,2024-04-10 18:07:00,Victor Barnes,5805028000023863270,Outbound,192.0,Attended Dialled,Completed,0.0,False
5805028000019105141,2023-11-29 12:37:00,Kevin Parker,5805028000013851702,Outbound,5.0,Attended Dialled,Completed,0.0,False
5805028000017202092,2023-11-16 10:45:00,Ian Miller,5805028000017194055,Outbound,0.0,Unattended Dialled,Completed,0.0,False
5805028000023873612,2024-01-02 12:07:00,Kevin Parker,5805028000008776639,Outbound,72.0,Attended Dialled,Completed,0.0,False
5805028000050827580,2024-05-20 17:47:00,Victor Barnes,5805028000011906024,Outbound,530.0,Attended Dialled,Completed,0.0,False
5805028000045586211,2024-04-22 18:34:00,Amy Green,5805028000045109425,Outbound,1.0,Attended Dialled,Completed,0.0,False
5805028000009228301,2023-09-28 15:09:00,Charlie Davis,5805028000007846891,Outbound,7.0,Attended Dialled,Completed,0.0,False
5805028000023753070,2023-12-29 15:57:00,Paula Underwood,5805028000018811232,Outbound,179.0,Attended Dialled,Completed,0.0,False
5805028000037315601,2024-03-14 08:51:00,Ulysses Adams,5805028000021266636,Outbound,389.0,Attended Dialled,Completed,0.0,False
5805028000050720094,2024-05-19 10:03:00,Cara Iverson,5805028000003853013,Outbound,1450.0,Attended Dialled,Completed,0.0,False
5805028000036605581,2024-03-10 19:10:00,Victor Barnes,5805028000022920131,Outbound,106.0,Attended Dialled,Completed,0.0,False
5805028000042693769,2024-04-09 18:12:00,Charlie Davis,5805028000009360523,Inbound,2216.0,Received,,,False
5805028000015382001,2023-11-06 10:13:00,Jane Smith,5805028000015328418,Outbound,5.0,Attended Dialled,Completed,0.0,False
5805028000041205100,2024-04-02 14:32:00,Ben Hall,5805028000040212085,Outbound,8.0,Attended Dialled,Completed,0.0,False
5805028000037094231,2024-03-12 18:41:00,Quincy Vincent,5805028000031354796,Missed,0.0,Missed,,,False
5805028000010948246,2023-10-11 13:04:00,Mason Roberts,5805028000010914001,Outbound,817.0,Attended Dialled,Completed,0.0,False
5805028000003415173,2023-07-29 14:49:00,Alice Johnson,5805028000003014152,Outbound,11.0,Attended Dialled,Completed,0.0,False
5805028000023049157,2023-12-25 18:37:00,Julia Nelson,5805028000023051156,Outbound,65.0,Attended Dialled,Completed,0.0,False
5805028000025327447,2024-01-10 15:42:00,Quincy Vincent,5805028000023705060,Outbound,284.0,Attended Dialled,Completed,0.0,False
5805028000007836173,2023-09-15 18:27:00,Charlie Davis,5805028000003854006,Outbound,351.0,Attended Dialled,Completed,0.0,False
5805028000021789003,2023-12-18 09:49:00,John Doe,5805028000016627883,Inbound,71.0,Received,,,False
5805028000047531101,2024-04-30 15:04:00,Quincy Vincent,5805028000042262066,Missed,0.0,Missed,,,False
5805028000040351659,2024-03-29 14:46:00,Julia Nelson,5805028000040340336,Missed,0.0,Missed,,,False
5805028000023873105,2023-12-30 15:14:00,Sam Young,5805028000020771658,Missed,0.0,Missed,,,False
5805028000027908195,2024-01-23 12:38:00,Quincy Vincent,5805028000026258683,Outbound,5.0,Attended Dialled,Completed,0.0,False
5805028000027892367,2024-01-23 15:04:00,Yara Edwards,5805028000012658121,Outbound,282.0,Attended Dialled,Completed,0.0,False
5805028000051510743,2024-05-24 13:50:00,Victor Barnes,5805028000001782077,Outbound,0.0,Unattended Dialled,Completed,0.0,False
5805028000030487233,2024-02-07 10:59:00,Julia Nelson,5805028000010425000,Outbound,0.0,Unattended Dialled,Completed,0.0,False
5805028000033756178,2024-02-23 17:18:00,Nina Scott,5805028000018082077,Outbound,0.0,Unattended Dialled,Completed,0.0,False
5805028000014576302,2023-10-31 16:40:00,Julia Nelson,5805028000013851702,Outbound,5.0,Attended Dialled,Completed,0.0,False
5805028000050981204,2024-05-21 13:11:00,Paula Underwood,5805028000038977506,Outbound,911.0,Attended Dialled,Completed,0.0,False
5805028000004742013,2023-08-15 15:40:00,Charlie Davis,5805028000003014152,Outbound,14.0,Attended Dialled,Completed,0.0,False
5805028000016652300,2023-11-13 17:04:00,Jane Smith,5805028000016623145,Outbound,359.0,Attended Dialled,Completed,0.0,False
5805028000051147571,2024-05-22 19:05:00,Victor Barnes,5805028000001782077,Outbound,0.0,Unattended Dialled,Completed,0.0,False
5805028000028913059,2024-01-30 10:42:00,Victor Barnes,5805028000024709067,Outbound,76.0,Attended Dialled,Completed,0.0,False
5805028000020743001,2023-12-11 13:03:00,Julia Nelson,5805028000017918386,Missed,0.0,Missed,,,False
5805028000029421004,2024-01-31 16:18:00,Paula Underwood,5805028000029099001,Outbound,6.0,Attended Dialled,Completed,0.0,False
5805028000027099197,2024-01-19 13:18:00,Charlie Davis,5805028000026612076,Outbound,1926.0,Attended Dialled,Completed,0.0,False
5805028000040234242,2024-03-28 12:08:00,Ulysses Adams,5805028000003966221,Outbound,9.0,Attended Dialled,Completed,0.0,False
5805028000011236123,2023-10-12 15:44:00,John Doe,5805028000006308001,Outbound,116.0,Attended Dialled,Completed,0.0,False
5805028000045601206,2024-04-22 18:23:00,Ian Miller,5805028000045393004,Outbound,68.0,Attended Dialled,Completed,0.0,False
5805028000052835024,2024-05-31 12:41:00,Ulysses Adams,5805028000052115103,Outbound,69.0,Attended Dialled,Completed,0.0,False
5805028000042464396,2024-04-08 16:38:00,Kevin Parker,5805028000023883467,Outbound,6.0,Attended Dialled,Completed,0.0,False
5805028000026080163,2024-01-15 16:50:00,Quincy Vincent,5805028000025985493,Inbound,1983.0,Received,,,False
5805028000055966349,2024-06-17 18:28:00,Kevin Parker,5805028000028603191,Outbound,0.0,Unattended Dialled,Completed,0.0,False
5805028000050998240,2024-05-21 12:52:00,Derek James,5805028000033256144,Outbound,368.0,Attended Dialled,Completed,0.0,False
5805028000003359066,2023-07-28 15:40:00,Alice Johnson,5805028000001348174,Outbound,7.0,Attended Dialled,Completed,0.0,False
5805028000048942847,2024-05-09 14:20:00,Cara Iverson,5805028000048804204,Outbound,53.0,Attended Dialled,Completed,0.0,False
5805028000032541151,2024-02-16 18:21:00,John Doe,5805028000018580408,Missed,0.0,Missed,,,False
5805028000002894385,2023-07-23 15:35:00,Jane Smith,5805028000002902161,Outbound,1216.0,Attended Dialled,Completed,0.0,False
5805028000052652394,2024-05-30 16:55:00,Ulysses Adams,5805028000026130607,Outbound,5.0,Attended Dialled,Completed,0.0,False
5805028000051675173,2024-05-24 17:16:00,Charlie Davis,5805028000024158646,Outbound,629.0,Attended Dialled,Completed,0.0,False
5805028000020642035,2023-12-11 10:45:00,Diana Evans,5805028000015169885,Outbound,5.0,Attended Dialled,Completed,0.0,False
5805028000032512096,2024-02-16 17:34:00,Charlie Davis,5805028000032073700,Missed,0.0,Missed,,,False
5805028000038154018,2024-03-18 15:16:00,John Doe,5805028000023888789,Missed,0.0,Missed,,,False
5805028000037540320,2024-03-14 16:46:00,Quincy Vincent,5805028000028022895,Inbound,7.0,Received,,,False
5805028000023313166,2023-12-27 11:26:00,Kevin Parker,5805028000021372341,Outbound,5.0,Attended Dialled,Completed,0.0,False
5805028000029800162,2024-02-02 12:34:00,Nina Scott,5805028000029724021,Outbound,1296.0,Attended Dialled,Completed,0.0,False
5805028000053561591,2024-06-05 14:36:00,Quincy Vincent,5805028000045972613,Outbound,5.0,Attended Dialled,Completed,0.0,False
5805028000031765130,2024-02-13 17:59:00,Julia Nelson,5805028000017756471,Outbound,115.0,Attended Dialled,Completed,0.0,False
5805028000032097263,2024-02-15 12:34:00,Amy Green,5805028000031371971,Outbound,10.0,Attended Dialled,Completed,0.0,False
5805028000046172047,2024-04-24 15:20:00,Derek James,5805028000044640003,Outbound,76.0,Attended Dialled,Completed,0.0,False
5805028000040416097,2024-03-29 14:54:00,Victor Barnes,5805028000030641380,Outbound,37.0,Attended Dialled,Completed,0.0,False
5805028000032449015,2024-02-16 13:26:00,Ulysses Adams,5805028000018036007,Outbound,4.0,Attended Dialled,Completed,0.0,False
5805028000039413757,2024-03-23 12:55:00,Nina Scott,5805028000038526596,Outbound,0.0,Unattended Dialled,Completed,0.0,False
5805028000012758074,2023-10-20 11:09:00,Kevin Parker,5805028000012210030,Outbound,4.0,Attended Dialled,Completed,0.0,False
5805028000007824536,2023-09-16 15:41:00,Jane Smith,5805028000005602101,Outbound,159.0,Attended Dialled,Completed,0.0,False
5805028000024043320,2024-01-02 18:46:00,Nina Scott,5805028000023907244,Outbound,809.0,Attended Dialled,Completed,0.0,False
5805028000056824083,2024-06-21 11:33:00,Ulysses Adams,5805028000043268501,Outbound,180.0,Attended Dialled,Completed,0.0,False
5805028000053985122,2024-06-07 15:40:00,Nina Scott,5805028000053695589,Outbound,533.0,Attended Dialled,Completed,0.0,False
5805028000023652056,2023-12-29 11:30:00,Kevin Parker,5805028000019904148,Outbound,65.0,Attended Dialled,Completed,0.0,False
5805028000045452540,2024-04-22 14:53:00,Quincy Vincent,5805028000045230778,Outbound,4551.0,Attended Dialled,Completed,0.0,False
5805028000019617442,2023-12-04 16:36:00,Diana Evans,5805028000018811695,Outbound,5.0,Attended Dialled,Completed,0.0,False
5805028000039885229,2024-03-26 17:01:00,Paula Underwood,5805028000039381749,Outbound,12.0,Attended Dialled,Completed,0.0,False
5805028000050550664,2024-05-18 14:18:00,Paula Underwood,5805028000023883193,Outbound,75.0,Attended Dialled,Completed,0.0,False
5805028000034915839,2024-02-29 10:14:00,Paula Underwood,5805028000033890322,Outbound,268.0,Attended Dialled,Completed,0.0,False
5805028000016955419,2023-11-15 10:11:00,Kevin Parker,5805028000008485160,Outbound,0.0,Unattended Dialled,Completed,0.0,False
5805028000034921721,2024-02-29 12:58:00,Yara Edwards,5805028000034897206,Outbound,502.0,Attended Dialled,Completed,0.0,False
5805028000018998802,2023-11-29 13:00:00,Ian Miller,5805028000018059172,Outbound,41.0,Attended Dialled,Completed,0.0,False
5805028000052827262,2024-05-31 14:06:00,Victor Barnes,5805028000011906024,Outbound,63.0,Attended Dialled,Completed,0.0,False
5805028000032687020,2024-02-18 13:55:00,Charlie Davis,5805028000032541747,Outbound,13.0,Attended Dialled,Completed,0.0,False
5805028000019722203,2023-12-05 11:58:00,Kevin Parker,5805028000018811695,Outbound,5.0,Attended Dialled,Completed,0.0,False
5805028000055348153,2024-06-14 17:37:00,Derek James,5805028000043643043,Outbound,0.0,Unattended Dialled,Completed,0.0,False
5805028000023670398,2023-12-29 14:01:00,Julia Nelson,5805028000008783181,Outbound,777.0,Attended Dialled,Completed,0.0,False
5805028000043132603,2024-04-11 16:04:00,Derek James,5805028000035788728,Outbound,239.0,Attended Dialled,Completed,0.0,False
5805028000044835717,2024-04-18 17:40:00,Derek James,5805028000040496111,Outbound,0.0,Unattended Dialled,Completed,0.0,False
5805028000020592242,2023-12-10 18:14:00,Julia Nelson,5805028000020462894,Outbound,5.0,Attended Dialled,Completed,0.0,False
5805028000034694384,2024-02-27 19:48:00,Amy Green,5805028000033467046,Outbound,16.0,Attended Dialled,Completed,0.0,False
5805028000013165934,2023-10-23 15:31:00,Ian Miller,5805028000009969076,Outbound,7.0,Attended Dialled,Completed,0.0,False
5805028000008362294,2023-09-21 11:12:00,Jane Smith,5805028000007855880,Outbound,722.0,Attended Dialled,Completed,0.0,False
5805028000053771297,2024-06-06 16:32:00,Derek James,5805028000039296313,Outbound,0.0,Unattended Dialled,Completed,0.0,False
5805028000016131025,2023-11-09 14:29:00,Jane Smith,5805028000007983009,Outbound,5.0,Attended Dialled,Completed,0.0,False
5805028000051999140,2024-05-27 11:11:00,Julia Nelson,5805028000051402317,Outbound,20.0,Attended Dialled,Completed,0.0,False
5805028000019820270,2023-12-06 12:43:00,Kevin Parker,5805028000010276200,Outbound,52.0,Attended Dialled,Completed,0.0,False
5805028000047118566,2024-04-29 11:45:00,Julia Nelson,5805028000045269524,Outbound,7.0,Attended Dialled,Completed,0.0,False
5805028000039645301,2024-03-25 16:01:00,Amy Green,5805028000009821333,Outbound,2382.0,Attended Dialled,Completed,0.0,False
5805028000005264781,2023-08-22 10:04:00,Jane Smith,5805028000003664120,Missed,0.0,Missed,,,False
5805028000025844301,2024-01-12 16:24:00,Kevin Parker,5805028000023895535,Outbound,1503.0,Attended Dialled,Completed,0.0,False
5805028000003930691,2023-08-07 12:16:00,Charlie Davis,5805028000003971539,Outbound,8.0,Attended Dialled,Completed,0.0,False
5805028000043249419,2024-04-11 18:54:00,Yara Edwards,5805028000036392788,Outbound,6.0,Attended Dialled,Completed,0.0,False
5805028000007007015,2023-09-07 17:15:00,John Doe,5805028000005102024,Outbound,58.0,Attended Dialled,Completed,0.0,False
5805028000048680001,2024-05-07 18:07:00,John Doe,5805028000027714096,Missed,0.0,Missed,,,False
5805028000021792237,2023-12-18 12:55:00,Diana Evans,5805028000021261280,Outbound,0.0,Unattended Dialled,Completed,0.0,False
5805028000054823615,2024-06-12 15:18:00,Derek James,5805028000037561700,Outbound,486.0,Attended Dialled,Completed,0.0,False
5805028000010254165,2023-10-06 09:18:00,Diana Evans,5805028000010031086,Outbound,1210.0,Attended Dialled,Completed,0.0,False
5805028000022130090,2023-12-19 15:07:00,Diana Evans,5805028000008246089,Outbound,160.0,Attended Dialled,Completed,0.0,False
5805028000043466357,2024-04-12 13:14:00,Amy Green,5805028000042291792,Outbound,122.0,Attended Dialled,Completed,0.0,False
5805028000007854524,2023-09-16 12:56:00,Jane Smith,5805028000007769046,Outbound,5.0,Attended Dialled,Completed,0.0,False
5805028000022782093,2023-12-22 18:02:00,Sam Young,5805028000021705433,Outbound,31.0,Attended Dialled,Completed,0.0,False
5805028000014995033,2023-11-02 13:37:00,Ian Miller,5805028000014937246,Outbound,574.0,Attended Dialled,Completed,0.0,False
5805028000022663013,2023-12-21 18:34:00,Julia Nelson,5805028000020770529,Outbound,0.0,Unattended Dialled,Completed,0.0,False
5805028000018047234,2023-11-21 11:18:00,Oliver Taylor,5805028000011330054,Outbound,28.0,Attended Dialled,Completed,0.0,False
5805028000032759825,2024-02-19 16:05:00,Ian Miller,5805028000032773231,Outbound,7.0,Attended Dialled,Completed,0.0,False
5805028000052193670,2024-05-28 16:17:00,Paula Underwood,5805028000031278052,Outbound,6.0,Attended Dialled,Completed,0.0,False
5805028000009998081,2023-10-04 19:06:00,Diana Evans,5805028000007866898,Outbound,64.0,Attended Dialled,Completed,0.0,False
5805028000035562660,2024-03-05 11:40:00,Julia Nelson,5805028000024643260,Outbound,5.0,Attended Dialled,Completed,0.0,False
5805028000009698576,2023-10-02 13:56:00,Ian Miller,5805028000003014152,Outbound,571.0,Attended Dialled,Completed,0.0,False
5805028000004482190,2023-08-11 14:07:00,Diana Evans,5805028000003597256,Outbound,1217.0,Attended Dialled,Completed,0.0,False
5805028000012889109,2023-10-20 16:03:00,John Doe,5805028000008689210,Outbound,172.0,Attended Dialled,Completed,0.0,False
5805028000017516056,2023-11-17 14:20:00,Diana Evans,5805028000015178866,Outbound,356.0,Attended Dialled,Completed,0.0,False
5805028000042674604,2024-04-09 16:05:00,Nina Scott,5805028000027839017,Outbound,113.0,Attended Dialled,Completed,0.0,False
5805028000027224244,2024-01-19 17:49:00,Rachel White,5805028000026991242,Outbound,5.0,Attended Dialled,Completed,0.0,False
5805028000032565480,2024-02-17 14:45:00,John Doe,5805028000029108336,Outbound,183.0,Attended Dialled,Completed,0.0,False
5805028000018782483,2023-11-27 15:08:00,John Doe,5805028000013654209,Outbound,524.0,Attended Dialled,Completed,0.0,False
5805028000047945151,2024-05-03 16:55:00,Kevin Parker,5805028000033276868,Missed,0.0,Missed,,,False
5805028000009224035,2023-09-27 20:21:00,John Doe,5805028000003709107,Missed,0.0,Missed,,,False
5805028000018817380,2023-11-27 14:03:00,Paula Underwood,5805028000018815246,Outbound,2276.0,Attended Dialled,Completed,0.0,False
5805028000019407326,2023-12-01 15:40:00,Diana Evans,5805028000017729755,Outbound,6.0,Attended Dialled,Completed,0.0,False
5805028000040442176,2024-03-29 17:49:00,Paula Underwood,5805028000038977506,Outbound,7.0,Attended Dialled,Completed,0.0,False
5805028000017721602,2023-11-19 15:23:00,Jane Smith,5805028000015309204,Outbound,4.0,Attended Dialled,Completed,0.0,False
5805028000056472033,2024-06-19 17:17:00,Ian Miller,5805028000023277001,Outbound,0.0,Unattended Dialled,Completed,0.0,False
5805028000030079272,2024-02-04 13:24:00,Yara Edwards,5805028000030078206,Outbound,0.0,Unattended Dialled,Completed,0.0,False
5805028000032755763,2024-02-19 16:54:00,Charlie Davis,5805028000019758057,Outbound,800.0,Attended Dialled,Completed,0.0,False
5805028000049615270,2024-05-13 11:01:00,Yara Edwards,5805028000049568134,Missed,0.0,Missed,,,False
5805028000008214001,2023-09-20 12:27:00,Diana Evans,5805028000006513452,Inbound,943.0,Received,,,False
5805028000029381034,2024-01-31 15:55:00,Charlie Davis,5805028000023903349,Inbound,150.0,Received,,,False
5805028000056834459,2024-06-21 15:03:00,Derek James,5805028000022524164,Inbound,564.0,Received,,,False
5805028000031049164,2024-02-09 12:25:00,Amy Green,5805028000029108336,Inbound,114.0,Received,,,False
5805028000050965528,2024-05-21 15:49:00,Paula Underwood,5805028000050965290,Outbound,1418.0,Attended Dialled,Completed,0.0,False
5805028000009670322,2023-10-02 13:11:00,Diana Evans,5805028000005818063,Outbound,37.0,Attended Dialled,Completed,0.0,False
5805028000054756655,2024-06-12 13:57:00,Julia Nelson,5805028000054761411,Outbound,7.0,Attended Dialled,Completed,0.0,False
5805028000032541007,2024-02-16 17:32:00,Charlie Davis,5805028000007846891,Outbound,260.0,Attended Dialled,Completed,0.0,False
5805028000053717780,2024-06-06 17:23:00,Kevin Parker,5805028000008018020,Inbound,359.0,Received,,,False
5805028000016632421,2023-11-13 12:29:00,Diana Evans,5805028000015169885,Outbound,29.0,Attended Dialled,Completed,0.0,False
5805028000031662003,2024-02-13 10:27:00,John Doe,5805028000015169885,Outbound,696.0,Attended Dialled,Completed,0.0,False
5805028000051868989,2024-05-27 11:10:00,Julia Nelson,5805028000051402317,Outbound,0.0,Unattended Dialled,Completed,0.0,False
5805028000011225053,2023-10-12 12:34:00,John Doe,5805028000004705195,Outbound,211.0,Attended Dialled,Completed,0.0,False
5805028000032127394,2024-02-15 16:38:00,Quincy Vincent,5805028000007822911,Missed,0.0,Missed,,,False
5805028000052590163,2024-05-30 13:04:00,Victor Barnes,5805028000038234368,Outbound,407.0,Attended Dialled,Completed,0.0,False
5805028000010673362,2023-10-10 12:34:00,Ian Miller,5805028000010679201,Outbound,113.0,Attended Dialled,Completed,0.0,False
5805028000035795142,2024-03-05 19:17:00,Amy Green,5805028000035616925,Outbound,43.0,Attended Dialled,Completed,0.0,False
5805028000028019573,2024-01-24 14:34:00,Quincy Vincent,5805028000026136977,Outbound,4.0,Attended Dialled,Completed,0.0,False
5805028000032512593,2024-02-17 12:52:00,Charlie Davis,5805028000028545340,Missed,0.0,Missed,,,False
5805028000007822899,2023-09-16 19:11:00,Charlie Davis,5805028000007846891,Outbound,5.0,Attended Dialled,Completed,0.0,False
5805028000050574070,2024-05-17 16:46:00,Nina Scott,5805028000050318094,Outbound,0.0,Unattended Dialled,Completed,0.0,False
5805028000045957998,2024-04-24 12:46:00,Kevin Parker,5805028000037552715,Outbound,4.0,Attended Dialled,Completed,0.0,False
5805028000035722265,2024-03-05 16:55:00,Quincy Vincent,5805028000032701078,Outbound,91.0,Attended Dialled,Completed,0.0,False
5805028000006509208,2023-09-02 18:59:00,Jane Smith,5805028000006508050,Outbound,0.0,Unattended Dialled,Completed,0.0,False
5805028000018315193,2023-11-22 11:44:00,Kevin Parker,5805028000014500034,Outbound,50.0,Attended Dialled,Completed,0.0,False
5805028000041211407,2024-04-02 17:41:00,Amy Green,5805028000040588377,Missed,0.0,Missed,,,False
5805028000045320880,2024-04-21 14:05:00,Paula Underwood,5805028000045320378,Outbound,7.0,Attended Dialled,Completed,0.0,False
5805028000009192101,2023-09-27 17:50:00,Diana Evans,5805028000009072093,Outbound,14.0,Attended Dialled,Completed,0.0,False
5805028000005026046,2023-08-17 18:46:00,Charlie Davis,5805028000004910006,Outbound,50.0,Attended Dialled,Completed,0.0,False
5805028000027224066,2024-01-19 15:16:00,Rachel White,5805028000004572702,Outbound,102.0,Attended Dialled,Completed,0.0,False
5805028000026097149,2024-01-15 16:46:00,Xander Dean,5805028000025619052,Outbound,214.0,Attended Dialled,Completed,0.0,False
5805028000028302939,2024-01-26 13:13:00,Kevin Parker,5805028000019904148,Outbound,7.0,Attended Dialled,Completed,0.0,False
5805028000053260611,2024-06-04 10:17:00,Charlie Davis,5805028000044868214,Missed,0.0,Missed,,,False
5805028000006515127,2023-09-02 14:57:00,Jane Smith,5805028000001404153,Outbound,29.0,Attended Dialled,Completed,0.0,False
5805028000019629494,2023-12-04 16:46:00,Ian Miller,5805028000019420803,Outbound,934.0,Attended Dialled,Completed,0.0,False
5805028000033270964,2024-02-22 12:13:00,Ulysses Adams,5805028000023335600,Outbound,9.0,Attended Dialled,Completed,0.0,False
5805028000050290271,2024-05-16 11:51:00,Paula Underwood,5805028000032975211,Missed,0.0,Missed,,,False
5805028000036604788,2024-03-11 12:36:00,Victor Barnes,5805028000035471762,Outbound,5.0,Attended Dialled,Completed,0.0,False
5805028000041924976,2024-04-05 14:10:00,Kevin Parker,5805028000028560052,Outbound,73.0,Attended Dialled,Completed,0.0,False
5805028000037700110,2024-03-15 12:31:00,Amy Green,5805028000037561700,Outbound,0.0,Unattended Dialled,Completed,0.0,False
5805028000050963224,2024-05-21 14:37:00,Quincy Vincent,5805028000042682317,Missed,0.0,Missed,,,False
5805028000037531030,2024-03-14 14:42:00,Julia Nelson,5805028000036951161,Outbound,1130.0,Attended Dialled,Completed,0.0,False
5805028000019000693,2023-11-29 15:31:00,Julia Nelson,5805028000017756471,Inbound,161.0,Received,,,False
5805028000030169063,2024-02-05 12:54:00,John Doe,5805028000005268612,Outbound,6.0,Attended Dialled,Completed,0.0,False
5805028000009238079,2023-09-28 10:32:00,Diana Evans,5805028000008965420,Outbound,10.0,Attended Dialled,Completed,0.0,False
5805028000041195289,2024-04-02 15:28:00,Kevin Parker,5805028000015618166,Outbound,5.0,Attended Dialled,Completed,0.0,False
5805028000035358683,2024-03-02 16:54:00,Charlie Davis,5805028000035351214,Outbound,0.0,Unattended Dialled,Completed,0.0,False
5805028000047931167,2024-05-03 18:00:00,Derek James,5805028000024296179,Outbound,104.0,Attended Dialled,Completed,0.0,False
5805028000052377503,2024-05-29 15:46:00,Paula Underwood,5805028000050006665,Outbound,430.0,Attended Dialled,Completed,0.0,False
5805028000008804222,2023-09-24 10:34:00,Diana Evans,5805028000003422640,Outbound,0.0,Unattended Dialled,Completed,0.0,False
5805028000025487218,2024-01-11 15:48:00,John Doe,5805028000009072093,Outbound,23.0,Attended Dialled,Completed,0.0,False
5805028000023498164,2023-12-28 13:06:00,Nina Scott,5805028000009141139,Outbound,4.0,Attended Dialled,Completed,0.0,False
5805028000035155029,2024-02-29 16:24:00,Ulysses Adams,5805028000028600516,Outbound,117.0,Attended Dialled,Completed,0.0,False
5805028000048588179,2024-05-07 16:03:00,Derek James,5805028000028437096,Outbound,0.0,Unattended Dialled,Completed,0.0,False
5805028000039632400,2024-03-25 15:51:00,Ian Miller,5805028000031986152,Inbound,230.0,Received,,,False
5805028000028916331,2024-01-30 13:33:00,Amy Green,5805028000028873341,Outbound,314.0,Attended Dialled,Completed,0.0,False
5805028000044707384,2024-04-17 18:29:00,Cara Iverson,5805028000044711331,Outbound,0.0,Unattended Dialled,Completed,0.0,False
5805028000042113614,2024-04-06 11:53:00,Cara Iverson,5805028000041930317,Outbound,878.0,Attended Dialled,Completed,0.0,False
5805028000039632622,2024-03-25 17:35:00,Ulysses Adams,5805028000037052004,Outbound,56.0,Attended Dialled,Completed,0.0,False
5805028000042067278,2024-04-05 17:15:00,Kevin Parker,5805028000039381022,Outbound,5.0,Attended Dialled,Completed,0.0,False
5805028000028154745,2024-01-25 12:12:00,Ulysses Adams,5805028000009547964,Outbound,64.0,Attended Dialled,Completed,0.0,False
5805028000022267157,2023-12-20 10:57:00,Ian Miller,5805028000022149595,Outbound,9.0,Attended Dialled,Completed,0.0,False
5805028000028019408,2024-01-24 13:08:00,John Doe,5805028000022954337,Outbound,158.0,Attended Dialled,Completed,0.0,False
5805028000053382039,2024-06-04 14:02:00,Julia Nelson,5805028000052391815,Outbound,11.0,Attended Dialled,Completed,0.0,False
5805028000015396034,2023-11-06 11:07:00,Mason Roberts,5805028000015329352,Outbound,621.0,Attended Dialled,Completed,0.0,False
5805028000034429405,2024-02-27 11:41:00,Nina Scott,5805028000025817526,Outbound,114.0,Attended Dialled,Completed,0.0,False
5805028000028044498,2024-01-24 11:33:00,Yara Edwards,5805028000028005170,Outbound,338.0,Attended Dialled,Completed,0.0,False
5805028000033678122,2024-02-23 12:57:00,Ian Miller,5805028000033666233,Outbound,9.0,Attended Dialled,Completed,0.0,False
5805028000052823143,2024-05-31 11:49:00,Yara Edwards,5805028000043643120,Inbound,64.0,Received,,,False
5805028000012838013,2023-10-20 13:33:00,Julia Nelson,5805028000010174116,Outbound,49.0,Attended Dialled,Completed,0.0,False
5805028000038217160,2024-03-18 17:09:00,Amy Green,5805028000028886300,Outbound,508.0,Attended Dialled,Completed,0.0,False
5805028000029943016,2024-02-02 18:14:00,Amy Green,5805028000003298106,Outbound,6.0,Attended Dialled,Completed,0.0,False
5805028000041755658,2024-04-04 17:05:00,Cara Iverson,5805028000040947100,Outbound,0.0,Unattended Dialled,Completed,0.0,False
5805028000046541057,2024-04-25 18:12:00,Yara Edwards,5805028000045339956,Outbound,24.0,Attended Dialled,Completed,0.0,False
5805028000004559171,2023-08-12 11:21:00,Charlie Davis,5805028000003014152,Outbound,8.0,Attended Dialled,Completed,0.0,False
5805028000047481161,2024-04-30 14:38:00,Quincy Vincent,5805028000042262066,Outbound,155.0,Attended Dialled,Completed,0.0,False
5805028000044523490,2024-04-17 11:39:00,Cara Iverson,5805028000044468452,Outbound,605.0,Attended Dialled,Completed,0.0,False
5805028000056447122,2024-06-19 17:59:00,Derek James,5805028000026130607,Outbound,8.0,Attended Dialled,Completed,0.0,False
5805028000049180564,2024-05-10 15:52:00,Paula Underwood,5805028000047718188,Outbound,0.0,Unattended Dialled,Completed,0.0,False
5805028000054248449,2024-06-10 15:45:00,Nina Scott,5805028000054238317,Outbound,37.0,Attended Dialled,Completed,0.0,False
5805028000028770317,2024-01-29 16:58:00,Kevin Parker,5805028000028603191,Outbound,648.0,Attended Dialled,Completed,0.0,False
5805028000042448433,2024-04-08 15:43:00,Amy Green,5805028000042445164,Outbound,343.0,Attended Dialled,Completed,0.0,False
5805028000009998447,2023-10-05 11:13:00,Ian Miller,5805028000000961001,Outbound,0.0,Unattended Dialled,Completed,0.0,False
5805028000014842264,2023-11-01 15:53:00,Charlie Davis,5805028000005614110,Outbound,95.0,Attended Dialled,Completed,0.0,False
5805028000028401271,2024-01-26 14:54:00,John Doe,5805028000015996001,Outbound,14.0,Attended Dialled,Completed,0.0,False
5805028000040874165,2024-04-01 18:44:00,Cara Iverson,5805028000040700059,Outbound,0.0,Unattended Dialled,Completed,0.0,False
5805028000051110975,2024-05-22 18:19:00,Amy Green,5805028000051092658,Outbound,1190.0,Attended Dialled,Completed,0.0,False
5805028000009588741,2023-10-01 16:39:00,Jane Smith,5805028000007769046,Inbound,40.0,Received,,,False
5805028000046291071,2024-04-24 18:17:00,Derek James,5805028000022524164,Inbound,535.0,Received,,,False
5805028000004572073,2023-08-11 17:27:00,Charlie Davis,5805028000004405059,Outbound,1726.0,Attended Dialled,Completed,0.0,False
5805028000046286642,2024-04-25 10:50:00,Ulysses Adams,5805028000008092369,Missed,0.0,Missed,,,False
5805028000011056006,2023-10-11 14:47:00,John Doe,5805028000003659169,Outbound,748.0,Attended Dialled,Completed,0.0,False
5805028000006362132,2023-08-31 12:01:00,Jane Smith,5805028000001880249,Outbound,250.0,Attended Dialled,Completed,0.0,False
5805028000039928566,2024-03-27 11:18:00,Ulysses Adams,5805028000028886300,Outbound,4.0,Attended Dialled,Completed,0.0,False
5805028000052706903,2024-05-31 09:05:00,Paula Underwood,5805028000019430168,Missed,0.0,Missed,,,False
5805028000011766327,2023-10-16 13:31:00,Ian Miller,5805028000011756235,Outbound,184.0,Attended Dialled,Completed,0.0,False
5805028000019004705,2023-11-29 12:20:00,Diana Evans,5805028000018991530,Inbound,2029.0,Received,,,False
5805028000047701765,2024-05-02 14:08:00,Quincy Vincent,5805028000002897390,Outbound,6.0,Attended Dialled,Completed,0.0,False
5805028000041049511,2024-04-02 13:17:00,Ben Hall,5805028000014659028,Outbound,5.0,Attended Dialled,Completed,0.0,False
5805028000010428199,2023-10-07 15:06:00,Julia Nelson,5805028000006620232,Outbound,866.0,Attended Dialled,Completed,0.0,False
5805028000042828754,2024-04-10 15:04:00,Ian Miller,5805028000041648001,Outbound,5.0,Attended Dialled,Completed,0.0,False
5805028000021075133,2023-12-12 17:20:00,John Doe,5805028000011156341,Outbound,137.0,Attended Dialled,Completed,0.0,False
5805028000007842054,2023-09-15 11:59:00,Diana Evans,5805028000003329100,Outbound,182.0,Attended Dialled,Completed,0.0,False
5805028000043113456,2024-04-11 12:43:00,Kevin Parker,5805028000030163124,Outbound,0.0,Unattended Dialled,Completed,0.0,False
5805028000005285060,2023-08-21 11:10:00,Ethan Harris,5805028000002895607,Outbound,7.0,Attended Dialled,Completed,0.0,False
5805028000029376359,2024-01-31 18:40:00,Charlie Davis,5805028000028545340,Inbound,420.0,Received,,,False
5805028000002901386,2023-07-23 15:03:00,Alice Johnson,5805028000001880503,Outbound,0.0,Unattended Dialled,Completed,0.0,False
5805028000034039040,2024-02-25 11:17:00,Yara Edwards,5805028000020442414,Outbound,769.0,Attended Dialled,Completed,0.0,False
5805028000025850592,2024-01-12 20:11:00,Nina Scott,5805028000025325868,Outbound,11.0,Attended Dialled,Completed,0.0,False
5805028000025152067,2024-01-09 16:12:00,Rachel White,5805028000024391553,Outbound,370.0,Attended Dialled,Completed,0.0,False
5805028000033667181,2024-02-23 13:05:00,Kevin Parker,5805028000027446812,Outbound,11.0,Attended Dialled,Completed,0.0,False
5805028000036920235,2024-03-12 10:36:00,Quincy Vincent,5805028000035774704,Outbound,2851.0,Attended Dialled,Completed,0.0,False
5805028000053242620,2024-06-04 11:42:00,Eva Kent,5805028000051880040,Outbound,0.0,Unattended Dialled,Completed,0.0,False
5805028000050973585,2024-05-21 16:44:00,John Doe,5805028000049792171,Missed,0.0,Missed,,,False
5805028000043906058,2024-04-15 14:56:00,Charlie Davis,5805028000009360523,Inbound,601.0,Received,,,False
5805028000023529682,2023-12-28 18:58:00,Julia Nelson,5805028000023498212,Outbound,5.0,Attended Dialled,Completed,0.0,False
5805028000011401323,2023-10-13 10:37:00,Charlie Davis,5805028000009580061,Outbound,7.0,Attended Dialled,Completed,0.0,False
5805028000025862360,2024-01-12 18:02:00,Ulysses Adams,5805028000019919415,Outbound,70.0,Attended Dialled,Completed,0.0,False
5805028000018821503,2023-11-27 14:37:00,John Doe,5805028000009566384,Outbound,0.0,Unattended Dialled,Completed,0.0,False
5805028000033874896,2024-02-24 19:33:00,Yara Edwards,5805028000033422012,Outbound,4.0,Attended Dialled,Completed,0.0,False
5805028000038725691,2024-03-20 16:26:00,Nina Scott,5805028000038526596,Outbound,0.0,Unattended Dialled,Completed,0.0,False
5805028000024533617,2024-01-06 22:46:00,John Doe,5805028000002350048,Missed,0.0,Missed,,,False
5805028000041171673,2024-04-02 18:47:00,Ben Hall,5805028000041040186,Outbound,1.0,Attended Dialled,Completed,0.0,False
5805028000045321323,2024-04-21 11:00:00,Victor Barnes,5805028000040727203,Outbound,8.0,Attended Dialled,Completed,0.0,False
5805028000013561024,2023-10-25 09:30:00,John Doe,5805028000007855880,Missed,0.0,Missed,,,False
5805028000004598102,2023-08-12 11:21:00,Charlie Davis,5805028000003014152,Outbound,5.0,Attended Dialled,Completed,0.0,False
5805028000006113046,2023-08-29 16:48:00,Diana Evans,5805028000005254908,Outbound,943.0,Attended Dialled,Completed,0.0,False
5805028000038061707,2024-03-18 12:12:00,Cara Iverson,5805028000027427115,Outbound,12.0,Attended Dialled,Completed,0.0,False
5805028000029281092,2024-01-31 11:09:00,Kevin Parker,5805028000024709067,Outbound,5.0,Attended Dialled,Completed,0.0,False
5805028000033756045,2024-02-23 15:36:00,John Doe,5805028000017921187,Inbound,380.0,Received,,,False
5805028000055821227,2024-06-17 12:37:00,Nina Scott,5805028000019420803,Outbound,10.0,Attended Dialled,Completed,0.0,False
5805028000038234670,2024-03-19 13:49:00,Ian Miller,5805028000018815246,Outbound,50.0,Attended Dialled,Completed,0.0,False
5805028000051389145,2024-05-23 11:14:00,Nina Scott,5805028000051090148,Outbound,34.0,Attended Dialled,Completed,0.0,False
5805028000026725171,2024-01-18 12:53:00,Charlie Davis,5805028000013165107,Outbound,0.0,Unattended Dialled,Completed,0.0,False
5805028000047336625,2024-04-30 13:12:00,Quincy Vincent,5805028000044674634,Outbound,6.0,Attended Dialled,Completed,0.0,False
5805028000018151093,2023-11-21 12:55:00,Ethan Harris,5805028000008783552,Outbound,73.0,Attended Dialled,Completed,0.0,False
5805028000052590001,2024-05-30 09:51:00,Ulysses Adams,5805028000052213112,Outbound,5.0,Attended Dialled,Completed,0.0,False
5805028000042457283,2024-04-08 15:39:00,Yara Edwards,5805028000042291792,Outbound,5.0,Attended Dialled,Completed,0.0,False
5805028000018952580,2023-11-28 19:40:00,Nina Scott,5805028000018706062,Missed,0.0,Missed,,,False
5805028000044835693,2024-04-18 17:34:00,Derek James,5805028000033317473,Outbound,0.0,Unattended Dialled,Completed,0.0,False
5805028000056185088,2024-06-18 11:49:00,Charlie Davis,5805028000048362508,Outbound,21.0,Attended Dialled,Completed,0.0,False
5805028000052813625,2024-05-31 15:09:00,Derek James,5805028000008097198,Outbound,427.0,Attended Dialled,Completed,0.0,False
5805028000046450208,2024-04-25 17:33:00,Kevin Parker,5805028000040664449,Outbound,5.0,Attended Dialled,Completed,0.0,False
5805028000043467672,2024-04-12 14:24:00,Victor Barnes,5805028000042811188,Outbound,33.0,Attended Dialled,Completed,0.0,False
5805028000025018172,2024-01-09 12:30:00,Kevin Parker,5805028000024346130,Outbound,136.0,Attended Dialled,Completed,0.0,False
5805028000025479194,2024-01-11 14:45:00,Quincy Vincent,5805028000019629158,Outbound,9.0,Attended Dialled,Completed,0.0,False
5805028000048168089,2024-05-04 15:58:00,Ben Hall,5805028000047637331,Outbound,7.0,Attended Dialled,Completed,0.0,False
5805028000007410169,2023-09-13 12:40:00,Jane Smith,5805028000007409076,Outbound,915.0,Attended Dialled,Completed,0.0,False
5805028000033662195,2024-02-23 12:25:00,Kevin Parker,5805028000030641380,Outbound,404.0,Attended Dialled,Completed,0.0,False
5805028000009821438,2023-10-03 14:07:00,Charlie Davis,5805028000009363369,Outbound,5.0,Attended Dialled,Completed,0.0,False
5805028000020288150,2023-12-08 12:43:00,Diana Evans,5805028000020315018,Outbound,65.0,Attended Dialled,Completed,0.0,False
5805028000043923341,2024-04-15 19:22:00,Ulysses Adams,5805028000043643120,Outbound,29.0,Attended Dialled,Completed,0.0,False
5805028000031071104,2024-02-09 11:50:00,Amy Green,5805028000016622217,Inbound,205.0,Received,,,False
5805028000029243368,2024-01-31 13:37:00,Amy Green,5805028000029138167,Outbound,16.0,Attended Dialled,Completed,0.0,False
5805028000019274273,2023-11-30 16:05:00,Kevin Parker,5805028000018811695,Missed,0.0,Missed,,,False
5805028000056685595,2024-06-20 17:11:00,Victor Barnes,5805028000045957966,Outbound,29.0,Attended Dialled,Completed,0.0,False
5805028000007476064,2023-09-13 16:46:00,Hannah Lee,5805028000007037001,Outbound,133.0,Attended Dialled,Completed,0.0,False
5805028000050313149,2024-05-16 11:17:00,Victor Barnes,5805028000002897390,Outbound,57.0,Attended Dialled,Completed,0.0,False
5805028000009349515,2023-09-29 13:07:00,Diana Evans,5805028000006513452,Outbound,302.0,Attended Dialled,Completed,0.0,False
5805028000020942291,2023-12-12 13:35:00,John Doe,5805028000016627883,Inbound,123.0,Received,,,False
5805028000011248046,2023-10-12 12:29:00,John Doe,5805028000007102201,Outbound,108.0,Attended Dialled,Completed,0.0,False
5805028000028019933,2024-01-24 18:31:00,Yara Edwards,5805028000028022895,Outbound,217.0,Attended Dialled,Completed,0.0,False
5805028000034490495,2024-02-27 15:27:00,John Doe,5805028000020431055,Outbound,202.0,Attended Dialled,Completed,0.0,False
5805028000012927407,2023-10-20 20:21:00,Julia Nelson,5805028000012889487,Outbound,6.0,Attended Dialled,Completed,0.0,False
5805028000018046366,2023-11-21 12:16:00,Oliver Taylor,5805028000011330054,Outbound,17.0,Attended Dialled,Completed,0.0,False
5805028000035065015,2024-02-29 12:01:00,Amy Green,5805028000028593912,Outbound,14.0,Attended Dialled,Completed,0.0,False
5805028000005836363,2023-08-26 17:00:00,Charlie Davis,5805028000002822001,Outbound,0.0,Unattended Dialled,Completed,0.0,False
5805028000019277029,2023-11-30 13:49:00,Nina Scott,5805028000018423649,Inbound,858.0,Received,,,False
5805028000018308205,2023-11-22 13:22:00,Diana Evans,5805028000017839280,Outbound,11.0,Attended Dialled,Completed,0.0,False
5805028000053697753,2024-06-06 14:16:00,Charlie Davis,5805028000043450632,Missed,0.0,Missed,,,False
5805028000051689574,2024-05-25 12:37:00,Charlie Davis,5805028000004088585,Outbound,0.0,Unattended Dialled,Completed,0.0,False
5805028000009901107,2023-10-03 18:24:00,Ian Miller,5805028000009236149,Outbound,61.0,Attended Dialled,Completed,0.0,False
5805028000034907693,2024-02-29 11:08:00,Ulysses Adams,5805028000005608130,Outbound,22.0,Attended Dialled,Completed,0.0,False
5805028000002942202,2023-07-22 18:51:00,Alice Johnson,5805028000002294001,Outbound,4.0,Attended Dialled,Completed,0.0,False
5805028000048607165,2024-05-07 15:59:00,Julia Nelson,5805028000036951161,Missed,0.0,Missed,,,False
5805028000044883543,2024-04-18 16:33:00,Derek James,5805028000031354976,Outbound,577.0,Attended Dialled,Completed,0.0,False
5805028000024807009,2024-01-08 12:04:00,Kevin Parker,5805028000017915511,Outbound,64.0,Attended Dialled,Completed,0.0,False
5805028000046527136,2024-04-25 19:34:00,Victor Barnes,5805028000040727203,Outbound,22.0,Attended Dialled,Completed,0.0,False
5805028000037532334,2024-03-14 16:52:00,Yara Edwards,5805028000009701425,Outbound,419.0,Attended Dialled,Completed,0.0,False
5805028000035713460,2024-03-05 16:15:00,Ulysses Adams,5805028000035595227,Outbound,6.0,Attended Dialled,Completed,0.0,False
5805028000020322859,2023-12-08 20:34:00,John Doe,5805028000010531027,Inbound,133.0,Received,,,False
5805028000034476251,2024-02-27 13:21:00,Nina Scott,5805028000033864962,Outbound,1058.0,Attended Dialled,Completed,0.0,False
5805028000016831044,2023-11-14 13:42:00,Diana Evans,5805028000016623783,Outbound,632.0,Attended Dialled,Completed,0.0,False
5805028000042445645,2024-04-08 18:10:00,Yara Edwards,5805028000042461074,Outbound,597.0,Attended Dialled,Completed,0.0,False
5805028000050254863,2024-05-17 10:37:00,Paula Underwood,5805028000049081001,Outbound,1044.0,Attended Dialled,Completed,0.0,False
5805028000050147080,2024-05-15 16:51:00,Quincy Vincent,5805028000036736113,Outbound,0.0,Unattended Dialled,Completed,0.0,False
5805028000028733006,2024-01-29 11:53:00,Zachary Foster,5805028000005153321,Outbound,5.0,Attended Dialled,Completed,0.0,False
5805028000046867117,2024-04-26 17:48:00,Nina Scott,5805028000046311309,Missed,0.0,Missed,,,False
5805028000024149051,2024-01-03 11:36:00,Charlie Davis,5805028000023872548,Outbound,10.0,Attended Dialled,Completed,0.0,False
5805028000031179062,2024-02-09 16:53:00,Ulysses Adams,5805028000009354181,Outbound,360.0,Attended Dialled,Completed,0.0,False
5805028000048410045,2024-05-06 15:06:00,Derek James,5805028000036835130,Outbound,497.0,Attended Dialled,Completed,0.0,False
5805028000043836877,2024-04-15 11:33:00,Ulysses Adams,5805028000035088015,Inbound,540.0,Received,,,False
5805028000038733464,2024-03-20 12:57:00,Charlie Davis,5805028000005185460,Outbound,92.0,Attended Dialled,Completed,0.0,False
5805028000044901536,2024-04-18 13:53:00,Cara Iverson,5805028000044342562,Outbound,1816.0,Attended Dialled,Completed,0.0,False
5805028000011532055,2023-10-13 13:39:00,Mason Roberts,5805028000010678053,Outbound,0.0,Unattended Dialled,Completed,0.0,False
5805028000018547939,2023-11-24 14:07:00,Ian Miller,5805028000017641723,Outbound,6.0,Attended Dialled,Completed,0.0,False
5805028000007861506,2023-09-16 18:25:00,George King,5805028000006620232,Outbound,42.0,Attended Dialled,Completed,0.0,False
5805028000052213259,2024-05-28 12:26:00,Kevin Parker,5805028000033276868,Inbound,320.0,Received,,,False
5805028000009142277,2023-09-27 12:22:00,Kevin Parker,5805028000009139067,Outbound,4.0,Attended Dialled,Completed,0.0,False
5805028000023498188,2023-12-28 13:16:00,Rachel White,5805028000014077165,Outbound,96.0,Attended Dialled,Completed,0.0,False
5805028000048788581,2024-05-08 15:35:00,Ben Hall,5805028000037097355,Outbound,2172.0,Attended Dialled,Completed,0.0,False
5805028000033304759,2024-02-22 11:10:00,Amy Green,5805028000032569128,Outbound,14.0,Attended Dialled,Completed,0.0,False
5805028000045468242,2024-04-22 14:01:00,Amy Green,5805028000044868214,Outbound,9.0,Attended Dialled,Completed,0.0,False
5805028000050841474,2024-05-20 16:14:00,Victor Barnes,5805028000002897390,Outbound,24.0,Attended Dialled,Completed,0.0,False
5805028000033278526,2024-02-21 17:40:00,John Doe,5805028000024034004,Outbound,520.0,Attended Dialled,Completed,0.0,False
5805028000018559904,2023-11-24 16:28:00,Diana Evans,5805028000017930711,Outbound,7.0,Attended Dialled,Completed,0.0,False
5805028000038232346,2024-03-18 18:34:00,Cara Iverson,5805028000021439001,Outbound,10.0,Attended Dialled,Completed,0.0,False
5805028000034911379,2024-02-28 20:16:00,Quincy Vincent,5805028000026249044,Missed,0.0,Missed,,,False
5805028000015019134,2023-11-02 14:02:00,John Doe,5805028000013654209,Inbound,105.0,Received,,,False
5805028000015573486,2023-11-07 10:17:00,Kevin Parker,5805028000015007501,Outbound,4.0,Attended Dialled,Completed,0.0,False
5805028000025298653,2024-01-10 18:09:00,Paula Underwood,5805028000009044013,Outbound,116.0,Attended Dialled,Completed,0.0,False
5805028000003669232,2023-08-03 13:42:00,Charlie Davis,5805028000003659169,Outbound,0.0,Unattended Dialled,Completed,0.0,False
5805028000012900172,2023-10-20 16:15:00,Kevin Parker,5805028000012764029,Outbound,475.0,Attended Dialled,Completed,0.0,False
5805028000040244881,2024-03-28 15:28:00,Cara Iverson,5805028000040122396,Outbound,0.0,Unattended Dialled,Completed,0.0,False
5805028000040234398,2024-03-28 14:03:00,Yara Edwards,5805028000040212085,Outbound,4.0,Attended Dialled,Completed,0.0,False
5805028000002292044,2023-07-18 20:02:00,Alice Johnson,5805028000002294737,Outbound,19.0,Attended Dialled,Completed,0.0,False
5805028000018413475,2023-11-22 21:03:00,Nina Scott,5805028000014500034,Outbound,93.0,Attended Dialled,Completed,0.0,False
5805028000004260057,2023-08-09 15:34:00,Diana Evans,5805028000004092445,Outbound,1207.0,Attended Dialled,Completed,0.0,False
5805028000014577205,2023-10-31 18:44:00,Jane Smith,5805028000014593291,Outbound,675.0,Attended Dialled,Completed,0.0,False
5805028000047709562,2024-05-02 14:12:00,Quincy Vincent,5805028000013431015,Outbound,7.0,Attended Dialled,Completed,0.0,False
5805028000022303221,2023-12-20 10:25:00,Julia Nelson,5805028000014077165,Outbound,19.0,Attended Dialled,Completed,0.0,False
5805028000038763488,2024-03-20 14:42:00,Charlie Davis,5805028000037552715,Outbound,5.0,Attended Dialled,Completed,0.0,False
5805028000034075162,2024-02-25 15:36:00,Julia Nelson,5805028000021439001,Outbound,11.0,Attended Dialled,Completed,0.0,False
5805028000040103041,2024-03-27 16:54:00,Ben Hall,5805028000037531303,Outbound,7.0,Attended Dialled,Completed,0.0,False
5805028000047654444,2024-05-01 19:11:00,Yara Edwards,5805028000047472979,Missed,0.0,Missed,,,False
5805028000019412288,2023-12-01 15:28:00,Paula Underwood,5805028000017641723,Outbound,292.0,Attended Dialled,Completed,0.0,False
5805028000009998372,2023-10-05 10:37:00,Julia Nelson,5805028000002940630,Outbound,48.0,Attended Dialled,Completed,0.0,False
5805028000022918528,2023-12-24 14:03:00,Ulysses Adams,5805028000020322243,Outbound,297.0,Attended Dialled,Completed,0.0,False
5805028000045218927,2024-04-20 15:37:00,Ben Hall,5805028000039766172,Outbound,10.0,Attended Dialled,Completed,0.0,False
5805028000028161154,2024-01-24 19:01:00,Yara Edwards,5805028000028022776,Outbound,6.0,Attended Dialled,Completed,0.0,False
5805028000030618230,2024-02-07 17:56:00,Victor Barnes,5805028000029937990,Outbound,141.0,Attended Dialled,Completed,0.0,False
5805028000035341208,2024-03-01 18:43:00,Amy Green,5805028000034694613,Outbound,14.0,Attended Dialled,Completed,0.0,False
5805028000025505125,2024-01-11 14:43:00,Kevin Parker,5805028000016003068,Outbound,0.0,Unattended Dialled,Completed,0.0,False
5805028000011620516,2023-10-14 13:05:00,Charlie Davis,5805028000011610290,Outbound,4.0,Attended Dialled,Completed,0.0,False
5805028000055819057,2024-06-17 11:28:00,Victor Barnes,5805028000027703274,Outbound,6.0,Attended Dialled,Completed,0.0,False
5805028000037669038,2024-03-15 10:12:00,Kevin Parker,5805028000032829003,Outbound,26.0,Attended Dialled,Completed,0.0,False
5805028000020309174,2023-12-08 11:14:00,Kevin Parker,5805028000018961523,Outbound,5.0,Attended Dialled,Completed,0.0,False
5805028000040457034,2024-03-29 17:11:00,Cara Iverson,5805028000040122396,Outbound,0.0,Unattended Dialled,Completed,0.0,False
5805028000048365742,2024-05-06 17:55:00,Julia Nelson,5805028000004705095,Outbound,5.0,Attended Dialled,Completed,0.0,False
5805028000018987739,2023-11-29 11:29:00,Ian Miller,5805028000017753123,Outbound,8.0,Attended Dialled,Completed,0.0,False
5805028000019312170,2023-11-30 18:04:00,Diana Evans,5805028000018758841,Outbound,221.0,Attended Dialled,Completed,0.0,False
5805028000053858230,2024-06-07 13:35:00,Derek James,5805028000050301933,Outbound,20.0,Attended Dialled,Completed,0.0,False
5805028000048464518,2024-05-07 13:38:00,Ulysses Adams,5805028000042461074,Missed,0.0,Missed,,,False
5805028000013391140,2023-10-24 15:05:00,Ian Miller,5805028000009969076,Outbound,7.0,Attended Dialled,Completed,0.0,False
5805028000014103788,2023-10-28 16:05:00,Ian Miller,5805028000013846789,Outbound,0.0,Unattended Dialled,Completed,0.0,False
5805028000016271206,2023-11-10 11:22:00,Julia Nelson,5805028000010410365,Inbound,268.0,Received,,,False
5805028000019212042,2023-11-30 11:53:00,Quincy Vincent,5805028000017753123,Outbound,3483.0,Attended Dialled,Completed,0.0,False
5805028000047718320,2024-05-02 12:22:00,Paula Underwood,5805028000018719284,Outbound,101.0,Attended Dialled,Completed,0.0,False
5805028000006520001,2023-09-01 15:43:00,Diana Evans,5805028000002822001,Outbound,0.0,Unattended Dialled,Completed,0.0,False
5805028000034011919,2024-02-26 10:36:00,Paula Underwood,5805028000013061125,Missed,0.0,Missed,,,False
5805028000007840681,2023-09-16 11:58:00,Charlie Davis,5805028000005852680,Outbound,192.0,Attended Dialled,Completed,0.0,False
5805028000009542963,2023-10-01 17:33:00,George King,5805028000007861173,Outbound,2.0,Attended Dialled,Completed,0.0,False
5805028000045323566,2024-04-21 17:37:00,Yara Edwards,5805028000045312804,Outbound,7.0,Attended Dialled,Completed,0.0,False
5805028000023693094,2023-12-29 11:46:00,Kevin Parker,5805028000017837213,Outbound,5.0,Attended Dialled,Completed,0.0,False
5805028000056489108,2024-06-19 18:01:00,Derek James,5805028000039296313,Outbound,973.0,Attended Dialled,Completed,0.0,False
5805028000028748520,2024-01-29 16:48:00,John Doe,5805028000008246089,Inbound,71.0,Received,,,False
5805028000032956224,2024-02-20 13:16:00,Yara Edwards,5805028000032975211,Outbound,490.0,Attended Dialled,Completed,0.0,False
5805028000040549707,2024-03-30 11:35:00,Yara Edwards,5805028000040548134,Outbound,22.0,Attended Dialled,Completed,0.0,False
5805028000048785764,2024-05-08 15:46:00,Paula Underwood,5805028000047718188,Outbound,0.0,Unattended Dialled,Completed,0.0,False
5805028000037129667,2024-03-13 13:23:00,Yara Edwards,5805028000037101500,Outbound,36.0,Attended Dialled,Completed,0.0,False
5805028000050862312,2024-05-20 11:49:00,Ulysses Adams,5805028000003959027,Outbound,5.0,Attended Dialled,Completed,0.0,False
5805028000037037098,2024-03-12 13:25:00,Julia Nelson,5805028000036628793,Outbound,949.0,Attended Dialled,Completed,0.0,False
5805028000055836008,2024-06-17 10:30:00,Nina Scott,5805028000055322968,Outbound,7.0,Attended Dialled,Completed,0.0,False
5805028000051111217,2024-05-21 19:33:00,Cara Iverson,5805028000048366364,Outbound,4.0,Attended Dialled,Completed,0.0,False
5805028000022943662,2023-12-24 15:09:00,Ian Miller,5805028000022954337,Outbound,613.0,Attended Dialled,Completed,0.0,False
5805028000045258438,2024-04-20 16:52:00,Yara Edwards,5805028000043845328,Outbound,461.0,Attended Dialled,Completed,0.0,False
5805028000054284736,2024-06-10 18:50:00,Derek James,5805028000042458819,Outbound,110.0,Attended Dialled,Completed,0.0,False
5805028000009685396,2023-10-02 15:06:00,Diana Evans,5805028000008776639,Outbound,278.0,Attended Dialled,Completed,0.0,False
5805028000018171193,2023-11-21 14:22:00,Ian Miller,5805028000017925790,Outbound,12.0,Attended Dialled,Completed,0.0,False
5805028000029227291,2024-01-31 13:06:00,Ulysses Adams,5805028000009354181,Outbound,5.0,Attended Dialled,Completed,0.0,False
5805028000042810461,2024-04-10 10:09:00,Charlie Davis,5805028000042156585,Outbound,274.0,Attended Dialled,Completed,0.0,False
5805028000006392112,2023-08-30 19:38:00,Fiona Jackson,5805028000003434260,Outbound,6.0,Attended Dialled,Completed,0.0,False
5805028000028163136,2024-01-24 19:50:00,Yara Edwards,5805028000028156144,Outbound,452.0,Attended Dialled,Completed,0.0,False
5805028000028298741,2024-01-26 09:49:00,John Doe,5805028000008246089,Inbound,118.0,Received,,,False
5805028000045452512,2024-04-22 15:58:00,Ulysses Adams,5805028000005153065,Outbound,319.0,Attended Dialled,Completed,0.0,False
5805028000055206684,2024-06-14 12:49:00,Ulysses Adams,5805028000006638037,Outbound,6.0,Attended Dialled,Completed,0.0,False
5805028000020464077,2023-12-09 10:28:00,Paula Underwood,5805028000020444001,Outbound,5.0,Attended Dialled,Completed,0.0,False
5805028000052599090,2024-05-30 11:55:00,Charlie Davis,5805028000042700966,Missed,0.0,Missed,,,False
5805028000031538274,2024-02-12 16:58:00,Ulysses Adams,5805028000026304488,Outbound,9.0,Attended Dialled,Completed,0.0,False
5805028000056571349,2024-06-20 12:17:00,Yara Edwards,5805028000019919415,Outbound,4.0,Attended Dialled,Completed,0.0,False
5805028000011764367,2023-10-16 11:55:00,Ian Miller,5805028000011766183,Outbound,0.0,Unattended Dialled,Completed,0.0,False
5805028000016634500,2023-11-13 12:44:00,John Doe,5805028000004705195,Outbound,695.0,Attended Dialled,Completed,0.0,False
5805028000009310036,2023-09-28 17:17:00,John Doe,5805028000005277095,Outbound,134.0,Attended Dialled,Completed,0.0,False
5805028000004742025,2023-08-15 15:53:00,Diana Evans,5805028000003597256,Inbound,30.0,Received,,,False
5805028000016041087,2023-11-09 10:47:00,Kevin Parker,5805028000015904048,Outbound,4.0,Attended Dialled,Completed,0.0,False
5805028000036937313,2024-03-12 12:20:00,Kevin Parker,5805028000034018185,Outbound,28.0,Attended Dialled,Completed,0.0,False
5805028000033118704,2024-02-21 13:10:00,Paula Underwood,5805028000029099001,Outbound,741.0,Attended Dialled,Completed,0.0,False
5805028000035790838,2024-03-06 14:33:00,Ian Miller,5805028000032982062,Outbound,6.0,Attended Dialled,Completed,0.0,False
5805028000018148128,2023-11-21 13:25:00,Ethan Harris,5805028000013785001,Outbound,6.0,Attended Dialled,Completed,0.0,False
5805028000030458574,2024-02-07 13:34:00,Victor Barnes,5805028000028538883,Outbound,60.0,Attended Dialled,Completed,0.0,False
5805028000054543304,2024-06-11 16:11:00,Cara Iverson,5805028000054446751,Outbound,281.0,Attended Dialled,Completed,0.0,False
5805028000051885550,2024-05-26 20:04:00,Eva Kent,5805028000051880040,Outbound,919.0,Attended Dialled,Completed,0.0,False
5805028000023783030,2023-12-29 16:04:00,Paula Underwood,5805028000023276496,Outbound,6.0,Attended Dialled,Completed,0.0,False
5805028000043444626,2024-04-12 14:57:00,Amy Green,5805028000041599242,Outbound,7.0,Attended Dialled,Completed,0.0,False
5805028000047522027,2024-04-30 13:51:00,Julia Nelson,5805028000036649455,Outbound,7.0,Attended Dialled,Completed,0.0,False
5805028000021791017,2023-12-18 09:56:00,John Doe,5805028000010531027,Outbound,5.0,Attended Dialled,Completed,0.0,False
5805028000035789890,2024-03-06 12:25:00,Paula Underwood,5805028000030851699,Outbound,1375.0,Attended Dialled,Completed,0.0,False
5805028000031097081,2024-02-09 11:30:00,Ulysses Adams,5805028000020322243,Inbound,148.0,Received,,,False
5805028000045853001,2024-04-23 12:51:00,Julia Nelson,5805028000045393004,Outbound,1718.0,Attended Dialled,Completed,0.0,False
5805028000036133321,2024-03-07 20:21:00,Amy Green,5805028000024502945,Missed,0.0,Missed,,,False
5805028000002870013,2023-07-21 16:15:00,Alice Johnson,5805028000002150769,Outbound,0.0,Unattended Dialled,Completed,0.0,False
5805028000026392039,2024-01-17 13:14:00,Charlie Davis,5805028000013165107,Outbound,0.0,Unattended Dialled,Completed,0.0,False
5805028000052390357,2024-05-29 14:50:00,Cara Iverson,5805028000052195001,Outbound,0.0,Unattended Dialled,Completed,0.0,False
5805028000021250665,2023-12-14 11:05:00,John Doe,5805028000010870053,Inbound,365.0,Received,,,False
5805028000029802513,2024-02-02 16:24:00,Zachary Foster,5805028000029130156,Outbound,20.0,Attended Dialled,Completed,0.0,False
5805028000005269370,2023-08-21 13:50:00,Jane Smith,5805028000004841041,Outbound,5.0,Attended Dialled,Completed,0.0,False
5805028000049210779,2024-05-10 16:04:00,Kevin Parker,5805028000045836184,Outbound,5.0,Attended Dialled,Completed,0.0,False
5805028000021699033,2023-12-16 14:47:00,Paula Underwood,5805028000021250041,Outbound,26.0,Attended Dialled,Completed,0.0,False
5805028000045866153,2024-04-23 14:37:00,Victor Barnes,5805028000032578918,Outbound,0.0,Unattended Dialled,Completed,0.0,False
5805028000040346932,2024-03-29 13:29:00,Ben Hall,5805028000040212085,Outbound,109.0,Attended Dialled,Completed,0.0,False
5805028000019212054,2023-11-30 12:53:00,Kevin Parker,5805028000018821786,Outbound,48.0,Attended Dialled,Completed,0.0,False
5805028000013440013,2023-10-24 15:54:00,John Doe,5805028000010531027,Missed,0.0,Missed,,,False
5805028000052007300,2024-05-27 15:31:00,Derek James,5805028000048804204,Outbound,5.0,Attended Dialled,Completed,0.0,False
5805028000026228390,2024-01-16 11:25:00,Ulysses Adams,5805028000020305964,Inbound,346.0,Received,,,False
5805028000036384066,2024-03-08 17:56:00,Charlie Davis,5805028000036222019,Outbound,31.0,Attended Dialled,Completed,0.0,False
5805028000037851044,2024-03-15 15:17:00,Paula Underwood,5805028000023883467,Outbound,218.0,Attended Dialled,Completed,0.0,False
5805028000023179081,2023-12-26 17:52:00,Sam Young,5805028000023181003,Outbound,60.0,Attended Dialled,Completed,0.0,False
5805028000010965047,2023-10-11 10:41:00,John Doe,5805028000003659169,Missed,0.0,Missed,,,False
5805028000033437429,2024-02-22 16:26:00,Ulysses Adams,5805028000026035241,Outbound,529.0,Attended Dialled,Completed,0.0,False
5805028000048939063,2024-05-08 17:09:00,Ben Hall,5805028000047472708,Outbound,9.0,Attended Dialled,Completed,0.0,False
5805028000042693109,2024-04-09 13:16:00,Ulysses Adams,5805028000011757347,Outbound,6.0,Attended Dialled,Completed,0.0,False
5805028000047191487,2024-04-29 17:07:00,Ulysses Adams,5805028000045993960,Outbound,522.0,Attended Dialled,Completed,0.0,False
5805028000005124049,2023-08-18 16:46:00,Charlie Davis,5805028000004088585,Outbound,900.0,Attended Dialled,Completed,0.0,False
5805028000005849001,2023-08-25 12:23:00,Jane Smith,5805028000004841041,Missed,0.0,Missed,,,False
5805028000040102024,2024-03-27 15:39:00,Charlie Davis,5805028000039900951,Outbound,840.0,Attended Dialled,Completed,0.0,False
5805028000032108602,2024-02-15 16:15:00,Victor Barnes,5805028000024546656,Outbound,37.0,Attended Dialled,Completed,0.0,False
5805028000042563392,2024-04-09 10:37:00,Amy Green,5805028000042307620,Outbound,15.0,Attended Dialled,Completed,0.0,False
5805028000049792025,2024-05-13 15:30:00,Kevin Parker,5805028000033500423,Outbound,165.0,Attended Dialled,Completed,0.0,False
5805028000053380063,2024-06-04 13:40:00,Nina Scott,5805028000043450632,Missed,0.0,Missed,,,False
5805028000035720325,2024-03-05 17:23:00,Charlie Davis,5805028000033666233,Outbound,9.0,Attended Dialled,Completed,0.0,False
5805028000056692409,2024-06-20 16:44:00,Cara Iverson,5805028000056487203,Outbound,11.0,Attended Dialled,Completed,0.0,False
5805028000039764206,2024-03-26 12:36:00,Yara Edwards,5805028000039634772,Outbound,438.0,Attended Dialled,Completed,0.0,False
5805028000041084411,2024-04-02 12:14:00,Amy Green,5805028000040346552,Outbound,14.0,Attended Dialled,Completed,0.0,False
5805028000053113534,2024-06-02 16:15:00,Amy Green,5805028000052976749,Outbound,35.0,Attended Dialled,Completed,0.0,False
5805028000044378197,2024-04-16 20:24:00,Cara Iverson,5805028000020487667,Outbound,546.0,Attended Dialled,Completed,0.0,False
5805028000013439286,2023-10-24 19:41:00,Kevin Parker,5805028000012751043,Outbound,5.0,Attended Dialled,Completed,0.0,False
5805028000022538108,2023-12-21 12:38:00,Rachel White,5805028000013173018,Outbound,0.0,Unattended Dialled,Completed,0.0,False
5805028000022926680,2023-12-24 20:50:00,Quincy Vincent,5805028000009680131,Outbound,4.0,Attended Dialled,Completed,0.0,False
5805028000053782168,2024-06-06 17:46:00,Julia Nelson,5805028000053697789,Outbound,6.0,Attended Dialled,Completed,0.0,False
5805028000039784300,2024-03-26 13:21:00,Ulysses Adams,5805028000007866898,Missed,0.0,Missed,,,False
5805028000043108041,2024-04-11 08:31:00,Quincy Vincent,5805028000042682317,Missed,0.0,Missed,,,False
5805028000005854163,2023-08-25 16:08:00,Fiona Jackson,5805028000003219087,Inbound,184.0,Received,,,False
5805028000056187309,2024-06-18 15:13:00,Quincy Vincent,5805028000055463994,Outbound,5.0,Attended Dialled,Completed,0.0,False
5805028000015162616,2023-11-04 12:02:00,Kevin Parker,5805028000012765088,Missed,0.0,Missed,,,False
5805028000015782154,2023-11-07 17:41:00,Diana Evans,5805028000003329100,Inbound,432.0,Received,,,False
5805028000032426225,2024-02-16 14:39:00,John Doe,5805028000002150769,Outbound,0.0,Unattended Dialled,Completed,0.0,False
5805028000035119226,2024-02-29 19:50:00,Yara Edwards,5805028000033498754,Outbound,4.0,Attended Dialled,Completed,0.0,False
5805028000047714698,2024-05-02 14:28:00,John Doe,5805028000013061125,Missed,0.0,Missed,,,False
5805028000026962051,2024-01-18 19:00:00,Yara Edwards,5805028000025813344,Outbound,5.0,Attended Dialled,Completed,0.0,False
5805028000033412549,2024-02-22 14:42:00,Paula Underwood,5805028000031769535,Outbound,7.0,Attended Dialled,Completed,0.0,False
5805028000053106963,2024-06-03 11:54:00,Ulysses Adams,5805028000021453368,Outbound,138.0,Attended Dialled,Completed,0.0,False
5805028000008649229,2023-09-23 12:01:00,Jane Smith,5805028000005277095,Outbound,2.0,Attended Dialled,Completed,0.0,False
5805028000055628266,2024-06-16 17:51:00,Quincy Vincent,5805028000045972613,Outbound,10.0,Attended Dialled,Completed,0.0,False
5805028000025014095,2024-01-09 11:23:00,Quincy Vincent,5805028000006946042,Outbound,4.0,Attended Dialled,Completed,0.0,False
5805028000031226024,2024-02-09 17:18:00,Ulysses Adams,5805028000018036007,Outbound,5.0,Attended Dialled,Completed,0.0,False
5805028000026503275,2024-01-17 19:20:00,Quincy Vincent,5805028000026230703,Outbound,1337.0,Attended Dialled,Completed,0.0,False
5805028000041026512,2024-04-02 12:35:00,Ulysses Adams,5805028000005153065,Outbound,9.0,Attended Dialled,Completed,0.0,False
5805028000026230748,2024-01-16 12:38:00,Kevin Parker,5805028000017928485,Outbound,130.0,Attended Dialled,Completed,0.0,False
5805028000008026170,2023-09-18 17:03:00,John Doe,5805028000004999128,Outbound,106.0,Attended Dialled,Completed,0.0,False
5805028000007000072,2023-09-07 17:44:00,George King,5805028000006811408,Outbound,34.0,Attended Dialled,Completed,0.0,False
5805028000024159990,2024-01-03 21:11:00,Sam Young,5805028000020766740,Inbound,51.0,Received,,,False
5805028000020322523,2023-12-08 16:43:00,John Doe,5805028000011398239,Outbound,612.0,Attended Dialled,Completed,0.0,False
5805028000039380549,2024-03-23 10:40:00,Nina Scott,5805028000039363410,Outbound,320.0,Attended Dialled,Completed,0.0,False
5805028000035995787,2024-03-07 11:13:00,Yara Edwards,5805028000036004356,Outbound,25.0,Attended Dialled,Completed,0.0,False
5805028000002940226,2023-07-23 10:46:00,Jane Smith,5805028000002902161,Outbound,5.0,Attended Dialled,Completed,0.0,False
5805028000007238147,2023-09-12 09:36:00,John Doe,5805028000004323001,Missed,0.0,Missed,,,False
5805028000005850040,2023-08-25 12:48:00,Diana Evans,5805028000005267156,Outbound,432.0,Attended Dialled,Completed,0.0,False
5805028000024642135,2024-01-07 14:19:00,Julia Nelson,5805028000024527952,Outbound,5.0,Attended Dialled,Completed,0.0,False
5805028000039670167,2024-03-25 16:21:00,Ulysses Adams,5805028000029239515,Outbound,119.0,Attended Dialled,Completed,0.0,False
5805028000011735058,2023-10-15 14:53:00,Charlie Davis,5805028000009580061,Outbound,975.0,Attended Dialled,Completed,0.0,False
5805028000049782065,2024-05-13 15:52:00,Nina Scott,5805028000049647090,Outbound,0.0,Unattended Dialled,Completed,0.0,False
5805028000014477045,2023-10-30 17:24:00,Mason Roberts,5805028000007974158,Outbound,5.0,Attended Dialled,Completed,0.0,False
5805028000028888103,2024-01-30 09:32:00,Kevin Parker,5805028000007822911,Missed,0.0,Missed,,,False
5805028000038227013,2024-03-18 16:11:00,Victor Barnes,5805028000036604489,Outbound,39.0,Attended Dialled,Completed,0.0,False
5805028000033876422,2024-02-24 16:04:00,Julia Nelson,5805028000008337185,Inbound,420.0,Received,,,False
5805028000031764885,2024-02-14 15:08:00,Charlie Davis,5805028000011531077,Outbound,4.0,Attended Dialled,Completed,0.0,False
5805028000048364148,2024-05-06 10:13:00,Derek James,5805028000015830046,Outbound,94.0,Attended Dialled,Completed,0.0,False
5805028000012732158,2023-10-20 12:44:00,Ian Miller,5805028000012761057,Outbound,276.0,Attended Dialled,Completed,0.0,False
5805028000042811867,2024-04-10 15:38:00,Derek James,5805028000016931091,Outbound,8.0,Attended Dialled,Completed,0.0,False
5805028000040082231,2024-03-27 17:18:00,Ulysses Adams,5805028000039893813,Outbound,24.0,Attended Dialled,Completed,0.0,False
5805028000018991994,2023-11-29 16:46:00,Diana Evans,5805028000017746152,Outbound,71.0,Attended Dialled,Completed,0.0,False
5805028000044141010,2024-04-16 14:14:00,Yara Edwards,5805028000043878567,Outbound,121.0,Attended Dialled,Completed,0.0,False
5805028000018311042,2023-11-22 10:49:00,Ian Miller,5805028000018156648,Outbound,10.0,Attended Dialled,Completed,0.0,False
5805028000047529277,2024-04-30 17:29:00,Amy Green,5805028000046989900,Outbound,0.0,Unattended Dialled,Completed,0.0,False
5805028000019732134,2023-12-05 11:56:00,John Doe,5805028000011601541,Outbound,293.0,Attended Dialled,Completed,0.0,False
5805028000025297114,2024-01-10 10:56:00,Charlie Davis,5805028000025202255,Outbound,8.0,Attended Dialled,Completed,0.0,False
5805028000026509113,2024-01-17 16:43:00,Charlie Davis,5805028000025202255,Missed,0.0,Missed,,,False
5805028000013858118,2023-10-26 12:17:00,John Doe,5805028000008689210,Outbound,0.0,Unattended Dialled,Completed,0.0,False
5805028000042665279,2024-04-09 15:20:00,Yara Edwards,5805028000040797017,Inbound,282.0,Received,,,False
5805028000025999974,2024-01-15 13:47:00,Charlie Davis,5805028000021204145,Missed,0.0,Missed,,,False
5805028000006112049,2023-08-29 15:49:00,John Doe,5805028000005288631,Outbound,48.0,Attended Dialled,Completed,0.0,False
5805028000053508754,2024-06-05 16:26:00,Paula Underwood,5805028000052936024,Outbound,15.0,Attended Dialled,Completed,0.0,False
5805028000032277118,2024-02-15 19:42:00,Charlie Davis,5805028000031687220,Outbound,545.0,Attended Dialled,Completed,0.0,False
5805028000025815331,2024-01-12 15:32:00,Paula Underwood,5805028000018811232,Outbound,548.0,Attended Dialled,Completed,0.0,False
5805028000009130318,2023-09-27 13:32:00,John Doe,5805028000003329100,Outbound,91.0,Attended Dialled,Completed,0.0,False
5805028000052833224,2024-05-31 17:18:00,Eva Kent,5805028000052661775,Inbound,88.0,Received,,,False
5805028000042471397,2024-04-08 16:01:00,Derek James,5805028000025018030,Outbound,720.0,Attended Dialled,Completed,0.0,False
5805028000039885936,2024-03-27 10:51:00,Charlie Davis,5805028000035573682,Outbound,6.0,Attended Dialled,Completed,0.0,False
5805028000015496081,2023-11-06 16:55:00,Mason Roberts,5805028000013165149,Outbound,32.0,Attended Dialled,Completed,0.0,False
5805028000028018085,2024-01-23 18:00:00,Quincy Vincent,5805028000026728182,Outbound,4.0,Attended Dialled,Completed,0.0,False
5805028000050979164,2024-05-21 13:33:00,Paula Underwood,5805028000049200292,Outbound,62.0,Attended Dialled,Completed,0.0,False
5805028000005267656,2023-08-21 18:37:00,Diana Evans,5805028000003597256,Inbound,37.0,Received,,,False
5805028000025826659,2024-01-12 20:52:00,Wendy Clark,5805028000025297476,Outbound,0.0,Unattended Dialled,Completed,0.0,False
5805028000047481334,2024-04-30 16:13:00,Kevin Parker,5805028000036951161,Outbound,67.0,Attended Dialled,Completed,0.0,False
5805028000050977285,2024-05-21 13:04:00,Yara Edwards,5805028000050812781,Outbound,6.0,Attended Dialled,Completed,0.0,False
5805028000013283196,2023-10-23 17:48:00,John Doe,5805028000008689210,Outbound,22.0,Attended Dialled,Completed,0.0,False
5805028000034463137,2024-02-27 11:15:00,Amy Green,5805028000033889455,Outbound,16.0,Attended Dialled,Completed,0.0,False
5805028000042448078,2024-04-08 13:20:00,Ulysses Adams,5805028000035934066,Outbound,739.0,Attended Dialled,Completed,0.0,False
5805028000031751883,2024-02-14 13:02:00,Amy Green,5805028000031478029,Outbound,727.0,Attended Dialled,Completed,0.0,False
5805028000025190086,2024-01-09 16:33:00,Charlie Davis,5805028000024391553,Outbound,7.0,Attended Dialled,Completed,0.0,False
5805028000005990098,2023-08-28 17:27:00,Jane Smith,5805028000002150769,Outbound,20.0,Attended Dialled,Completed,0.0,False
5805028000018777259,2023-11-27 11:28:00,Diana Evans,5805028000003959027,Outbound,27.0,Attended Dialled,Completed,0.0,False
5805028000020141216,2023-12-07 14:56:00,Paula Underwood,5805028000018799188,Outbound,37.0,Attended Dialled,Completed,0.0,False
5805028000011518149,2023-10-13 15:15:00,Ian Miller,5805028000011531077,Outbound,156.0,Attended Dialled,Completed,0.0,False
5805028000040243272,2024-03-28 13:46:00,Charlie Davis,5805028000040248280,Outbound,0.0,Unattended Dialled,Completed,0.0,False
5805028000032760471,2024-02-19 12:25:00,Ulysses Adams,5805028000032829003,Outbound,370.0,Attended Dialled,Completed,0.0,False
5805028000008698074,2023-09-22 17:55:00,Fiona Jackson,5805028000008681021,Missed,0.0,Missed,,,False
5805028000040101176,2024-03-27 17:31:00,Julia Nelson,5805028000035602743,Inbound,606.0,Received,,,False
5805028000037827025,2024-03-15 14:09:00,Amy Green,5805028000017358276,Outbound,0.0,Unattended Dialled,Completed,0.0,False
5805028000009212064,2023-09-27 17:11:00,John Doe,5805028000005602101,Outbound,282.0,Attended Dialled,Completed,0.0,False
5805028000037093299,2024-03-12 19:14:00,Quincy Vincent,5805028000034906228,Outbound,316.0,Attended Dialled,Completed,0.0,False
5805028000011329059,2023-10-12 16:58:00,Jane Smith,5805028000008804090,Missed,0.0,Missed,,,False
5805028000034219362,2024-02-26 19:41:00,Victor Barnes,5805028000033498867,Outbound,155.0,Attended Dialled,Completed,0.0,False
5805028000008023001,2023-09-18 17:52:00,Diana Evans,5805028000007866898,Missed,0.0,Missed,,,False
5805028000046200135,2024-04-24 16:23:00,Ulysses Adams,5805028000043837530,Outbound,100.0,Attended Dialled,Completed,0.0,False
5805028000010133039,2023-10-05 14:02:00,Ian Miller,5805028000000961001,Outbound,0.0,Unattended Dialled,Completed,0.0,False
5805028000039771222,2024-03-26 12:48:00,Ulysses Adams,5805028000007866898,Outbound,5.0,Attended Dialled,Completed,0.0,False
5805028000047726778,2024-05-02 17:11:00,Derek James,5805028000035594871,Outbound,316.0,Attended Dialled,Completed,0.0,False
5805028000042836563,2024-04-10 13:22:00,Kevin Parker,5805028000028281442,Missed,0.0,Missed,,,False
5805028000038055768,2024-03-18 14:43:00,Kevin Parker,5805028000033528294,Outbound,326.0,Attended Dialled,Completed,0.0,False
5805028000019849146,2023-12-06 12:59:00,Diana Evans,5805028000019769330,Outbound,5.0,Attended Dialled,Completed,0.0,False
5805028000027180469,2024-01-19 18:30:00,Nina Scott,5805028000025823753,Outbound,4.0,Attended Dialled,Completed,0.0,False
5805028000025032159,2024-01-09 11:47:00,John Doe,5805028000024709067,Inbound,91.0,Received,,,False
5805028000043262278,2024-04-11 17:58:00,Nina Scott,5805028000042563073,Outbound,0.0,Unattended Dialled,Completed,0.0,False
5805028000041766650,2024-04-04 17:55:00,Quincy Vincent,5805028000041357097,Outbound,24.0,Attended Dialled,Completed,0.0,False
5805028000009061055,2023-09-26 17:28:00,Diana Evans,5805028000003329100,Inbound,52.0,Received,,,False
5805028000009937390,2023-10-04 14:09:00,Diana Evans,5805028000006633230,Outbound,25.0,Attended Dialled,Completed,0.0,False
5805028000054280256,2024-06-10 13:34:00,Victor Barnes,5805028000022387222,Outbound,51.0,Attended Dialled,Completed,0.0,False
5805028000028908414,2024-01-30 13:43:00,Victor Barnes,5805028000023907313,Outbound,321.0,Attended Dialled,Completed,0.0,False
5805028000040248328,2024-03-28 12:24:00,Paula Underwood,5805028000038977506,Outbound,7.0,Attended Dialled,Completed,0.0,False
5805028000049555881,2024-05-13 08:19:00,John Doe,5805028000037052004,Missed,0.0,Missed,,,False
5805028000014606285,2023-10-31 17:34:00,Diana Evans,5805028000013751184,Missed,0.0,Missed,,,False
5805028000039771091,2024-03-26 10:49:00,Charlie Davis,5805028000031986152,Missed,0.0,Missed,,,False
5805028000024382006,2024-01-04 15:58:00,Ulysses Adams,5805028000021261280,Outbound,244.0,Attended Dialled,Completed,0.0,False
5805028000025121152,2024-01-09 13:58:00,Quincy Vincent,5805028000024714042,Outbound,2279.0,Attended Dialled,Completed,0.0,False
5805028000042274374,2024-04-07 10:43:00,Ulysses Adams,5805028000019919415,Outbound,5.0,Attended Dialled,Completed,0.0,False
5805028000040225797,2024-03-28 17:57:00,Cara Iverson,5805028000040258730,Outbound,678.0,Attended Dialled,Completed,0.0,False
5805028000017538119,2023-11-17 15:57:00,Charlie Davis,5805028000014660161,Outbound,5.0,Attended Dialled,Completed,0.0,False
5805028000023543423,2023-12-28 16:49:00,Quincy Vincent,5805028000022130437,Missed,0.0,Missed,,,False
5805028000028042786,2024-01-24 17:00:00,Yara Edwards,5805028000028005256,Outbound,10.0,Attended Dialled,Completed,0.0,False
5805028000052824545,2024-05-31 17:16:00,Eva Kent,5805028000052661775,Outbound,0.0,Unattended Dialled,Completed,0.0,False
5805028000031505239,2024-02-12 17:09:00,Ulysses Adams,5805028000024503077,Outbound,4.0,Attended Dialled,Completed,0.0,False
5805028000033307432,2024-02-21 17:34:00,Ben Hall,5805028000016630514,Outbound,380.0,Attended Dialled,Completed,0.0,False
5805028000053386219,2024-06-04 14:59:00,Kevin Parker,5805028000003957683,Outbound,79.0,Attended Dialled,Completed,0.0,False
5805028000056702046,2024-06-20 13:07:00,Ian Miller,5805028000029936663,Outbound,101.0,Attended Dialled,Completed,0.0,False
5805028000011232109,2023-10-12 12:50:00,John Doe,5805028000008689210,Outbound,0.0,Unattended Dialled,Completed,0.0,False
5805028000042936344,2024-04-10 15:45:00,Kevin Parker,5805028000024880527,Outbound,211.0,Attended Dialled,Completed,0.0,False
5805028000035791540,2024-03-06 10:55:00,Yara Edwards,5805028000013844551,Outbound,164.0,Attended Dialled,Completed,0.0,False
5805028000051498020,2024-05-23 15:59:00,Derek James,5805028000040122396,Outbound,0.0,Unattended Dialled,Completed,0.0,False
5805028000046321912,2024-04-25 14:07:00,John Doe,5805028000022524164,Missed,0.0,Missed,,,False
5805028000022396096,2023-12-20 17:54:00,Julia Nelson,5805028000015531001,Outbound,149.0,Attended Dialled,Completed,0.0,False
5805028000033304524,2024-02-21 20:28:00,Paula Underwood,5805028000033287591,Outbound,11.0,Attended Dialled,Completed,0.0,False
5805028000050313700,2024-05-16 17:27:00,Charlie Davis,5805028000026344026,Outbound,201.0,Attended Dialled,Completed,0.0,False
5805028000037827249,2024-03-15 17:08:00,Cara Iverson,5805028000021439001,Outbound,7.0,Attended Dialled,Completed,0.0,False
5805028000037912808,2024-03-17 10:37:00,Victor Barnes,5805028000035059171,Outbound,37.0,Attended Dialled,Completed,0.0,False
5805028000036605301,2024-03-10 14:35:00,Kevin Parker,5805028000009360523,Outbound,605.0,Attended Dialled,Completed,0.0,False
5805028000044468310,2024-04-17 09:29:00,Ben Hall,5805028000041214212,Outbound,5.0,Attended Dialled,Completed,0.0,False
5805028000031548127,2024-02-12 14:39:00,Ulysses Adams,5805028000005783053,Outbound,23.0,Attended Dialled,Completed,0.0,False
5805028000027220065,2024-01-19 15:01:00,Nina Scott,5805028000005939384,Outbound,121.0,Attended Dialled,Completed,0.0,False
5805028000027711013,2024-01-22 14:24:00,Nina Scott,5805028000026744264,Missed,0.0,Missed,,,False
5805028000028904067,2024-01-30 10:41:00,Ulysses Adams,5805028000028740032,Outbound,1084.0,Attended Dialled,Completed,0.0,False
5805028000034429300,2024-02-27 10:51:00,Quincy Vincent,5805028000034025608,Outbound,9.0,Attended Dialled,Completed,0.0,False
5805028000021409079,2023-12-14 16:54:00,Diana Evans,5805028000020743167,Outbound,4.0,Attended Dialled,Completed,0.0,False
5805028000053276063,2024-06-03 16:36:00,Eva Kent,5805028000053119047,Outbound,340.0,Attended Dialled,Completed,0.0,False
5805028000042807877,2024-04-10 13:15:00,Victor Barnes,5805028000040368109,Outbound,0.0,Unattended Dialled,Completed,0.0,False
5805028000032869002,2024-02-19 16:19:00,Victor Barnes,5805028000030081605,Outbound,193.0,Attended Dialled,Completed,0.0,False
5805028000018588786,2023-11-24 13:05:00,Nina Scott,5805028000018309225,Inbound,98.0,Received,,,False
5805028000049758098,2024-05-13 15:52:00,Kevin Parker,5805028000030163124,Outbound,54.0,Attended Dialled,Completed,0.0,False
5805028000042431035,2024-04-08 13:00:00,Ulysses Adams,5805028000042294555,Outbound,333.0,Attended Dialled,Completed,0.0,False
5805028000056685607,2024-06-20 17:29:00,Derek James,5805028000052936024,Outbound,202.0,Attended Dialled,Completed,0.0,False
5805028000008023217,2023-09-19 12:16:00,Diana Evans,5805028000005608130,Missed,0.0,Missed,,,False
5805028000056864547,2024-06-21 13:35:00,Ulysses Adams,5805028000019919415,Outbound,21.0,Attended Dialled,Completed,0.0,False
5805028000028276147,2024-01-25 15:24:00,Paula Underwood,5805028000013442077,Outbound,76.0,Attended Dialled,Completed,0.0,False
5805028000018159745,2023-11-21 17:58:00,Kevin Parker,5805028000006620232,Outbound,62.0,Attended Dialled,Completed,0.0,False
5805028000017541250,2023-11-17 17:33:00,Jane Smith,5805028000015309204,Missed,0.0,Missed,,,False
5805028000043226014,2024-04-11 16:05:00,Julia Nelson,5805028000036392961,Outbound,216.0,Attended Dialled,Completed,0.0,False
5805028000017469074,2023-11-17 10:39:00,Charlie Davis,5805028000017358276,Outbound,754.0,Attended Dialled,Completed,0.0,False
5805028000024375406,2024-01-05 11:21:00,Kevin Parker,5805028000018583738,Outbound,204.0,Attended Dialled,Completed,0.0,False
5805028000043108421,2024-04-11 11:55:00,Derek James,5805028000036620645,Outbound,7.0,Attended Dialled,Completed,0.0,False
5805028000026741184,2024-01-18 13:24:00,Ulysses Adams,5805028000014617035,Outbound,1555.0,Attended Dialled,Completed,0.0,False
5805028000037727393,2024-03-15 13:05:00,Ulysses Adams,5805028000009701425,Outbound,1944.0,Attended Dialled,Completed,0.0,False
5805028000042449434,2024-04-08 16:09:00,Derek James,5805028000037084013,Outbound,299.0,Attended Dialled,Completed,0.0,False
5805028000029765276,2024-02-02 14:39:00,Paula Underwood,5805028000021250041,Outbound,10.0,Attended Dialled,Completed,0.0,False
5805028000034476291,2024-02-27 13:49:00,Victor Barnes,5805028000033866923,Outbound,43.0,Attended Dialled,Completed,0.0,False
5805028000053790346,2024-06-07 09:41:00,Charlie Davis,5805028000043450632,Outbound,357.0,Attended Dialled,Completed,0.0,False
5805028000043477743,2024-04-12 16:10:00,Kevin Parker,5805028000018695477,Outbound,125.0,Attended Dialled,Completed,0.0,False
5805028000048732083,2024-05-07 19:25:00,Derek James,5805028000031354976,Outbound,379.0,Attended Dialled,Completed,0.0,False
5805028000038872097,2024-03-20 17:34:00,Yara Edwards,5805028000037531303,Outbound,366.0,Attended Dialled,Completed,0.0,False
5805028000048780803,2024-05-08 15:11:00,Ulysses Adams,5805028000043444319,Inbound,110.0,Received,,,False
5805028000053547357,2024-06-05 12:57:00,Kevin Parker,5805028000026600204,Outbound,5.0,Attended Dialled,Completed,0.0,False
5805028000042454381,2024-04-08 16:18:00,Amy Green,5805028000042480278,Outbound,72.0,Attended Dialled,Completed,0.0,False
5805028000014569366,2023-10-31 17:15:00,Kevin Parker,5805028000004910006,Outbound,5.0,Attended Dialled,Completed,0.0,False
5805028000049764323,2024-05-13 17:12:00,Derek James,5805028000040212085,Outbound,5.0,Attended Dialled,Completed,0.0,False
5805028000002920323,2023-07-23 12:59:00,Alice Johnson,5805028000002741001,Outbound,11.0,Attended Dialled,Completed,0.0,False
5805028000028005408,2024-01-24 11:15:00,Yara Edwards,5805028000027906194,Outbound,6.0,Attended Dialled,Completed,0.0,False
5805028000034706555,2024-02-28 11:05:00,Kevin Parker,5805028000026744264,Outbound,0.0,Unattended Dialled,Completed,0.0,False
5805028000040416061,2024-03-29 14:16:00,Cara Iverson,5805028000040248471,Outbound,427.0,Attended Dialled,Completed,0.0,False
5805028000017860028,2023-11-20 10:29:00,Mason Roberts,5805028000016929226,Outbound,245.0,Attended Dialled,Completed,0.0,False
5805028000042874883,2024-04-10 17:07:00,Derek James,5805028000038491128,Outbound,0.0,Unattended Dialled,Completed,0.0,False
5805028000028738049,2024-01-29 13:20:00,Amy Green,5805028000028740032,Missed,0.0,Missed,,,False
5805028000024901259,2024-01-08 16:52:00,Julia Nelson,5805028000024533812,Outbound,2130.0,Attended Dialled,Completed,0.0,False
5805028000013389042,2023-10-24 14:27:00,Ian Miller,5805028000008982290,Outbound,82.0,Attended Dialled,Completed,0.0,False
5805028000048781630,2024-05-08 10:44:00,Ulysses Adams,5805028000007649149,Inbound,109.0,Received,,,False
5805028000048580263,2024-05-07 17:35:00,Derek James,5805028000027714096,Outbound,9.0,Attended Dialled,Completed,0.0,False
5805028000037118231,2024-03-12 19:06:00,Amy Green,5805028000037090087,Outbound,15.0,Attended Dialled,Completed,0.0,False
5805028000047726646,2024-05-02 15:54:00,Charlie Davis,5805028000047033001,Outbound,37.0,Attended Dialled,Completed,0.0,False
5805028000004434054,2023-08-10 19:17:00,Charlie Davis,5805028000004333294,Outbound,1132.0,Attended Dialled,Completed,0.0,False
5805028000046981230,2024-04-28 11:06:00,Yara Edwards,5805028000047002169,Outbound,533.0,Attended Dialled,Completed,0.0,False
5805028000035704009,2024-03-05 12:33:00,Ulysses Adams,5805028000024503077,Outbound,200.0,Attended Dialled,Completed,0.0,False
5805028000051697315,2024-05-24 18:07:00,Victor Barnes,5805028000050016562,Outbound,19.0,Attended Dialled,Completed,0.0,False
5805028000015009131,2023-11-02 14:23:00,Charlie Davis,5805028000015009040,Outbound,361.0,Attended Dialled,Completed,0.0,False
5805028000022796013,2023-12-22 15:44:00,John Doe,5805028000019804254,Outbound,153.0,Attended Dialled,Completed,0.0,False
5805028000013671034,2023-10-25 14:42:00,John Doe,5805028000005614074,Outbound,0.0,Unattended Dialled,Completed,0.0,False
5805028000002792001,2023-07-21 10:13:00,Alice Johnson,5805028000002741001,Outbound,5.0,Attended Dialled,Completed,0.0,False
5805028000031776807,2024-02-14 14:49:00,Amy Green,5805028000031764759,Outbound,10.0,Attended Dialled,Completed,0.0,False
5805028000007863305,2023-09-15 17:04:00,Diana Evans,5805028000007649149,Outbound,29.0,Attended Dialled,Completed,0.0,False
5805028000028138812,2024-01-25 09:59:00,Ulysses Adams,5805028000004110397,Outbound,5.0,Attended Dialled,Completed,0.0,False
5805028000052664196,2024-05-30 15:36:00,Ulysses Adams,5805028000052355146,Outbound,619.0,Attended Dialled,Completed,0.0,False
5805028000049178619,2024-05-10 14:24:00,Kevin Parker,5805028000038496594,Outbound,67.0,Attended Dialled,Completed,0.0,False
5805028000035475991,2024-03-04 14:41:00,Kevin Parker,5805028000006809252,Outbound,158.0,Attended Dialled,Completed,0.0,False
5805028000048082369,2024-05-04 11:06:00,Paula Underwood,5805028000047517529,Outbound,6.0,Attended Dialled,Completed,0.0,False
5805028000031973252,2024-02-14 17:36:00,Yara Edwards,5805028000013844551,Inbound,88.0,Received,,,False
5805028000010962006,2023-10-11 09:55:00,Ian Miller,5805028000009305050,Outbound,0.0,Unattended Dialled,Completed,0.0,False
5805028000031659130,2024-02-13 13:03:00,Yara Edwards,5805028000031675111,Outbound,399.0,Attended Dialled,Completed,0.0,False
5805028000034712065,2024-02-27 18:45:00,Yara Edwards,5805028000034010248,Outbound,0.0,Unattended Dialled,Completed,0.0,False
5805028000009998001,2023-10-04 18:08:00,Diana Evans,5805028000008689210,Outbound,958.0,Attended Dialled,Completed,0.0,False
5805028000029800320,2024-02-02 15:02:00,Paula Underwood,5805028000025291935,Outbound,27.0,Attended Dialled,Completed,0.0,False
5805028000018441895,2023-11-23 12:53:00,Kevin Parker,5805028000012165006,Outbound,131.0,Attended Dialled,Completed,0.0,False
5805028000033118622,2024-02-21 11:37:00,Kevin Parker,5805028000006809252,Outbound,140.0,Attended Dialled,Completed,0.0,False
5805028000032961525,2024-02-20 15:08:00,Ian Miller,5805028000020141494,Outbound,16.0,Attended Dialled,Completed,0.0,False
5805028000008772660,2023-09-25 10:07:00,Ian Miller,5805028000002940630,Outbound,0.0,Unattended Dialled,Completed,0.0,False
5805028000019813276,2023-12-06 14:26:00,John Doe,5805028000012259131,Outbound,5.0,Attended Dialled,Completed,0.0,False
5805028000021077357,2023-12-12 18:40:00,Diana Evans,5805028000019617682,Outbound,8.0,Attended Dialled,Completed,0.0,False
5805028000042307800,2024-04-08 11:06:00,Nina Scott,5805028000006832213,Outbound,372.0,Attended Dialled,Completed,0.0,False
5805028000040248852,2024-03-28 16:12:00,Amy Green,5805028000039905808,Outbound,0.0,Unattended Dialled,Completed,0.0,False
5805028000040751221,2024-04-01 12:57:00,Cara Iverson,5805028000005153065,Outbound,539.0,Attended Dialled,Completed,0.0,False
5805028000026412057,2024-01-17 13:25:00,Nina Scott,5805028000016957854,Inbound,1155.0,Received,,,False
5805028000051701585,2024-05-25 09:27:00,Nina Scott,5805028000003853013,Missed,0.0,Missed,,,False
5805028000030280601,2024-02-06 15:09:00,Ulysses Adams,5805028000028600516,Outbound,238.0,Attended Dialled,Completed,0.0,False
5805028000048099764,2024-05-04 14:18:00,Paula Underwood,5805028000047517529,Outbound,4.0,Attended Dialled,Completed,0.0,False
5805028000028408548,2024-01-26 15:46:00,Amy Green,5805028000028410341,Outbound,5.0,Attended Dialled,Completed,0.0,False
5805028000027421325,2024-01-20 15:03:00,Nina Scott,5805028000025823753,Outbound,90.0,Attended Dialled,Completed,0.0,False
5805028000018810100,2023-11-26 15:45:00,Paula Underwood,5805028000001880503,Outbound,4.0,Attended Dialled,Completed,0.0,False
5805028000040225599,2024-03-28 15:27:00,Cara Iverson,5805028000040122396,Outbound,0.0,Unattended Dialled,Completed,0.0,False
5805028000028401452,2024-01-26 16:04:00,John Doe,5805028000016426244,Outbound,5.0,Attended Dialled,Completed,0.0,False
5805028000009308044,2023-09-28 17:32:00,Jane Smith,5805028000009305050,Outbound,0.0,Unattended Dialled,Completed,0.0,False
5805028000047041636,2024-04-28 14:41:00,Quincy Vincent,5805028000043810067,Outbound,56.0,Attended Dialled,Completed,0.0,False
5805028000053697920,2024-06-06 15:54:00,Victor Barnes,5805028000053017296,Outbound,90.0,Attended Dialled,Completed,0.0,False
5805028000042812987,2024-04-10 15:36:00,Derek James,5805028000021413090,Outbound,254.0,Attended Dialled,Completed,0.0,False
5805028000029557515,2024-02-01 17:37:00,Quincy Vincent,5805028000022250509,Outbound,125.0,Attended Dialled,Completed,0.0,False
5805028000030981251,2024-02-08 17:39:00,Ulysses Adams,5805028000026304488,Outbound,19.0,Attended Dialled,Completed,0.0,False
5805028000040651175,2024-03-30 17:34:00,Cara Iverson,5805028000040539364,Outbound,278.0,Attended Dialled,Completed,0.0,False
5805028000051851655,2024-05-27 11:06:00,Julia Nelson,5805028000051421403,Outbound,0.0,Unattended Dialled,Completed,0.0,False
5805028000027991000,2024-01-24 18:08:00,Yara Edwards,5805028000028021878,Outbound,193.0,Attended Dialled,Completed,0.0,False
5805028000031009067,2024-02-08 19:53:00,Amy Green,5805028000029782013,Outbound,16.0,Attended Dialled,Completed,0.0,False
5805028000028016297,2024-01-24 11:08:00,Kevin Parker,5805028000020322243,Outbound,133.0,Attended Dialled,Completed,0.0,False
5805028000045961975,2024-04-24 11:50:00,Cara Iverson,5805028000045349509,Outbound,54.0,Attended Dialled,Completed,0.0,False
5805028000006633037,2023-09-04 11:47:00,John Doe,5805028000005154088,Missed,0.0,Missed,,,False
5805028000049969119,2024-05-14 15:44:00,Julia Nelson,5805028000033666233,Outbound,7.0,Attended Dialled,Completed,0.0,False
5805028000050318841,2024-05-17 10:04:00,Amy Green,5805028000050390024,Outbound,709.0,Attended Dialled,Completed,0.0,False
5805028000028770199,2024-01-29 15:51:00,Zachary Foster,5805028000018309225,Inbound,119.0,Received,,,False
5805028000038350565,2024-03-19 16:56:00,John Doe,5805028000028437096,Outbound,10.0,Attended Dialled,Completed,0.0,False
5805028000049801840,2024-05-14 12:17:00,John Doe,5805028000037052004,Missed,0.0,Missed,,,False
5805028000019620518,2023-12-04 16:21:00,Julia Nelson,5805028000018961523,Outbound,4.0,Attended Dialled,Completed,0.0,False
5805028000035573393,2024-03-04 19:58:00,Quincy Vincent,5805028000034025608,Outbound,5.0,Attended Dialled,Completed,0.0,False
5805028000053383305,2024-06-04 16:58:00,Ben Hall,5805028000052813356,Outbound,4.0,Attended Dialled,Completed,0.0,False
5805028000023679148,2023-12-29 11:25:00,Sam Young,5805028000020766740,Outbound,322.0,Attended Dialled,Completed,0.0,False
5805028000040652256,2024-03-30 17:56:00,Cara Iverson,5805028000040122396,Outbound,1270.0,Attended Dialled,Completed,0.0,False
5805028000039263282,2024-03-22 10:34:00,Ulysses Adams,5805028000010515033,Outbound,314.0,Attended Dialled,Completed,0.0,False
5805028000051233181,2024-05-22 19:58:00,Eva Kent,5805028000050827073,Inbound,1220.0,Received,,,False
5805028000038055715,2024-03-18 13:46:00,Cara Iverson,5805028000022002297,Outbound,46.0,Attended Dialled,Completed,0.0,False
5805028000015881369,2023-11-08 14:38:00,Kevin Parker,5805028000015904048,Outbound,4.0,Attended Dialled,Completed,0.0,False
5805028000051042411,2024-05-21 16:18:00,Derek James,5805028000029660580,Outbound,601.0,Attended Dialled,Completed,0.0,False
5805028000045448409,2024-04-22 14:07:00,Ulysses Adams,5805028000042461074,Inbound,163.0,Received,,,False
5805028000014103629,2023-10-28 12:22:00,Julia Nelson,5805028000013833652,Outbound,5.0,Attended Dialled,Completed,0.0,False
5805028000015008740,2023-11-03 10:44:00,Ian Miller,5805028000014944237,Outbound,8.0,Attended Dialled,Completed,0.0,False
5805028000016633209,2023-11-13 13:52:00,Diana Evans,5805028000015169885,Inbound,18.0,Received,,,False
5805028000045339802,2024-04-22 09:32:00,Ulysses Adams,5805028000008097198,Inbound,162.0,Received,,,False
5805028000038217636,2024-03-19 12:06:00,Amy Green,5805028000037831095,Outbound,15.0,Attended Dialled,Completed,0.0,False
5805028000009896001,2023-10-03 15:41:00,Ian Miller,5805028000009788092,Outbound,6.0,Attended Dialled,Completed,0.0,False
5805028000019309057,2023-11-30 14:58:00,Kevin Parker,5805028000007822911,Outbound,37.0,Attended Dialled,Completed,0.0,False
5805028000054975524,2024-06-13 12:58:00,Victor Barnes,5805028000040804112,Outbound,0.0,Unattended Dialled,Completed,0.0,False
5805028000018822070,2023-11-26 13:38:00,Paula Underwood,5805028000018771096,Outbound,106.0,Attended Dialled,Completed,0.0,False
5805028000017537937,2023-11-18 10:59:00,Mason Roberts,5805028000016510407,Outbound,5.0,Attended Dialled,Completed,0.0,False
5805028000050976292,2024-05-21 14:27:00,Charlie Davis,5805028000016627883,Outbound,7.0,Attended Dialled,Completed,0.0,False
5805028000006455104,2023-09-01 12:18:00,Diana Evans,5805028000004581934,Outbound,6.0,Attended Dialled,Completed,0.0,False
5805028000043468768,2024-04-12 14:58:00,Ulysses Adams,5805028000022524164,Inbound,89.0,Received,,,False
5805028000018993267,2023-11-28 14:48:00,Ian Miller,5805028000017537784,Outbound,0.0,Unattended Dialled,Completed,0.0,False
5805028000035059159,2024-02-29 14:05:00,Nina Scott,5805028000033422012,Outbound,5.0,Attended Dialled,Completed,0.0,False
5805028000028781228,2024-01-29 15:34:00,Amy Green,5805028000028549510,Outbound,8.0,Attended Dialled,Completed,0.0,False
5805028000019434133,2023-12-01 12:56:00,Nina Scott,5805028000017893944,Outbound,0.0,Unattended Dialled,Completed,0.0,False
5805028000029236588,2024-01-31 14:22:00,Zachary Foster,5805028000009701588,Outbound,22.0,Attended Dialled,Completed,0.0,False
5805028000038241726,2024-03-19 13:38:00,Kevin Parker,5805028000034034013,Outbound,92.0,Attended Dialled,Completed,0.0,False
5805028000055341461,2024-06-14 17:35:00,Derek James,5805028000040234072,Outbound,0.0,Unattended Dialled,Completed,0.0,False
5805028000052167654,2024-05-28 17:59:00,Julia Nelson,5805028000024655218,Outbound,136.0,Attended Dialled,Completed,0.0,False
5805028000013374167,2023-10-24 15:33:00,Ian Miller,5805028000010870053,Outbound,7.0,Attended Dialled,Completed,0.0,False
5805028000041914614,2024-04-05 12:06:00,Kevin Parker,5805028000033864962,Outbound,0.0,Unattended Dialled,Completed,0.0,False
5805028000042656893,2024-04-09 19:11:00,Cara Iverson,5805028000040947100,Outbound,0.0,Unattended Dialled,Completed,0.0,False
5805028000006368253,2023-08-31 13:18:00,John Doe,5805028000004323001,Outbound,0.0,Unattended Dialled,Completed,0.0,False
5805028000013187556,2023-10-23 10:21:00,John Doe,5805028000004747367,Missed,0.0,Missed,,,False
5805028000021379124,2023-12-14 13:54:00,Ian Miller,5805028000014077165,Outbound,8.0,Attended Dialled,Completed,0.0,False
5805028000040255483,2024-03-28 15:14:00,Ben Hall,5805028000014659028,Outbound,9.0,Attended Dialled,Completed,0.0,False
5805028000019432135,2023-12-01 12:12:00,Kevin Parker,5805028000016719013,Outbound,74.0,Attended Dialled,Completed,0.0,False
5805028000051038033,2024-05-21 11:09:00,Ulysses Adams,5805028000006638037,Outbound,5.0,Attended Dialled,Completed,0.0,False
5805028000020161052,2023-12-07 14:06:00,John Doe,5805028000007983009,Outbound,100.0,Attended Dialled,Completed,0.0,False
5805028000014234224,2023-10-29 19:07:00,Kevin Parker,5805028000012751043,Missed,0.0,Missed,,,False
5805028000053659870,2024-06-06 14:54:00,Kevin Parker,5805028000004561698,Missed,0.0,Missed,,,False
5805028000042618107,2024-04-09 10:45:00,Yara Edwards,5805028000042454851,Outbound,4.0,Attended Dialled,Completed,0.0,False
5805028000054284134,2024-06-10 13:10:00,Victor Barnes,5805028000022424013,Outbound,0.0,Unattended Dialled,Completed,0.0,False
5805028000032073761,2024-02-15 16:51:00,Nina Scott,5805028000016929226,Inbound,714.0,Received,,,False
5805028000022544131,2023-12-21 11:24:00,Ian Miller,5805028000021439001,Outbound,10.0,Attended Dialled,Completed,0.0,False
5805028000028748235,2024-01-29 13:07:00,John Doe,5805028000018309225,Outbound,169.0,Attended Dialled,Completed,0.0,False
5805028000019239006,2023-11-30 12:42:00,Ian Miller,5805028000018961523,Outbound,95.0,Attended Dialled,Completed,0.0,False
5805028000015865326,2023-11-08 14:14:00,Ian Miller,5805028000015866449,Outbound,11.0,Attended Dialled,Completed,0.0,False
5805028000032729409,2024-02-19 11:53:00,Amy Green,5805028000017707038,Outbound,308.0,Attended Dialled,Completed,0.0,False
5805028000003114056,2023-07-26 14:03:00,Jane Smith,5805028000003107068,Outbound,4.0,Attended Dialled,Completed,0.0,False
5805028000043449512,2024-04-12 15:00:00,Ulysses Adams,5805028000043277919,Outbound,54.0,Attended Dialled,Completed,0.0,False
5805028000030235149,2024-02-06 11:58:00,Quincy Vincent,5805028000029802149,Outbound,90.0,Attended Dialled,Completed,0.0,False
5805028000045243369,2024-04-20 15:27:00,Ben Hall,5805028000045218090,Outbound,13.0,Attended Dialled,Completed,0.0,False
5805028000009708256,2023-10-02 10:47:00,Kevin Parker,5805028000009349208,Outbound,4.0,Attended Dialled,Completed,0.0,False
5805028000052188822,2024-05-28 19:31:00,Ulysses Adams,5805028000039296313,Missed,0.0,Missed,,,False
5805028000029736183,2024-02-02 10:01:00,Ben Hall,5805028000029558810,Outbound,52.0,Attended Dialled,Completed,0.0,False
5805028000024799100,2024-01-08 13:02:00,Ian Miller,5805028000024655218,Inbound,381.0,Received,,,False
5805028000039900633,2024-03-27 11:20:00,Charlie Davis,5805028000031986152,Missed,0.0,Missed,,,False
5805028000011624532,2023-10-14 18:52:00,Charlie Davis,5805028000011597605,Outbound,799.0,Attended Dialled,Completed,0.0,False
5805028000006828227,2023-09-06 16:46:00,Jane Smith,5805028000006832213,Outbound,350.0,Attended Dialled,Completed,0.0,False
5805028000028587732,2024-01-28 16:08:00,Quincy Vincent,5805028000027755941,Outbound,4.0,Attended Dialled,Completed,0.0,False
5805028000052208801,2024-05-28 17:55:00,Eva Kent,5805028000051880107,Outbound,6.0,Attended Dialled,Completed,0.0,False
5805028000045435303,2024-04-22 13:39:00,Amy Green,5805028000044901682,Outbound,14.0,Attended Dialled,Completed,0.0,False
5805028000021547094,2023-12-15 10:37:00,Rachel White,5805028000021453368,Outbound,8.0,Attended Dialled,Completed,0.0,False
5805028000015212899,2023-11-04 14:23:00,Julia Nelson,5805028000010580188,Outbound,83.0,Attended Dialled,Completed,0.0,False
5805028000048354688,2024-05-06 13:02:00,Derek James,5805028000025823753,Outbound,112.0,Attended Dialled,Completed,0.0,False
5805028000027552114,2024-01-21 18:06:00,Victor Barnes,5805028000021705433,Outbound,277.0,Attended Dialled,Completed,0.0,False
5805028000010962295,2023-10-11 13:29:00,Kevin Parker,5805028000010248141,Outbound,40.0,Attended Dialled,Completed,0.0,False
5805028000009314013,2023-09-28 16:24:00,Julia Nelson,5805028000004705095,Outbound,4.0,Attended Dialled,Completed,0.0,False
5805028000054301537,2024-06-10 16:33:00,Ian Miller,5805028000054318001,Outbound,8.0,Attended Dialled,Completed,0.0,False
5805028000014806215,2023-11-01 14:47:00,Charlie Davis,5805028000002897390,Outbound,5.0,Attended Dialled,Completed,0.0,False
5805028000004572285,2023-08-12 17:47:00,Charlie Davis,5805028000003014152,Outbound,10.0,Attended Dialled,Completed,0.0,False
5805028000032411163,2024-02-16 14:03:00,Paula Underwood,5805028000031769535,Outbound,5.0,Attended Dialled,Completed,0.0,False
5805028000044869267,2024-04-18 11:37:00,Kevin Parker,5805028000033863261,Outbound,3.0,Attended Dialled,Completed,0.0,False
5805028000043460384,2024-04-12 13:24:00,Charlie Davis,5805028000033912319,Outbound,200.0,Attended Dialled,Completed,0.0,False
5805028000015311216,2023-11-05 10:09:00,Jane Smith,5805028000015314064,Outbound,0.0,Unattended Dialled,Completed,0.0,False
5805028000053526163,2024-06-05 09:50:00,Derek James,5805028000042700966,Outbound,72.0,Attended Dialled,Completed,0.0,False
5805028000029558382,2024-02-01 17:12:00,John Doe,5805028000017646451,Inbound,134.0,Received,,,False
5805028000016131368,2023-11-09 18:33:00,Diana Evans,5805028000010276200,Outbound,358.0,Attended Dialled,Completed,0.0,False
5805028000026412033,2024-01-17 13:23:00,John Doe,5805028000016506790,Outbound,0.0,Unattended Dialled,Completed,0.0,False
5805028000006355208,2023-08-31 12:54:00,Diana Evans,5805028000005154088,Outbound,44.0,Attended Dialled,Completed,0.0,False
5805028000048763807,2024-05-08 14:02:00,Ian Miller,5805028000048797050,Outbound,521.0,Attended Dialled,Completed,0.0,False
5805028000053700590,2024-06-06 13:48:00,John Doe,5805028000049568134,Missed,0.0,Missed,,,False
5805028000047733097,2024-05-02 14:07:00,Julia Nelson,5805028000047205094,Outbound,298.0,Attended Dialled,Completed,0.0,False
5805028000028994009,2024-01-30 14:46:00,Ulysses Adams,5805028000028886300,Outbound,5.0,Attended Dialled,Completed,0.0,False
5805028000028772148,2024-01-29 13:55:00,Ian Miller,5805028000028601268,Outbound,14.0,Attended Dialled,Completed,0.0,False
5805028000028026381,2024-01-24 10:56:00,Kevin Parker,5805028000014500034,Outbound,19.0,Attended Dialled,Completed,0.0,False
5805028000031072232,2024-02-09 14:24:00,Amy Green,5805028000029782013,Outbound,9.0,Attended Dialled,Completed,0.0,False
5805028000053791007,2024-06-06 17:06:00,Ben Hall,5805028000049797454,Outbound,11.0,Attended Dialled,Completed,0.0,False
5805028000045035938,2024-04-19 18:30:00,Derek James,5805028000029660580,Outbound,250.0,Attended Dialled,Completed,0.0,False
5805028000044497519,2024-04-17 11:24:00,John Doe,5805028000017915511,Missed,0.0,Missed,,,False
5805028000005275536,2023-08-21 15:29:00,Diana Evans,5805028000005026234,Outbound,9.0,Attended Dialled,Completed,0.0,False
5805028000045239796,2024-04-20 16:31:00,Paula Underwood,5805028000025424014,Outbound,6.0,Attended Dialled,Completed,0.0,False
5805028000028446602,2024-01-26 18:20:00,Ulysses Adams,5805028000005288631,Outbound,62.0,Attended Dialled,Completed,0.0,False
5805028000038731753,2024-03-20 15:07:00,John Doe,5805028000030487775,Outbound,151.0,Attended Dialled,Completed,0.0,False
5805028000052177606,2024-05-28 16:31:00,Nina Scott,5805028000043450632,Outbound,44.0,Attended Dialled,Completed,0.0,False
5805028000037450192,2024-03-14 12:31:00,Quincy Vincent,5805028000037118753,Outbound,2085.0,Attended Dialled,Completed,0.0,False
5805028000012338271,2023-10-18 12:53:00,Julia Nelson,5805028000012207006,Outbound,900.0,Attended Dialled,Completed,0.0,False
5805028000026131474,2024-01-15 19:25:00,Xander Dean,5805028000025977898,Outbound,201.0,Attended Dialled,Completed,0.0,False
5805028000020949208,2023-12-12 12:39:00,Charlie Davis,5805028000020740523,Outbound,54.0,Attended Dialled,Completed,0.0,False
5805028000004602933,2023-08-15 13:05:00,Diana Evans,5805028000003329100,Outbound,230.0,Attended Dialled,Completed,0.0,False
5805028000054680018,2024-06-11 19:34:00,Derek James,5805028000035375294,Outbound,240.0,Attended Dialled,Completed,0.0,False
5805028000043845391,2024-04-15 09:12:00,Ulysses Adams,5805028000042854929,Outbound,149.0,Attended Dialled,Completed,0.0,False
5805028000030835766,2024-02-08 14:44:00,Yara Edwards,5805028000030210015,Outbound,587.0,Attended Dialled,Completed,0.0,False
5805028000019919118,2023-12-06 16:35:00,Paula Underwood,5805028000017925790,Outbound,7.0,Attended Dialled,Completed,0.0,False
5805028000050592301,2024-05-13 12:32:00,Ulysses Adams,5805028000009701425,Outbound,4.0,Attended Dialled,Completed,0.0,False
5805028000052682098,2024-05-30 14:13:00,Charlie Davis,5805028000042700966,Missed,0.0,Missed,,,False
5805028000025290772,2024-01-10 18:26:00,Paula Underwood,5805028000018583738,Outbound,0.0,Unattended Dialled,Completed,0.0,False
5805028000055814331,2024-06-17 14:55:00,Kevin Parker,5805028000050834639,Outbound,0.0,Unattended Dialled,Completed,0.0,False
5805028000008667435,2023-09-23 12:01:00,Jane Smith,5805028000005277095,Outbound,180.0,Attended Dialled,Completed,0.0,False
5805028000048574336,2024-05-07 17:13:00,Ben Hall,5805028000047472708,Outbound,9.0,Attended Dialled,Completed,0.0,False
5805028000031196038,2024-02-09 17:15:00,Ulysses Adams,5805028000005783053,Outbound,5.0,Attended Dialled,Completed,0.0,False
5805028000047858095,2024-05-03 11:54:00,Derek James,5805028000030143280,Outbound,157.0,Attended Dialled,Completed,0.0,False
5805028000013281146,2023-10-23 17:01:00,Jane Smith,5805028000004747367,Outbound,187.0,Attended Dialled,Completed,0.0,False
5805028000052086135,2024-05-27 18:45:00,Cara Iverson,5805028000052115103,Outbound,227.0,Attended Dialled,Completed,0.0,False
5805028000023516487,2023-12-28 17:08:00,John Doe,5805028000015996001,Outbound,53.0,Attended Dialled,Completed,0.0,False
5805028000052396755,2024-05-29 18:35:00,Quincy Vincent,5805028000051528565,Outbound,845.0,Attended Dialled,Completed,0.0,False
5805028000016957590,2023-11-15 09:17:00,John Doe,5805028000007327089,Outbound,162.0,Attended Dialled,Completed,0.0,False
5805028000049547443,2024-05-12 16:28:00,Kevin Parker,5805028000019434907,Outbound,0.0,Unattended Dialled,Completed,0.0,False
5805028000029019153,2024-01-30 15:56:00,Quincy Vincent,5805028000028022895,Outbound,93.0,Attended Dialled,Completed,0.0,False
5805028000040124087,2024-03-27 17:06:00,John Doe,5805028000019623507,Outbound,0.0,Unattended Dialled,Completed,0.0,False
5805028000024371571,2024-01-05 12:36:00,Charlie Davis,5805028000024359387,Outbound,875.0,Attended Dialled,Completed,0.0,False
5805028000024508088,2024-01-05 14:08:00,John Doe,5805028000014293128,Outbound,898.0,Attended Dialled,Completed,0.0,False
5805028000014077316,2023-10-28 10:19:00,Jane Smith,5805028000012259131,Outbound,6.0,Attended Dialled,Completed,0.0,False
5805028000029368131,2024-01-31 16:49:00,Kevin Parker,5805028000020431055,Outbound,6.0,Attended Dialled,Completed,0.0,False
5805028000047731706,2024-05-02 18:40:00,Yara Edwards,5805028000047706882,Outbound,7.0,Attended Dialled,Completed,0.0,False
5805028000025506032,2024-01-11 12:21:00,Ulysses Adams,5805028000007866898,Outbound,5.0,Attended Dialled,Completed,0.0,False
5805028000041930364,2024-04-05 10:06:00,Julia Nelson,5805028000041734673,Outbound,5.0,Attended Dialled,Completed,0.0,False
5805028000026236507,2024-01-16 10:47:00,Victor Barnes,5805028000023036240,Outbound,2125.0,Attended Dialled,Completed,0.0,False
5805028000042147558,2024-04-06 18:30:00,Yara Edwards,5805028000012327276,Outbound,0.0,Unattended Dialled,Completed,0.0,False
5805028000035144014,2024-02-29 16:14:00,John Doe,5805028000018408794,Missed,0.0,Missed,,,False
5805028000052662220,2024-05-30 16:04:00,Ulysses Adams,5805028000052213112,Outbound,4.0,Attended Dialled,Completed,0.0,False
5805028000036024967,2024-03-07 15:51:00,Ulysses Adams,5805028000035788728,Outbound,2144.0,Attended Dialled,Completed,0.0,False
5805028000038727619,2024-03-20 14:32:00,Ulysses Adams,5805028000038228682,Outbound,2102.0,Attended Dialled,Completed,0.0,False
5805028000032528916,2024-02-18 12:00:00,Yara Edwards,5805028000032528771,Outbound,106.0,Attended Dialled,Completed,0.0,False
5805028000041066499,2024-04-02 12:22:00,John Doe,5805028000010631113,Outbound,5.0,Attended Dialled,Completed,0.0,False
5805028000015876283,2023-11-08 12:55:00,Julia Nelson,5805028000010410365,Missed,0.0,Missed,,,False
5805028000039806387,2024-03-26 14:24:00,Ian Miller,5805028000039765003,Outbound,5.0,Attended Dialled,Completed,0.0,False
5805028000023690036,2023-12-29 11:21:00,Sam Young,5805028000021815043,Outbound,54.0,Attended Dialled,Completed,0.0,False
5805028000019453373,2023-12-01 16:47:00,Diana Evans,5805028000019112283,Outbound,6.0,Attended Dialled,Completed,0.0,False
5805028000049809960,2024-05-14 14:51:00,Kevin Parker,5805028000041626270,Outbound,5.0,Attended Dialled,Completed,0.0,False
5805028000018602904,2023-11-24 13:56:00,Nina Scott,5805028000018309225,Inbound,435.0,Received,,,False
5805028000018423889,2023-11-23 10:47:00,Kevin Parker,5805028000005783053,Outbound,5.0,Attended Dialled,Completed,0.0,False
5805028000040384273,2024-03-29 10:33:00,Julia Nelson,5805028000008337185,Missed,0.0,Missed,,,False
5805028000022782126,2023-12-22 18:28:00,Sam Young,5805028000021269660,Outbound,221.0,Attended Dialled,Completed,0.0,False
5805028000044828432,2024-04-18 14:16:00,Kevin Parker,5805028000034928592,Outbound,107.0,Attended Dialled,Completed,0.0,False
5805028000035587013,2024-03-04 15:14:00,Ulysses Adams,5805028000034058586,Outbound,5.0,Attended Dialled,Completed,0.0,False
5805028000043249001,2024-04-11 16:50:00,Nina Scott,5805028000042698959,Outbound,0.0,Unattended Dialled,Completed,0.0,False
5805028000045972034,2024-04-23 17:45:00,Victor Barnes,5805028000032729013,Outbound,109.0,Attended Dialled,Completed,0.0,False
5805028000028914093,2024-01-30 10:50:00,Victor Barnes,5805028000026241785,Outbound,0.0,Unattended Dialled,Completed,0.0,False
5805028000023887035,2023-12-30 11:37:00,Ian Miller,5805028000023503455,Outbound,10.0,Attended Dialled,Completed,0.0,False
5805028000053221078,2024-06-03 14:59:00,Derek James,5805028000042700966,Outbound,98.0,Attended Dialled,Completed,0.0,False
5805028000005277575,2023-08-21 18:23:00,Diana Evans,5805028000005005266,Outbound,20.0,Attended Dialled,Completed,0.0,False
5805028000018777235,2023-11-27 10:24:00,Julia Nelson,5805028000017756471,Outbound,466.0,Attended Dialled,Completed,0.0,False
5805028000032773322,2024-02-19 10:23:00,Ian Miller,5805028000032576794,Outbound,7.0,Attended Dialled,Completed,0.0,False
5805028000035494746,2024-03-04 11:36:00,Julia Nelson,5805028000034693259,Outbound,1324.0,Attended Dialled,Completed,0.0,False
5805028000009928224,2023-10-04 10:44:00,Ian Miller,5805028000009935052,Outbound,0.0,Unattended Dialled,Completed,0.0,False
5805028000030861977,2024-02-08 16:24:00,Ulysses Adams,5805028000018758841,Outbound,5.0,Attended Dialled,Completed,0.0,False
5805028000031738947,2024-02-14 14:01:00,John Doe,5805028000004841041,Outbound,356.0,Attended Dialled,Completed,0.0,False
5805028000056567304,2024-06-20 12:00:00,Eva Kent,5805028000055509804,Outbound,6.0,Attended Dialled,Completed,0.0,False
5805028000040342082,2024-03-28 18:54:00,Ulysses Adams,5805028000009354181,Outbound,5.0,Attended Dialled,Completed,0.0,False
5805028000018596902,2023-11-24 14:35:00,Diana Evans,5805028000003959027,Outbound,1402.0,Attended Dialled,Completed,0.0,False
5805028000042471527,2024-04-08 17:24:00,Julia Nelson,5805028000034901446,Outbound,2.0,Attended Dialled,Completed,0.0,False
5805028000041757359,2024-04-04 15:47:00,Kevin Parker,5805028000040340638,Outbound,285.0,Attended Dialled,Completed,0.0,False
5805028000024146389,2024-01-03 15:51:00,Julia Nelson,5805028000022785013,Outbound,4.0,Attended Dialled,Completed,0.0,False
5805028000056736234,2024-06-20 15:17:00,Kevin Parker,5805028000029243135,Outbound,0.0,Unattended Dialled,Completed,0.0,False
5805028000024291155,2024-01-04 09:38:00,Ian Miller,5805028000005939384,Outbound,9.0,Attended Dialled,Completed,0.0,False
5805028000039575187,2024-03-25 09:43:00,John Doe,5805028000037293210,Outbound,63.0,Attended Dialled,Completed,0.0,False
5805028000045978746,2024-04-24 11:13:00,Julia Nelson,5805028000044668979,Outbound,93.0,Attended Dialled,Completed,0.0,False
5805028000014270339,2023-10-30 13:57:00,John Doe,5805028000006308001,Outbound,6.0,Attended Dialled,Completed,0.0,False
5805028000016828148,2023-11-14 16:44:00,Ian Miller,5805028000011398239,Outbound,747.0,Attended Dialled,Completed,0.0,False
5805028000001302001,2023-07-07 16:28:00,Jane Smith,5805028000000961001,Outbound,48.0,Attended Dialled,Completed,0.0,False
5805028000029278363,2024-01-31 13:18:00,Nina Scott,5805028000028873341,Outbound,0.0,Unattended Dialled,Completed,0.0,False
5805028000032454092,2024-02-16 13:51:00,Ulysses Adams,5805028000031509418,Outbound,8.0,Attended Dialled,Completed,0.0,False
5805028000044729140,2024-04-17 17:42:00,Quincy Vincent,5805028000040664889,Outbound,38.0,Attended Dialled,Completed,0.0,False
5805028000014594266,2023-10-31 16:51:00,Mason Roberts,5805028000013039245,Outbound,4.0,Attended Dialled,Completed,0.0,False
5805028000046196059,2024-04-24 16:17:00,Derek James,5805028000035493617,Outbound,8.0,Attended Dialled,Completed,0.0,False
5805028000027994473,2024-01-24 12:29:00,Kevin Parker,5805028000018316132,Outbound,115.0,Attended Dialled,Completed,0.0,False
5805028000023037254,2023-12-25 15:42:00,Julia Nelson,5805028000014077165,Missed,0.0,Missed,,,False
5805028000037094438,2024-03-13 11:14:00,Victor Barnes,5805028000035059171,Outbound,28.0,Attended Dialled,Completed,0.0,False
5805028000046953297,2024-04-27 17:12:00,Charlie Davis,5805028000020334424,Outbound,0.0,Unattended Dialled,Completed,0.0,False
5805028000028993208,2024-01-30 17:12:00,Quincy Vincent,5805028000028022895,Outbound,22.0,Attended Dialled,Completed,0.0,False
5805028000050576114,2024-05-17 17:47:00,Charlie Davis,5805028000024359387,Outbound,199.0,Attended Dialled,Completed,0.0,False
5805028000027070115,2024-01-19 11:46:00,Kevin Parker,5805028000021705433,Outbound,5.0,Attended Dialled,Completed,0.0,False
5805028000042692344,2024-04-09 15:39:00,Ian Miller,5805028000020642076,Inbound,64.0,Received,,,False
5805028000010586191,2023-10-09 15:09:00,Julia Nelson,5805028000010210154,Outbound,2525.0,Attended Dialled,Completed,0.0,False
5805028000013858467,2023-10-26 17:09:00,Kevin Parker,5805028000013844551,Outbound,1288.0,Attended Dialled,Completed,0.0,False
5805028000036920173,2024-03-12 09:59:00,Ulysses Adams,5805028000027735302,Outbound,6.0,Attended Dialled,Completed,0.0,False
5805028000021061689,2023-12-13 11:24:00,Kevin Parker,5805028000010271399,Outbound,5.0,Attended Dialled,Completed,0.0,False
5805028000007408169,2023-09-13 13:54:00,Hannah Lee,5805028000003709107,Inbound,275.0,Received,,,False
5805028000039933690,2024-03-27 10:58:00,Charlie Davis,5805028000037552715,Outbound,62.0,Attended Dialled,Completed,0.0,False
5805028000052074104,2024-05-27 17:54:00,Cara Iverson,5805028000051866688,Outbound,4.0,Attended Dialled,Completed,0.0,False
5805028000011523074,2023-10-13 13:15:00,Mason Roberts,5805028000010674209,Outbound,723.0,Attended Dialled,Completed,0.0,False
5805028000052993693,2024-06-01 16:49:00,Paula Underwood,5805028000052391450,Outbound,137.0,Attended Dialled,Completed,0.0,False
5805028000032673542,2024-02-18 22:15:00,Quincy Vincent,5805028000032539965,Inbound,128.0,Received,,,False
5805028000045452018,2024-04-22 12:58:00,Derek James,5805028000017915511,Outbound,224.0,Attended Dialled,Completed,0.0,False
5805028000047385519,2024-04-30 10:57:00,Yara Edwards,5805028000047190011,Outbound,6.0,Attended Dialled,Completed,0.0,False
5805028000026871228,2024-01-18 17:15:00,Ulysses Adams,5805028000007964432,Outbound,7.0,Attended Dialled,Completed,0.0,False
5805028000041329656,2024-04-03 12:04:00,Ian Miller,5805028000041328047,Outbound,0.0,Unattended Dialled,Completed,0.0,False
5805028000024546171,2024-01-05 18:15:00,Wendy Clark,5805028000023907313,Outbound,6.0,Attended Dialled,Completed,0.0,False
5805028000021692056,2023-12-16 14:06:00,Julia Nelson,5805028000021594870,Outbound,0.0,Unattended Dialled,Completed,0.0,False
5805028000022051016,2023-12-19 10:14:00,Julia Nelson,5805028000021567713,Outbound,378.0,Attended Dialled,Completed,0.0,False
5805028000052664087,2024-05-30 14:33:00,Derek James,5805028000005268612,Outbound,118.0,Attended Dialled,Completed,0.0,False
5805028000056703096,2024-06-20 13:12:00,Kevin Parker,5805028000037097355,Outbound,5.0,Attended Dialled,Completed,0.0,False
5805028000037277276,2024-03-13 18:59:00,Ulysses Adams,5805028000036639525,Outbound,50.0,Attended Dialled,Completed,0.0,False
5805028000007995173,2023-09-18 16:50:00,George King,5805028000007822911,Outbound,0.0,Unattended Dialled,Completed,0.0,False
5805028000046342733,2024-04-25 12:23:00,Charlie Davis,5805028000008575236,Outbound,355.0,Attended Dialled,Completed,0.0,False
5805028000047482173,2024-04-30 14:47:00,Ulysses Adams,5805028000047324319,Outbound,8.0,Attended Dialled,Completed,0.0,False
5805028000015015603,2023-11-03 10:16:00,Charlie Davis,5805028000014660161,Outbound,966.0,Attended Dialled,Completed,0.0,False
5805028000022023196,2023-12-19 13:53:00,Julia Nelson,5805028000021760036,Outbound,8.0,Attended Dialled,Completed,0.0,False
5805028000037557872,2024-03-15 10:20:00,Paula Underwood,5805028000019608861,Missed,0.0,Missed,,,False
5805028000016369034,2023-11-10 14:50:00,Charlie Davis,5805028000016119178,Outbound,0.0,Unattended Dialled,Completed,0.0,False
5805028000037118636,2024-03-13 11:31:00,Kevin Parker,5805028000032413100,Outbound,5.0,Attended Dialled,Completed,0.0,False
5805028000047734467,2024-05-02 18:01:00,Derek James,5805028000031383079,Outbound,17.0,Attended Dialled,Completed,0.0,False
5805028000054926136,2024-06-12 18:16:00,John Doe,5805028000017921187,Missed,0.0,Missed,,,False
5805028000022648397,2023-12-22 13:01:00,Paula Underwood,5805028000022641224,Outbound,379.0,Attended Dialled,Completed,0.0,False
5805028000024352020,2024-01-04 15:50:00,Paula Underwood,5805028000021707121,Outbound,6.0,Attended Dialled,Completed,0.0,False
5805028000052376336,2024-05-29 11:12:00,Derek James,5805028000050812781,Inbound,38.0,Received,,,False
5805028000045432193,2024-04-22 14:31:00,Victor Barnes,5805028000045321473,Outbound,50.0,Attended Dialled,Completed,0.0,False
5805028000053413122,2024-06-04 16:16:00,Kevin Parker,5805028000023693146,Outbound,4.0,Attended Dialled,Completed,0.0,False
5805028000024157325,2024-01-03 15:19:00,Kevin Parker,5805028000021061487,Missed,0.0,Missed,,,False
5805028000041756224,2024-04-04 12:48:00,Ben Hall,5805028000041328974,Outbound,60.0,Attended Dialled,Completed,0.0,False
5805028000054008087,2024-06-07 15:18:00,Derek James,5805028000050301933,Outbound,262.0,Attended Dialled,Completed,0.0,False
5805028000041744315,2024-04-04 13:51:00,Yara Edwards,5805028000017540757,Outbound,174.0,Attended Dialled,Completed,0.0,False
5805028000028044680,2024-01-24 14:34:00,Quincy Vincent,5805028000026136977,Outbound,0.0,Unattended Dialled,Completed,0.0,False
5805028000018416967,2023-11-23 11:02:00,Kevin Parker,5805028000018036007,Outbound,5.0,Attended Dialled,Completed,0.0,False
5805028000013173561,2023-10-23 08:55:00,John Doe,5805028000004705195,Missed,0.0,Missed,,,False
5805028000033772219,2024-02-23 17:47:00,Paula Underwood,5805028000020431055,Outbound,11.0,Attended Dialled,Completed,0.0,False
5805028000046342197,2024-04-24 20:59:00,John Doe,5805028000035788728,Missed,0.0,Missed,,,False
5805028000031771622,2024-02-14 11:15:00,Ben Hall,5805028000030980435,Outbound,137.0,Attended Dialled,Completed,0.0,False
5805028000044703235,2024-04-17 16:42:00,Julia Nelson,5805028000041920135,Outbound,6.0,Attended Dialled,Completed,0.0,False
5805028000023517142,2023-12-28 14:04:00,Julia Nelson,5805028000022785013,Inbound,66.0,Received,,,False
5805028000027861374,2024-01-23 15:57:00,Nina Scott,5805028000018309225,Outbound,596.0,Attended Dialled,Completed,0.0,False
5805028000048206508,2024-05-05 12:28:00,Quincy Vincent,5805028000044674634,Outbound,7.0,Attended Dialled,Completed,0.0,False
5805028000033296292,2024-02-21 16:38:00,Ben Hall,5805028000014659028,Outbound,7.0,Attended Dialled,Completed,0.0,False
5805028000018584921,2023-11-25 12:35:00,Charlie Davis,5805028000015201019,Outbound,7.0,Attended Dialled,Completed,0.0,False
5805028000052813542,2024-05-31 13:55:00,Kevin Parker,5805028000034694613,Outbound,4.0,Attended Dialled,Completed,0.0,False
5805028000020652061,2023-12-11 10:51:00,John Doe,5805028000013945362,Inbound,183.0,Received,,,False
5805028000042274439,2024-04-07 14:32:00,Cara Iverson,5805028000042261438,Outbound,1442.0,Attended Dialled,Completed,0.0,False
5805028000019310246,2023-11-30 18:46:00,Diana Evans,5805028000019321079,Outbound,6.0,Attended Dialled,Completed,0.0,False
5805028000003687172,2023-08-03 15:16:00,Charlie Davis,5805028000003659169,Outbound,0.0,Unattended Dialled,Completed,0.0,False
5805028000044831291,2024-04-18 11:43:00,Yara Edwards,5805028000044342562,Outbound,366.0,Attended Dialled,Completed,0.0,False
5805028000038350454,2024-03-19 16:23:00,Amy Green,5805028000021439001,Outbound,20.0,Attended Dialled,Completed,0.0,False
5805028000004106817,2023-08-09 11:20:00,Diana Evans,5805028000004130492,Outbound,1282.0,Attended Dialled,Completed,0.0,False
5805028000016616599,2023-11-13 17:10:00,Diana Evans,5805028000003959027,Outbound,35.0,Attended Dialled,Completed,0.0,False
5805028000019458719,2023-12-02 12:39:00,Paula Underwood,5805028000017641723,Outbound,89.0,Attended Dialled,Completed,0.0,False
5805028000018998199,2023-11-28 12:34:00,Charlie Davis,5805028000018704498,Missed,0.0,Missed,,,False
5805028000031108015,2024-02-09 10:18:00,Victor Barnes,5805028000028538883,Outbound,198.0,Attended Dialled,Completed,0.0,False
5805028000050136362,2024-05-15 18:39:00,Amy Green,5805028000005612081,Outbound,17.0,Attended Dialled,Completed,0.0,False
5805028000041351855,2024-04-03 12:17:00,Amy Green,5805028000040548134,Outbound,0.0,Unattended Dialled,Completed,0.0,False
5805028000020755261,2023-12-11 16:42:00,John Doe,5805028000016273017,Outbound,157.0,Attended Dialled,Completed,0.0,False
5805028000033688198,2024-02-23 13:09:00,Kevin Parker,5805028000029269362,Outbound,489.0,Attended Dialled,Completed,0.0,False
5805028000044688330,2024-04-17 17:25:00,Nina Scott,5805028000043804224,Outbound,0.0,Unattended Dialled,Completed,0.0,False
5805028000034473596,2024-02-27 15:22:00,Ulysses Adams,5805028000020431055,Inbound,71.0,Received,,,False
5805028000019114087,2023-11-29 15:24:00,Diana Evans,5805028000018774819,Outbound,45.0,Attended Dialled,Completed,0.0,False
5805028000006113015,2023-08-29 14:47:00,Jane Smith,5805028000001880249,Outbound,0.0,Unattended Dialled,Completed,0.0,False
5805028000048692072,2024-05-07 18:32:00,Yara Edwards,5805028000048585166,Outbound,226.0,Attended Dialled,Completed,0.0,False
5805028000015304405,2023-11-05 11:55:00,Diana Evans,5805028000015315004,Outbound,2478.0,Attended Dialled,Completed,0.0,False
5805028000042854304,2024-04-10 12:22:00,Charlie Davis,5805028000042682985,Outbound,0.0,Unattended Dialled,Completed,0.0,False
5805028000035395054,2024-03-01 16:46:00,Charlie Davis,5805028000034675335,Outbound,0.0,Unattended Dialled,Completed,0.0,False
5805028000033871480,2024-02-24 13:31:00,Nina Scott,5805028000018082077,Outbound,0.0,Unattended Dialled,Completed,0.0,False
5805028000032898391,2024-02-19 19:48:00,Amy Green,5805028000025202328,Outbound,417.0,Attended Dialled,Completed,0.0,False
5805028000054543182,2024-06-11 14:15:00,Kevin Parker,5805028000053717036,Outbound,5.0,Attended Dialled,Completed,0.0,False
5805028000010036457,2023-10-05 11:01:00,Diana Evans,5805028000008776639,Outbound,42.0,Attended Dialled,Completed,0.0,False
5805028000008777359,2023-09-24 17:35:00,Jane Smith,5805028000005614074,Missed,0.0,Missed,,,False
5805028000019453467,2023-12-01 17:26:00,John Doe,5805028000015304525,Outbound,817.0,Attended Dialled,Completed,0.0,False
5805028000048920160,2024-05-08 16:05:00,Ulysses Adams,5805028000048761608,Outbound,1533.0,Attended Dialled,Completed,0.0,False
5805028000046279957,2024-04-25 13:47:00,Nina Scott,5805028000046316316,Outbound,0.0,Unattended Dialled,Completed,0.0,False
5805028000052341461,2024-05-29 17:31:00,Ulysses Adams,5805028000052213112,Outbound,8.0,Attended Dialled,Completed,0.0,False
5805028000007660013,2023-09-14 12:47:00,John Doe,5805028000004863423,Inbound,41.0,Received,,,False
5805028000009998506,2023-10-05 12:10:00,Ian Miller,5805028000010005080,Outbound,7.0,Attended Dialled,Completed,0.0,False
5805028000029243300,2024-01-31 12:43:00,Yara Edwards,5805028000025121037,Outbound,0.0,Unattended Dialled,Completed,0.0,False
5805028000012904432,2023-10-20 16:39:00,John Doe,5805028000010631113,Missed,0.0,Missed,,,False
5805028000023277286,2023-12-27 15:56:00,Sam Young,5805028000022948146,Outbound,1483.0,Attended Dialled,Completed,0.0,False
5805028000025202134,2024-01-09 17:32:00,John Doe,5805028000002350048,Outbound,187.0,Attended Dialled,Completed,0.0,False
5805028000034694220,2024-02-27 18:11:00,Julia Nelson,5805028000020452572,Outbound,6.0,Attended Dialled,Completed,0.0,False
5805028000018986882,2023-11-29 13:20:00,Kevin Parker,5805028000018583738,Outbound,148.0,Attended Dialled,Completed,0.0,False
5805028000033788237,2024-02-23 17:45:00,Ben Hall,5805028000030980435,Outbound,491.0,Attended Dialled,Completed,0.0,False
5805028000053691150,2024-06-05 17:11:00,Charlie Davis,5805028000033276868,Missed,0.0,Missed,,,False
5805028000003939311,2023-08-06 11:28:00,Charlie Davis,5805028000003954229,Outbound,1335.0,Attended Dialled,Completed,0.0,False
5805028000037522305,2024-03-14 16:44:00,Quincy Vincent,5805028000028022895,Outbound,78.0,Attended Dialled,Completed,0.0,False
5805028000028547562,2024-01-27 15:21:00,Yara Edwards,5805028000008485160,Outbound,360.0,Attended Dialled,Completed,0.0,False
5805028000042598314,2024-04-09 11:40:00,Quincy Vincent,5805028000042312463,Outbound,6.0,Attended Dialled,Completed,0.0,False
5805028000053905112,2024-06-07 12:56:00,Ulysses Adams,5805028000028740032,Outbound,8.0,Attended Dialled,Completed,0.0,False
5805028000025179045,2024-01-09 15:41:00,Ulysses Adams,5805028000018991530,Outbound,4.0,Attended Dialled,Completed,0.0,False
5805028000032669532,2024-02-18 22:51:00,Quincy Vincent,5805028000032539965,Inbound,187.0,Received,,,False
5805028000041334676,2024-04-03 12:41:00,Yara Edwards,5805028000040767159,Outbound,306.0,Attended Dialled,Completed,0.0,False
5805028000047655103,2024-05-01 17:03:00,Paula Underwood,5805028000046843156,Outbound,77.0,Attended Dialled,Completed,0.0,False
5805028000053282665,2024-06-04 11:14:00,Victor Barnes,5805028000011413224,Outbound,85.0,Attended Dialled,Completed,0.0,False
5805028000016627328,2023-11-13 09:41:00,Kevin Parker,5805028000016003068,Missed,0.0,Missed,,,False
5805028000042108039,2024-04-05 18:45:00,Ian Miller,5805028000017523370,Outbound,102.0,Attended Dialled,Completed,0.0,False
5805028000004950021,2023-08-17 13:19:00,Diana Evans,5805028000003329100,Missed,0.0,Missed,,,False
5805028000041205353,2024-04-02 16:45:00,Nina Scott,5805028000041198206,Outbound,560.0,Attended Dialled,Completed,0.0,False
5805028000040342998,2024-03-29 13:21:00,Ulysses Adams,5805028000008092369,Outbound,1306.0,Attended Dialled,Completed,0.0,False
5805028000001552001,2023-07-12 13:40:00,Jane Smith,5805028000001404153,Outbound,5.0,Attended Dialled,Completed,0.0,False
5805028000045339036,2024-04-21 13:16:00,Ulysses Adams,5805028000035157432,Outbound,6.0,Attended Dialled,Completed,0.0,False
5805028000026516051,2024-01-17 16:02:00,Xander Dean,5805028000014617035,Outbound,0.0,Unattended Dialled,Completed,0.0,False
5805028000046342625,2024-04-25 11:52:00,Charlie Davis,5805028000034335016,Outbound,505.0,Attended Dialled,Completed,0.0,False
5805028000015005644,2023-11-03 09:09:00,Diana Evans,5805028000014617035,Outbound,1122.0,Attended Dialled,Completed,0.0,False
5805028000037839107,2024-03-15 16:37:00,Ulysses Adams,5805028000036835421,Outbound,5.0,Attended Dialled,Completed,0.0,False
5805028000010209111,2023-10-05 19:12:00,Charlie Davis,5805028000010036314,Outbound,15.0,Attended Dialled,Completed,0.0,False
5805028000032446023,2024-02-16 13:14:00,Ulysses Adams,5805028000018991530,Outbound,4.0,Attended Dialled,Completed,0.0,False
5805028000047931210,2024-05-03 18:40:00,Derek James,5805028000023888364,Outbound,106.0,Attended Dialled,Completed,0.0,False
5805028000016634498,2023-11-13 12:55:00,Ian Miller,5805028000016622217,Outbound,12.0,Attended Dialled,Completed,0.0,False
5805028000012327146,2023-10-18 12:02:00,John Doe,5805028000008689210,Outbound,22.0,Attended Dialled,Completed,0.0,False
5805028000041336322,2024-04-03 10:03:00,Ben Hall,5805028000025202328,Outbound,7.0,Attended Dialled,Completed,0.0,False
5805028000030637015,2024-02-07 16:03:00,Quincy Vincent,5805028000026230703,Outbound,0.0,Unattended Dialled,Completed,0.0,False
5805028000019618998,2023-12-05 13:13:00,Diana Evans,5805028000019617682,Missed,0.0,Missed,,,False
5805028000030443014,2024-02-06 17:52:00,Yara Edwards,5805028000017705797,Outbound,851.0,Attended Dialled,Completed,0.0,False
5805028000028161480,2024-01-25 09:31:00,John Doe,5805028000025601444,Inbound,412.0,Received,,,False
5805028000033435328,2024-02-22 15:42:00,Paula Underwood,5805028000033423831,Inbound,887.0,Received,,,False
5805028000014068993,2023-10-28 18:10:00,Mason Roberts,5805028000008427055,Outbound,4.0,Attended Dialled,Completed,0.0,False
5805028000028179557,2024-01-25 12:46:00,Ulysses Adams,5805028000024195789,Outbound,640.0,Attended Dialled,Completed,0.0,False
5805028000024296216,2024-01-04 13:04:00,Julia Nelson,5805028000023339560,Outbound,371.0,Attended Dialled,Completed,0.0,False
5805028000050277592,2024-05-16 16:48:00,Amy Green,5805028000050001350,Outbound,0.0,Unattended Dialled,Completed,0.0,False
5805028000014604182,2023-10-31 17:20:00,Diana Evans,5805028000013957186,Missed,0.0,Missed,,,False
5805028000042698485,2024-04-09 16:17:00,Yara Edwards,5805028000008801381,Outbound,0.0,Unattended Dialled,Completed,0.0,False
5805028000042444514,2024-04-08 16:01:00,Derek James,5805028000023888364,Outbound,10.0,Attended Dialled,Completed,0.0,False
5805028000051119804,2024-05-22 14:52:00,Paula Underwood,5805028000002618040,Outbound,65.0,Attended Dialled,Completed,0.0,False
5805028000045431196,2024-04-22 13:32:00,Kevin Parker,5805028000041321210,Outbound,38.0,Attended Dialled,Completed,0.0,False
5805028000043109390,2024-04-11 13:57:00,Derek James,5805028000041507034,Outbound,156.0,Attended Dialled,Completed,0.0,False
5805028000004149242,2023-08-08 15:29:00,Diana Evans,5805028000003434260,Outbound,5.0,Attended Dialled,Completed,0.0,False
5805028000018395971,2023-11-23 11:27:00,Diana Evans,5805028000017921187,Outbound,6.0,Attended Dialled,Completed,0.0,False
5805028000006079106,2023-08-29 18:11:00,John Doe,5805028000004323001,Outbound,106.0,Attended Dialled,Completed,0.0,False
5805028000054791959,2024-06-12 18:52:00,Derek James,5805028000010631113,Outbound,6.0,Attended Dialled,Completed,0.0,False
5805028000019114630,2023-11-30 10:53:00,Ian Miller,5805028000018704498,Outbound,9.0,Attended Dialled,Completed,0.0,False
5805028000038049788,2024-03-18 13:33:00,Ulysses Adams,5805028000036834045,Outbound,211.0,Attended Dialled,Completed,0.0,False
5805028000028777115,2024-01-29 13:06:00,Ian Miller,5805028000027839017,Outbound,296.0,Attended Dialled,Completed,0.0,False
5805028000051110434,2024-05-22 12:29:00,Cara Iverson,5805028000041202530,Outbound,48.0,Attended Dialled,Completed,0.0,False
5805028000029270171,2024-01-31 13:17:00,John Doe,5805028000024508636,Outbound,178.0,Attended Dialled,Completed,0.0,False
5805028000050966248,2024-05-21 13:09:00,Yara Edwards,5805028000047008373,Inbound,147.0,Received,,,False
5805028000037272186,2024-03-13 17:42:00,Amy Green,5805028000015904048,Outbound,17.0,Attended Dialled,Completed,0.0,False
5805028000029015337,2024-01-30 16:34:00,John Doe,5805028000017921187,Inbound,903.0,Received,,,False
5805028000042125417,2024-04-06 12:52:00,Yara Edwards,5805028000009682314,Outbound,0.0,Unattended Dialled,Completed,0.0,False
5805028000026237973,2024-01-16 19:56:00,Nina Scott,5805028000026033329,Missed,0.0,Missed,,,False
5805028000023310285,2023-12-27 14:45:00,John Doe,5805028000019804254,Outbound,6.0,Attended Dialled,Completed,0.0,False
5805028000054126232,2024-06-09 14:26:00,Julia Nelson,5805028000011628130,Outbound,384.0,Attended Dialled,Completed,0.0,False
5805028000053985277,2024-06-07 17:28:00,Yara Edwards,5805028000053791175,Outbound,4.0,Attended Dialled,Completed,0.0,False
5805028000009938279,2023-10-04 14:14:00,Diana Evans,5805028000003329100,Outbound,64.0,Attended Dialled,Completed,0.0,False
5805028000051510731,2024-05-24 13:17:00,Kevin Parker,5805028000044497165,Outbound,56.0,Attended Dialled,Completed,0.0,False
5805028000026509125,2024-01-17 16:44:00,Charlie Davis,5805028000025202255,Outbound,156.0,Attended Dialled,Completed,0.0,False
5805028000027875294,2024-01-23 14:04:00,Ulysses Adams,5805028000026991242,Outbound,135.0,Attended Dialled,Completed,0.0,False
5805028000026474010,2024-01-17 15:43:00,Julia Nelson,5805028000026080729,Outbound,5.0,Attended Dialled,Completed,0.0,False
5805028000037090780,2024-03-13 11:06:00,Amy Green,5805028000017537784,Outbound,13.0,Attended Dialled,Completed,0.0,False
5805028000049210911,2024-05-10 17:25:00,Kevin Parker,5805028000029802149,Outbound,5.0,Attended Dialled,Completed,0.0,False
5805028000022292416,2023-12-20 13:33:00,Diana Evans,5805028000009044013,Outbound,446.0,Attended Dialled,Completed,0.0,False
5805028000020308658,2023-12-08 15:31:00,John Doe,5805028000015207618,Outbound,0.0,Unattended Dialled,Completed,0.0,False
5805028000045976296,2024-04-23 20:17:00,Cara Iverson,5805028000044034579,Outbound,0.0,Unattended Dialled,Completed,0.0,False
5805028000030851780,2024-02-08 15:41:00,Amy Green,5805028000030056922,Outbound,6.0,Attended Dialled,Completed,0.0,False
5805028000056158489,2024-06-18 17:08:00,Ben Hall,5805028000049092174,Outbound,4.0,Attended Dialled,Completed,0.0,False
5805028000053161492,2024-06-03 12:35:00,Ulysses Adams,5805028000052392304,Outbound,5.0,Attended Dialled,Completed,0.0,False
5805028000046303687,2024-04-25 12:31:00,Kevin Parker,5805028000028142600,Outbound,189.0,Attended Dialled,Completed,0.0,False
5805028000023318528,2023-12-27 18:42:00,John Doe,5805028000008246089,Outbound,117.0,Attended Dialled,Completed,0.0,False
5805028000044018448,2024-04-16 12:15:00,Nina Scott,5805028000018309225,Inbound,73.0,Received,,,False
5805028000032566989,2024-02-18 16:10:00,John Doe,5805028000028339228,Outbound,576.0,Attended Dialled,Completed,0.0,False
5805028000037461119,2024-03-14 12:06:00,Nina Scott,5805028000036840378,Missed,0.0,Missed,,,False
5805028000009234449,2023-09-28 12:42:00,Fiona Jackson,5805028000007653015,Missed,0.0,Missed,,,False
5805028000044209429,2024-04-16 17:22:00,Ben Hall,5805028000043008308,Outbound,1525.0,Attended Dialled,Completed,0.0,False
5805028000009905159,2023-10-03 18:01:00,Diana Evans,5805028000009701425,Outbound,5.0,Attended Dialled,Completed,0.0,False
5805028000014995957,2023-11-03 12:16:00,John Doe,5805028000004999128,Missed,0.0,Missed,,,False
5805028000013306524,2023-10-24 12:19:00,Ian Miller,5805028000000939010,Outbound,6.0,Attended Dialled,Completed,0.0,False
5805028000030899685,2024-02-08 15:28:00,Ulysses Adams,5805028000013751184,Outbound,5.0,Attended Dialled,Completed,0.0,False
5805028000039266374,2024-03-22 13:34:00,John Doe,5805028000018408794,Outbound,133.0,Attended Dialled,Completed,0.0,False
5805028000033780243,2024-02-23 17:43:00,Julia Nelson,5805028000030169494,Outbound,6.0,Attended Dialled,Completed,0.0,False
5805028000044050842,2024-04-16 16:01:00,Ulysses Adams,5805028000042810680,Outbound,6.0,Attended Dialled,Completed,0.0,False
5805028000022682545,2023-12-22 13:54:00,Ian Miller,5805028000021694290,Outbound,6.0,Attended Dialled,Completed,0.0,False
5805028000005188757,2023-08-20 12:17:00,Charlie Davis,5805028000005153321,Outbound,1284.0,Attended Dialled,Completed,0.0,False
5805028000021695292,2023-12-16 18:08:00,Nina Scott,5805028000011520132,Outbound,49.0,Attended Dialled,Completed,0.0,False
5805028000008378280,2023-09-21 13:21:00,Julia Nelson,5805028000008337185,Outbound,1872.0,Attended Dialled,Completed,0.0,False
5805028000005429382,2023-08-23 16:21:00,Jane Smith,5805028000004572702,Outbound,6.0,Attended Dialled,Completed,0.0,False
5805028000019603404,2023-12-04 11:35:00,Ian Miller,5805028000019298409,Outbound,257.0,Attended Dialled,Completed,0.0,False
5805028000035800783,2024-03-06 14:20:00,Yara Edwards,5805028000035351969,Inbound,291.0,Received,,,False
5805028000012565161,2023-10-19 14:39:00,Kevin Parker,5805028000012363285,Outbound,806.0,Attended Dialled,Completed,0.0,False
5805028000032566860,2024-02-18 13:33:00,Quincy Vincent,5805028000026042160,Outbound,5.0,Attended Dialled,Completed,0.0,False
5805028000040228732,2024-03-28 14:13:00,Ulysses Adams,5805028000040093251,Outbound,2487.0,Attended Dialled,Completed,0.0,False
5805028000038727472,2024-03-20 13:38:00,Paula Underwood,5805028000038227640,Outbound,1312.0,Attended Dialled,Completed,0.0,False
5805028000026117116,2024-01-15 16:41:00,Quincy Vincent,5805028000025985493,Outbound,338.0,Attended Dialled,Completed,0.0,False
5805028000025856118,2024-01-12 12:47:00,Kevin Parker,5805028000018716003,Outbound,220.0,Attended Dialled,Completed,0.0,False
5805028000042602341,2024-04-09 11:36:00,Ian Miller,5805028000007218219,Outbound,224.0,Attended Dialled,Completed,0.0,False
5805028000039584098,2024-03-25 10:37:00,Ulysses Adams,5805028000025589408,Outbound,4.0,Attended Dialled,Completed,0.0,False
5805028000017184248,2023-11-16 11:58:00,Diana Evans,5805028000010515033,Outbound,110.0,Attended Dialled,Completed,0.0,False
5805028000039399429,2024-03-22 20:44:00,Victor Barnes,5805028000037913468,Outbound,34.0,Attended Dialled,Completed,0.0,False
5805028000004742001,2023-08-15 14:42:00,Jane Smith,5805028000004106113,Outbound,1333.0,Attended Dialled,Completed,0.0,False
5805028000019912436,2023-12-06 19:02:00,Quincy Vincent,5805028000008485160,Outbound,0.0,Unattended Dialled,Completed,0.0,False
5805028000034928312,2024-02-28 19:20:00,Yara Edwards,5805028000034897206,Outbound,0.0,Unattended Dialled,Completed,0.0,False
5805028000004747111,2023-08-15 19:41:00,Diana Evans,5805028000004578237,Outbound,5.0,Attended Dialled,Completed,0.0,False
5805028000053384304,2024-06-04 16:17:00,Paula Underwood,5805028000052936024,Outbound,1239.0,Attended Dialled,Completed,0.0,False
5805028000001839194,2023-07-15 13:41:00,Jane Smith,5805028000001880249,Outbound,1946.0,Attended Dialled,Completed,0.0,False
5805028000043486620,2024-04-12 14:10:00,Amy Green,5805028000042563073,Outbound,0.0,Unattended Dialled,Completed,0.0,False
5805028000033149703,2024-02-21 13:46:00,Kevin Parker,5805028000026035241,Outbound,5.0,Attended Dialled,Completed,0.0,False
5805028000036204167,2024-03-08 11:55:00,Nina Scott,5805028000036135399,Outbound,5.0,Attended Dialled,Completed,0.0,False
5805028000009191273,2023-09-27 18:29:00,John Doe,5805028000006308001,Outbound,4.0,Attended Dialled,Completed,0.0,False
5805028000046167113,2024-04-24 15:29:00,Charlie Davis,5805028000043596526,Outbound,5.0,Attended Dialled,Completed,0.0,False
5805028000007863966,2023-09-16 17:52:00,Jane Smith,5805028000007842632,Outbound,1240.0,Attended Dialled,Completed,0.0,False
5805028000020591139,2023-12-10 16:16:00,Quincy Vincent,5805028000012765088,Outbound,1435.0,Attended Dialled,Completed,0.0,False
5805028000028138109,2024-01-24 17:42:00,Nina Scott,5805028000027427817,Outbound,129.0,Attended Dialled,Completed,0.0,False
5805028000031961099,2024-02-14 16:38:00,Amy Green,5805028000030833516,Outbound,15.0,Attended Dialled,Completed,0.0,False
5805028000026486089,2024-01-17 16:01:00,Paula Underwood,5805028000018523007,Outbound,0.0,Unattended Dialled,Completed,0.0,False
5805028000028437365,2024-01-26 15:26:00,John Doe,5805028000023686189,Outbound,567.0,Attended Dialled,Completed,0.0,False
5805028000034936169,2024-02-28 17:17:00,Yara Edwards,5805028000032303316,Outbound,0.0,Unattended Dialled,Completed,0.0,False
5805028000040874194,2024-04-01 18:51:00,Cara Iverson,5805028000040531538,Outbound,288.0,Attended Dialled,Completed,0.0,False
5805028000052384446,2024-05-29 14:55:00,Kevin Parker,5805028000049210689,Outbound,85.0,Attended Dialled,Completed,0.0,False
5805028000054519334,2024-06-11 14:46:00,Kevin Parker,5805028000052976585,Outbound,126.0,Attended Dialled,Completed,0.0,False
5805028000026304810,2024-01-17 11:03:00,John Doe,5805028000024391553,Missed,0.0,Missed,,,False
5805028000040696491,2024-03-31 13:00:00,Quincy Vincent,5805028000023302373,Outbound,0.0,Unattended Dialled,Completed,0.0,False
5805028000031768437,2024-02-14 12:52:00,Victor Barnes,5805028000030660098,Outbound,10.0,Attended Dialled,Completed,0.0,False
5805028000037038227,2024-03-12 14:41:00,Ben Hall,5805028000036604345,Outbound,1961.0,Attended Dialled,Completed,0.0,False
5805028000037280145,2024-03-13 16:23:00,Julia Nelson,5805028000036628793,Inbound,1981.0,Received,,,False
5805028000007087503,2023-09-10 12:27:00,Jane Smith,5805028000007087462,Outbound,5.0,Attended Dialled,Completed,0.0,False
5805028000052069037,2024-05-27 16:28:00,Cara Iverson,5805028000052011154,Outbound,0.0,Unattended Dialled,Completed,0.0,False
5805028000042688277,2024-04-09 13:49:00,Ben Hall,5805028000041328974,Outbound,0.0,Unattended Dialled,Completed,0.0,False
5805028000018152271,2023-11-21 14:22:00,Ian Miller,5805028000017925790,Outbound,6.0,Attended Dialled,Completed,0.0,False
5805028000034905241,2024-02-28 18:44:00,Yara Edwards,5805028000033498754,Outbound,5.0,Attended Dialled,Completed,0.0,False
5805028000009698421,2023-10-02 12:23:00,Ian Miller,5805028000009706051,Outbound,179.0,Attended Dialled,Completed,0.0,False
5805028000026281715,2024-01-16 18:35:00,Quincy Vincent,5805028000022250509,Outbound,881.0,Attended Dialled,Completed,0.0,False
5805028000005428292,2023-08-23 13:06:00,Charlie Davis,5805028000005453123,Outbound,1413.0,Attended Dialled,Completed,0.0,False
5805028000011590315,2023-10-14 11:52:00,Jane Smith,5805028000011646219,Outbound,803.0,Attended Dialled,Completed,0.0,False
5805028000052166641,2024-05-28 14:50:00,Ulysses Adams,5805028000051532564,Outbound,35.0,Attended Dialled,Completed,0.0,False
5805028000026230644,2024-01-16 11:13:00,John Doe,5805028000015996001,Inbound,146.0,Received,,,False
5805028000045703218,2024-04-23 11:41:00,Kevin Parker,5805028000028142600,Outbound,0.0,Unattended Dialled,Completed,0.0,False
5805028000037101686,2024-03-13 11:15:00,Victor Barnes,5805028000035059171,Outbound,80.0,Attended Dialled,Completed,0.0,False
5805028000005380080,2023-08-22 18:49:00,Jane Smith,5805028000004572623,Outbound,0.0,Unattended Dialled,Completed,0.0,False
5805028000008423110,2023-09-21 18:02:00,George King,5805028000008359460,Outbound,0.0,Unattended Dialled,Completed,0.0,False
5805028000045327257,2024-04-21 13:43:00,Yara Edwards,5805028000044502141,Outbound,54.0,Attended Dialled,Completed,0.0,False
5805028000030079540,2024-02-04 17:28:00,Victor Barnes,5805028000030081605,Outbound,64.0,Attended Dialled,Completed,0.0,False
5805028000020462057,2023-12-09 12:50:00,Paula Underwood,5805028000003434035,Outbound,0.0,Unattended Dialled,Completed,0.0,False
5805028000004606914,2023-08-15 12:06:00,Jane Smith,5805028000004578657,Missed,0.0,Missed,,,False
5805028000039268330,2024-03-22 12:18:00,John Doe,5805028000005268612,Outbound,382.0,Attended Dialled,Completed,0.0,False
5805028000016420265,2023-11-10 18:17:00,Charlie Davis,5805028000016426244,Outbound,1469.0,Attended Dialled,Completed,0.0,False
5805028000046297162,2024-04-24 18:24:00,Cara Iverson,5805028000045962541,Outbound,1297.0,Attended Dialled,Completed,0.0,False
5805028000033126005,2024-02-20 17:05:00,John Doe,5805028000030210015,Missed,0.0,Missed,,,False
5805028000046521133,2024-04-25 18:36:00,Quincy Vincent,5805028000029151008,Outbound,154.0,Attended Dialled,Completed,0.0,False
5805028000029558720,2024-02-01 19:26:00,Julia Nelson,5805028000022785013,Outbound,110.0,Attended Dialled,Completed,0.0,False
5805028000022023129,2023-12-19 13:02:00,Diana Evans,5805028000008246089,Missed,0.0,Missed,,,False
5805028000055831001,2024-06-17 10:09:00,Derek James,5805028000053453013,Outbound,6.0,Attended Dialled,Completed,0.0,False
5805028000031053030,2024-02-09 09:36:00,Victor Barnes,5805028000030641380,Outbound,39.0,Attended Dialled,Completed,0.0,False
5805028000009207158,2023-09-27 19:02:00,Ian Miller,5805028000008801381,Outbound,0.0,Unattended Dialled,Completed,0.0,False
5805028000041045198,2024-04-02 08:39:00,Ulysses Adams,5805028000033866923,Inbound,150.0,Received,,,False
5805028000022010073,2023-12-19 11:48:00,Ian Miller,5805028000021923364,Outbound,9.0,Attended Dialled,Completed,0.0,False
5805028000026514173,2024-01-17 17:27:00,Nina Scott,5805028000005153321,Missed,0.0,Missed,,,False
5805028000040468001,2024-03-29 16:00:00,Victor Barnes,5805028000028536339,Outbound,48.0,Attended Dialled,Completed,0.0,False
5805028000041518080,2024-04-03 18:07:00,Charlie Davis,5805028000041026204,Outbound,0.0,Unattended Dialled,Completed,0.0,False
5805028000030482013,2024-02-06 18:23:00,Zachary Foster,5805028000010429959,Outbound,0.0,Unattended Dialled,Completed,0.0,False
5805028000044868292,2024-04-18 12:02:00,Yara Edwards,5805028000042297738,Outbound,47.0,Attended Dialled,Completed,0.0,False
5805028000009364445,2023-09-29 12:28:00,Julia Nelson,5805028000008982290,Outbound,224.0,Attended Dialled,Completed,0.0,False
5805028000045269330,2024-04-20 16:17:00,Paula Underwood,5805028000028862345,Outbound,243.0,Attended Dialled,Completed,0.0,False
5805028000033117871,2024-02-21 13:32:00,Kevin Parker,5805028000016852009,Outbound,50.0,Attended Dialled,Completed,0.0,False
5805028000018993279,2023-11-28 14:56:00,Kevin Parker,5805028000011610290,Outbound,4.0,Attended Dialled,Completed,0.0,False
5805028000043444118,2024-04-12 09:46:00,Ulysses Adams,5805028000038227408,Outbound,6.0,Attended Dialled,Completed,0.0,False
5805028000018047348,2023-11-21 12:17:00,Oliver Taylor,5805028000011330054,Outbound,32.0,Attended Dialled,Completed,0.0,False
5805028000042688143,2024-04-09 13:16:00,John Doe,5805028000042138907,Missed,0.0,Missed,,,False
5805028000019415914,2023-12-02 11:53:00,Paula Underwood,5805028000018811232,Outbound,240.0,Attended Dialled,Completed,0.0,False
5805028000044191237,2024-04-16 16:43:00,Ulysses Adams,5805028000044004257,Inbound,1080.0,Received,,,False
5805028000041168008,2024-04-02 14:11:00,Ulysses Adams,5805028000041075156,Outbound,143.0,Attended Dialled,Completed,0.0,False
5805028000025325613,2024-01-10 17:13:00,Kevin Parker,5805028000023041634,Outbound,96.0,Attended Dialled,Completed,0.0,False
5805028000021261508,2023-12-14 09:33:00,Ian Miller,5805028000020325459,Outbound,0.0,Unattended Dialled,Completed,0.0,False
5805028000046850127,2024-04-26 16:54:00,Amy Green,5805028000046003366,Outbound,0.0,Unattended Dialled,Completed,0.0,False
5805028000009363316,2023-09-29 10:13:00,Diana Evans,5805028000008776639,Outbound,789.0,Attended Dialled,Completed,0.0,False
5805028000021601462,2023-12-15 16:31:00,John Doe,5805028000017921187,Inbound,145.0,Received,,,False
5805028000026605172,2024-01-18 10:06:00,Ulysses Adams,5805028000026254679,Outbound,5.0,Attended Dialled,Completed,0.0,False
5805028000021537983,2023-12-16 11:27:00,Paula Underwood,5805028000021567745,Outbound,7.0,Attended Dialled,Completed,0.0,False
5805028000045061564,2024-04-19 16:30:00,Paula Underwood,5805028000035335717,Outbound,128.0,Attended Dialled,Completed,0.0,False
5805028000040028384,2024-03-27 14:51:00,Ulysses Adams,5805028000035788728,Outbound,74.0,Attended Dialled,Completed,0.0,False
5805028000036142189,2024-03-07 18:49:00,Yara Edwards,5805028000028593912,Outbound,15.0,Attended Dialled,Completed,0.0,False
5805028000028408896,2024-01-26 18:24:00,Victor Barnes,5805028000024191848,Outbound,83.0,Attended Dialled,Completed,0.0,False
5805028000018978375,2023-11-28 14:47:00,Kevin Parker,5805028000011610896,Outbound,110.0,Attended Dialled,Completed,0.0,False
5805028000021901125,2023-12-18 15:03:00,Ian Miller,5805028000019298409,Outbound,80.0,Attended Dialled,Completed,0.0,False
5805028000039638241,2024-03-25 13:55:00,Charlie Davis,5805028000011394067,Missed,0.0,Missed,,,False
5805028000021696535,2023-12-17 13:02:00,Nina Scott,5805028000021538901,Outbound,147.0,Attended Dialled,Completed,0.0,False
5805028000021383170,2023-12-14 15:19:00,Diana Evans,5805028000021261280,Outbound,0.0,Unattended Dialled,Completed,0.0,False
5805028000027079189,2024-01-19 11:43:00,Xander Dean,5805028000026042160,Outbound,346.0,Attended Dialled,Completed,0.0,False
5805028000016976649,2023-11-15 10:44:00,Julia Nelson,5805028000014944237,Outbound,200.0,Attended Dialled,Completed,0.0,False
5805028000052653168,2024-05-30 15:09:00,Charlie Davis,5805028000043450632,Missed,0.0,Missed,,,False
5805028000055190681,2024-06-14 11:51:00,Derek James,5805028000048762355,Inbound,441.0,Received,,,False
5805028000024146124,2024-01-03 10:46:00,Charlie Davis,5805028000023895535,Inbound,2174.0,Received,,,False
5805028000034898917,2024-02-29 11:14:00,John Doe,5805028000026612076,Outbound,4.0,Attended Dialled,Completed,0.0,False
5805028000011758378,2023-10-16 14:13:00,Charlie Davis,5805028000008575236,Outbound,247.0,Attended Dialled,Completed,0.0,False
5805028000033264503,2024-02-21 18:37:00,Victor Barnes,5805028000029941080,Outbound,52.0,Attended Dialled,Completed,0.0,False
5805028000019608744,2023-12-04 18:23:00,John Doe,5805028000005288631,Outbound,162.0,Attended Dialled,Completed,0.0,False
5805028000014203130,2023-10-29 14:57:00,Kevin Parker,5805028000012751043,Outbound,5.0,Attended Dialled,Completed,0.0,False
5805028000043486668,2024-04-12 14:36:00,Derek James,5805028000035493617,Outbound,7.0,Attended Dialled,Completed,0.0,False
5805028000053953146,2024-06-07 15:43:00,Ulysses Adams,5805028000028142600,Outbound,0.0,Unattended Dialled,Completed,0.0,False
5805028000010609191,2023-10-09 17:05:00,Diana Evans,5805028000010276200,Outbound,396.0,Attended Dialled,Completed,0.0,False
5805028000050862409,2024-05-20 14:16:00,Victor Barnes,5805028000022130437,Outbound,165.0,Attended Dialled,Completed,0.0,False
5805028000017209338,2023-11-16 12:24:00,Ian Miller,5805028000017090120,Outbound,9.0,Attended Dialled,Completed,0.0,False
5805028000011596481,2023-10-14 12:38:00,Charlie Davis,5805028000011620226,Outbound,808.0,Attended Dialled,Completed,0.0,False
5805028000013828514,2023-10-26 15:26:00,Charlie Davis,5805028000012844088,Outbound,7.0,Attended Dialled,Completed,0.0,False
5805028000036024556,2024-03-07 11:29:00,Amy Green,5805028000035580129,Outbound,15.0,Attended Dialled,Completed,0.0,False
5805028000037142227,2024-03-12 18:32:00,Julia Nelson,5805028000013860278,Outbound,156.0,Attended Dialled,Completed,0.0,False
5805028000052213197,2024-05-28 11:20:00,Julia Nelson,5805028000008017270,Inbound,209.0,Received,,,False
5805028000049792138,2024-05-13 16:35:00,Nina Scott,5805028000049647139,Outbound,6.0,Attended Dialled,Completed,0.0,False
5805028000032970629,2024-02-20 14:57:00,Kevin Parker,5805028000023903349,Outbound,98.0,Attended Dialled,Completed,0.0,False
5805028000007070013,2023-09-08 12:40:00,Diana Evans,5805028000004333294,Outbound,86.0,Attended Dialled,Completed,0.0,False
5805028000016927605,2023-11-15 14:29:00,John Doe,5805028000014077034,Inbound,243.0,Received,,,False
5805028000018404532,2023-11-22 19:27:00,Nina Scott,5805028000017893944,Outbound,0.0,Unattended Dialled,Completed,0.0,False
5805028000021900170,2023-12-18 14:39:00,Diana Evans,5805028000020322243,Outbound,58.0,Attended Dialled,Completed,0.0,False
5805028000042067075,2024-04-05 16:06:00,Kevin Parker,5805028000007238248,Outbound,5.0,Attended Dialled,Completed,0.0,False
5805028000015724078,2023-11-07 15:30:00,John Doe,5805028000005602101,Outbound,5.0,Attended Dialled,Completed,0.0,False
5805028000041171440,2024-04-02 16:52:00,Ulysses Adams,5805028000035791329,Outbound,5.0,Attended Dialled,Completed,0.0,False
5805028000028753001,2024-01-29 11:57:00,John Doe,5805028000007327089,Outbound,8.0,Attended Dialled,Completed,0.0,False
5805028000018580678,2023-11-24 09:32:00,Kevin Parker,5805028000010957090,Outbound,5.0,Attended Dialled,Completed,0.0,False
5805028000047327432,2024-04-30 12:10:00,Cara Iverson,5805028000047134205,Outbound,1331.0,Attended Dialled,Completed,0.0,False
5805028000040562728,2024-03-30 17:43:00,Yara Edwards,5805028000040588377,Outbound,10.0,Attended Dialled,Completed,0.0,False
5805028000044827484,2024-04-18 13:42:00,Charlie Davis,5805028000043095204,Outbound,256.0,Attended Dialled,Completed,0.0,False
5805028000054533619,2024-06-11 17:21:00,Nina Scott,5805028000054238317,Outbound,30.0,Attended Dialled,Completed,0.0,False
5805028000015299156,2023-11-04 18:41:00,Diana Evans,5805028000009547964,Outbound,0.0,Unattended Dialled,Completed,0.0,False
5805028000054010618,2024-06-08 15:24:00,Paula Underwood,5805028000053370503,Outbound,4.0,Attended Dialled,Completed,0.0,False
5805028000053700846,2024-06-06 15:07:00,Charlie Davis,5805028000043450632,Missed,0.0,Missed,,,False
5805028000019397605,2023-12-01 18:25:00,Paula Underwood,5805028000018811232,Inbound,8.0,Received,,,False
5805028000007012195,2023-09-08 08:32:00,Charlie Davis,5805028000004705195,Missed,0.0,Missed,,,False
5805028000022912742,2023-12-24 16:33:00,Ulysses Adams,5805028000021261280,Outbound,35.0,Attended Dialled,Completed,0.0,False
5805028000028740409,2024-01-29 20:13:00,Quincy Vincent,5805028000028618002,Outbound,63.0,Attended Dialled,Completed,0.0,False
5805028000033667267,2024-02-23 13:39:00,Ian Miller,5805028000003966221,Outbound,741.0,Attended Dialled,Completed,0.0,False
5805028000044692329,2024-04-17 17:59:00,Quincy Vincent,5805028000040362922,Outbound,34.0,Attended Dialled,Completed,0.0,False
5805028000008983318,2023-09-26 10:06:00,Charlie Davis,5805028000008967163,Outbound,9.0,Attended Dialled,Completed,0.0,False
5805028000026241899,2024-01-16 16:26:00,Paula Underwood,5805028000024296179,Missed,0.0,Missed,,,False
5805028000006915057,2023-09-07 11:51:00,Diana Evans,5805028000003669244,Outbound,150.0,Attended Dialled,Completed,0.0,False
5805028000029952557,2024-02-03 13:47:00,Zachary Foster,5805028000003971539,Outbound,5.0,Attended Dialled,Completed,0.0,False
5805028000026238255,2024-01-16 11:59:00,Kevin Parker,5805028000018811695,Outbound,9.0,Attended Dialled,Completed,0.0,False
5805028000013963146,2023-10-27 12:33:00,Diana Evans,5805028000007218219,Outbound,4.0,Attended Dialled,Completed,0.0,False
5805028000048348741,2024-05-06 15:55:00,Ian Miller,5805028000048344244,Outbound,152.0,Attended Dialled,Completed,0.0,False
5805028000021215028,2023-12-13 13:50:00,Quincy Vincent,5805028000020475577,Outbound,77.0,Attended Dialled,Completed,0.0,False
5805028000030980231,2024-02-08 17:03:00,Nina Scott,5805028000030210015,Inbound,52.0,Received,,,False
5805028000031539321,2024-02-13 09:24:00,Ulysses Adams,5805028000031509418,Outbound,7.0,Attended Dialled,Completed,0.0,False
5805028000039638013,2024-03-25 11:57:00,John Doe,5805028000035351214,Outbound,244.0,Attended Dialled,Completed,0.0,False
5805028000035795658,2024-03-06 11:23:00,Amy Green,5805028000035791329,Outbound,0.0,Unattended Dialled,Completed,0.0,False
5805028000020775054,2023-12-11 14:30:00,Nina Scott,5805028000016622217,Outbound,5.0,Attended Dialled,Completed,0.0,False
5805028000041073629,2024-04-02 13:38:00,John Doe,5805028000012562006,Outbound,198.0,Attended Dialled,Completed,0.0,False
5805028000015207821,2023-11-04 16:05:00,Mason Roberts,5805028000014325023,Outbound,7.0,Attended Dialled,Completed,0.0,False
5805028000046949206,2024-04-27 16:20:00,Yara Edwards,5805028000046316316,Outbound,0.0,Unattended Dialled,Completed,0.0,False
5805028000023303548,2023-12-27 17:09:00,Julia Nelson,5805028000023187013,Outbound,1116.0,Attended Dialled,Completed,0.0,False
5805028000021893277,2023-12-18 18:10:00,Quincy Vincent,5805028000021694805,Outbound,6.0,Attended Dialled,Completed,0.0,False
5805028000012881089,2023-10-20 15:44:00,Jane Smith,5805028000010631113,Missed,0.0,Missed,,,False
5805028000041944745,2024-04-05 15:13:00,Paula Underwood,5805028000041607059,Outbound,1182.0,Attended Dialled,Completed,0.0,False
5805028000041805170,2024-04-04 14:28:00,Kevin Parker,5805028000029130156,Outbound,64.0,Attended Dialled,Completed,0.0,False
5805028000044486630,2024-04-17 13:35:00,Kevin Parker,5805028000042312463,Outbound,602.0,Attended Dialled,Completed,0.0,False
5805028000020641016,2023-12-11 10:08:00,Kevin Parker,5805028000018821786,Outbound,175.0,Attended Dialled,Completed,0.0,False
5805028000030487850,2024-02-07 15:09:00,Victor Barnes,5805028000021815043,Outbound,81.0,Attended Dialled,Completed,0.0,False
5805028000035483818,2024-03-04 11:38:00,John Doe,5805028000030081605,Outbound,5.0,Attended Dialled,Completed,0.0,False
5805028000013433027,2023-10-24 16:16:00,Diana Evans,5805028000003329100,Outbound,4.0,Attended Dialled,Completed,0.0,False
5805028000011769355,2023-10-16 11:02:00,Jane Smith,5805028000011648367,Inbound,123.0,Received,,,False
5805028000033902596,2024-02-24 17:28:00,Yara Edwards,5805028000033681049,Outbound,11.0,Attended Dialled,Completed,0.0,False
5805028000025854979,2024-01-13 13:33:00,Charlie Davis,5805028000021204145,Missed,0.0,Missed,,,False
5805028000046867799,2024-04-27 14:27:00,Charlie Davis,5805028000045077920,Outbound,41.0,Attended Dialled,Completed,0.0,False
5805028000028923213,2024-01-30 11:35:00,Kevin Parker,5805028000028540255,Outbound,42.0,Attended Dialled,Completed,0.0,False
5805028000045338128,2024-04-21 14:29:00,Paula Underwood,5805028000025291287,Outbound,88.0,Attended Dialled,Completed,0.0,False
5805028000056694466,2024-06-20 18:27:00,Derek James,5805028000012765088,Outbound,273.0,Attended Dialled,Completed,0.0,False
5805028000022392025,2023-12-20 16:49:00,Ian Miller,5805028000022250509,Outbound,168.0,Attended Dialled,Completed,0.0,False
5805028000038386018,2024-03-19 14:14:00,Kevin Parker,5805028000024880527,Outbound,307.0,Attended Dialled,Completed,0.0,False
5805028000025286897,2024-01-10 17:46:00,Kevin Parker,5805028000023517594,Outbound,495.0,Attended Dialled,Completed,0.0,False
5805028000050123580,2024-05-15 17:43:00,Yara Edwards,5805028000050025260,Outbound,0.0,Unattended Dialled,Completed,0.0,False
5805028000052030045,2024-05-27 14:58:00,Ulysses Adams,5805028000005153065,Outbound,57.0,Attended Dialled,Completed,0.0,False
5805028000030981112,2024-02-08 16:09:00,Ulysses Adams,5805028000027735302,Outbound,119.0,Attended Dialled,Completed,0.0,False
5805028000055617380,2024-06-16 18:37:00,Cara Iverson,5805028000019420803,Outbound,23.0,Attended Dialled,Completed,0.0,False
5805028000047470855,2024-05-01 12:16:00,Yara Edwards,5805028000047517529,Inbound,241.0,Received,,,False
5805028000015698105,2023-11-07 14:25:00,Diana Evans,5805028000015178866,Outbound,7.0,Attended Dialled,Completed,0.0,False
5805028000051866996,2024-05-27 13:38:00,Julia Nelson,5805028000051559281,Outbound,6.0,Attended Dialled,Completed,0.0,False
5805028000016955893,2023-11-15 17:32:00,Jane Smith,5805028000013945362,Missed,0.0,Missed,,,False
5805028000004594081,2023-08-12 11:03:00,Charlie Davis,5805028000001348174,Outbound,6.0,Attended Dialled,Completed,0.0,False
5805028000028138410,2024-01-24 20:41:00,Victor Barnes,5805028000026749132,Outbound,1002.0,Attended Dialled,Completed,0.0,False
5805028000007511048,2023-09-13 15:33:00,Hannah Lee,5805028000005288631,Outbound,7.0,Attended Dialled,Completed,0.0,False
5805028000039413032,2024-03-22 14:23:00,Charlie Davis,5805028000035298001,Outbound,813.0,Attended Dialled,Completed,0.0,False
5805028000037971520,2024-03-17 11:17:00,Julia Nelson,5805028000024502945,Outbound,6.0,Attended Dialled,Completed,0.0,False
5805028000022930159,2023-12-24 11:16:00,Ulysses Adams,5805028000022524164,Outbound,1773.0,Attended Dialled,Completed,0.0,False
5805028000012747069,2023-10-20 11:30:00,John Doe,5805028000011182065,Missed,0.0,Missed,,,False
5805028000056876330,2024-06-21 15:23:00,Kevin Parker,5805028000031509418,Outbound,5.0,Attended Dialled,Completed,0.0,False
5805028000052833076,2024-05-31 13:15:00,Derek James,5805028000045218295,Outbound,17.0,Attended Dialled,Completed,0.0,False
5805028000035471870,2024-03-04 12:21:00,Ulysses Adams,5805028000006638037,Missed,0.0,Missed,,,False
5805028000026301201,2024-01-16 16:27:00,Victor Barnes,5805028000024296179,Inbound,105.0,Received,,,False
5805028000005929271,2023-08-28 12:02:00,Jane Smith,5805028000005932267,Outbound,0.0,Unattended Dialled,Completed,0.0,False
5805028000008017306,2023-09-19 14:39:00,John Doe,5805028000003473428,Outbound,519.0,Attended Dialled,Completed,0.0,False
5805028000048216603,2024-05-05 12:54:00,Julia Nelson,5805028000004705095,Outbound,142.0,Attended Dialled,Completed,0.0,False
5805028000007492203,2023-09-13 18:07:00,Jane Smith,5805028000007496207,Outbound,7.0,Attended Dialled,Completed,0.0,False
5805028000048951644,2024-05-09 11:04:00,Charlie Davis,5805028000016745074,Outbound,0.0,Unattended Dialled,Completed,0.0,False
5805028000018046174,2023-11-21 10:26:00,Kevin Parker,5805028000008485160,Outbound,0.0,Unattended Dialled,Completed,0.0,False
5805028000022141110,2023-12-19 15:56:00,Quincy Vincent,5805028000021542177,Outbound,521.0,Attended Dialled,Completed,0.0,False
5805028000019114075,2023-11-29 15:24:00,Julia Nelson,5805028000017756471,Outbound,43.0,Attended Dialled,Completed,0.0,False
5805028000015008847,2023-11-03 11:40:00,Charlie Davis,5805028000014793086,Outbound,15.0,Attended Dialled,Completed,0.0,False
5805028000009230353,2023-09-28 13:10:00,Kevin Parker,5805028000008979296,Outbound,0.0,Unattended Dialled,Completed,0.0,False
5805028000018555063,2023-11-23 16:16:00,Nina Scott,5805028000018156648,Outbound,906.0,Attended Dialled,Completed,0.0,False
5805028000027391525,2024-01-20 17:44:00,Yara Edwards,5805028000027427115,Outbound,274.0,Attended Dialled,Completed,0.0,False
5805028000035696152,2024-03-05 12:54:00,Ulysses Adams,5805028000032829003,Outbound,16.0,Attended Dialled,Completed,0.0,False
5805028000021594424,2023-12-15 13:45:00,Quincy Vincent,5805028000021415431,Missed,0.0,Missed,,,False
5805028000034928770,2024-02-29 12:57:00,Yara Edwards,5805028000034897206,Outbound,0.0,Unattended Dialled,Completed,0.0,False
5805028000002916181,2023-07-23 10:29:00,Jane Smith,5805028000002902161,Outbound,4.0,Attended Dialled,Completed,0.0,False
5805028000021785096,2023-12-18 11:44:00,Paula Underwood,5805028000018771096,Outbound,185.0,Attended Dialled,Completed,0.0,False
5805028000040475081,2024-03-29 16:23:00,Amy Green,5805028000039905808,Outbound,0.0,Unattended Dialled,Completed,0.0,False
5805028000045724251,2024-04-23 12:17:00,Julia Nelson,5805028000040340336,Outbound,100.0,Attended Dialled,Completed,0.0,False
5805028000028913417,2024-01-30 14:19:00,Zachary Foster,5805028000001455025,Outbound,5.0,Attended Dialled,Completed,0.0,False
5805028000022639258,2023-12-21 19:38:00,Julia Nelson,5805028000022494286,Outbound,1969.0,Attended Dialled,Completed,0.0,False
5805028000046286979,2024-04-25 14:57:00,Yara Edwards,5805028000045577266,Inbound,41.0,Received,,,False
5805028000022032025,2023-12-19 10:12:00,John Doe,5805028000010531027,Outbound,5.0,Attended Dialled,Completed,0.0,False
5805028000043903071,2024-04-15 16:27:00,Quincy Vincent,5805028000040362922,Outbound,5.0,Attended Dialled,Completed,0.0,False
5805028000043868789,2024-04-15 18:59:00,Julia Nelson,5805028000009352033,Outbound,9.0,Attended Dialled,Completed,0.0,False
5805028000039296206,2024-03-22 10:05:00,Ben Hall,5805028000032565393,Outbound,10.0,Attended Dialled,Completed,0.0,False
5805028000031093286,2024-02-09 13:03:00,Julia Nelson,5805028000014092677,Missed,0.0,Missed,,,False
5805028000013673004,2023-10-25 14:07:00,Jane Smith,5805028000013437290,Inbound,765.0,Received,,,False
5805028000007349013,2023-09-12 19:53:00,John Doe,5805028000003473428,Missed,0.0,Missed,,,False
5805028000027188366,2024-01-19 18:50:00,Quincy Vincent,5805028000020475577,Outbound,6.0,Attended Dialled,Completed,0.0,False
5805028000041214060,2024-04-02 14:28:00,John Doe,5805028000027986054,Outbound,17.0,Attended Dialled,Completed,0.0,False
5805028000008692102,2023-09-22 17:28:00,Charlie Davis,5805028000008681021,Outbound,7.0,Attended Dialled,Completed,0.0,False
5805028000050287785,2024-05-17 09:30:00,Yara Edwards,5805028000050136474,Missed,0.0,Missed,,,False
5805028000026237716,2024-01-16 16:12:00,Kevin Parker,5805028000016426244,Outbound,5.0,Attended Dialled,Completed,0.0,False
5805028000054919154,2024-06-12 17:10:00,Julia Nelson,5805028000054761411,Outbound,9.0,Attended Dialled,Completed,0.0,False
5805028000029953385,2024-02-03 13:28:00,Paula Underwood,5805028000028006930,Outbound,7.0,Attended Dialled,Completed,0.0,False
5805028000023513335,2023-12-28 15:05:00,Julia Nelson,5805028000023508030,Outbound,119.0,Attended Dialled,Completed,0.0,False
5805028000018952999,2023-11-29 11:10:00,Kevin Parker,5805028000009224092,Outbound,168.0,Attended Dialled,Completed,0.0,False
5805028000050385071,2024-05-16 19:12:00,Victor Barnes,5805028000045577266,Outbound,0.0,Unattended Dialled,Completed,0.0,False
5805028000050562388,2024-05-15 16:34:00,Ulysses Adams,5805028000025813281,Outbound,164.0,Attended Dialled,Completed,0.0,False
5805028000054543280,2024-06-11 16:14:00,Julia Nelson,5805028000012504158,Outbound,5.0,Attended Dialled,Completed,0.0,False
5805028000013270004,2023-10-23 11:25:00,Ian Miller,5805028000008336069,Outbound,0.0,Unattended Dialled,Completed,0.0,False
5805028000053203048,2024-06-03 15:11:00,Charlie Davis,5805028000016627883,Outbound,5.0,Attended Dialled,Completed,0.0,False
5805028000050984415,2024-05-21 16:14:00,John Doe,5805028000029660580,Missed,0.0,Missed,,,False
5805028000007084522,2023-09-10 10:33:00,Jane Smith,5805028000007082497,Outbound,721.0,Attended Dialled,Completed,0.0,False
5805028000033288123,2024-02-21 14:56:00,Ian Miller,5805028000033256144,Outbound,14.0,Attended Dialled,Completed,0.0,False
5805028000018314168,2023-11-22 11:52:00,Kevin Parker,5805028000016919559,Outbound,45.0,Attended Dialled,Completed,0.0,False
5805028000028426049,2024-01-26 13:33:00,Victor Barnes,5805028000027431939,Outbound,0.0,Unattended Dialled,Completed,0.0,False
5805028000016112202,2023-11-09 18:19:00,Diana Evans,5805028000015309236,Outbound,8.0,Attended Dialled,Completed,0.0,False
5805028000036906459,2024-03-12 12:18:00,Kevin Parker,5805028000035471762,Outbound,5.0,Attended Dialled,Completed,0.0,False
5805028000047723830,2024-05-02 17:21:00,Derek James,5805028000010631113,Outbound,10.0,Attended Dialled,Completed,0.0,False
5805028000006508385,2023-09-04 09:36:00,Diana Evans,5805028000005999144,Outbound,5.0,Attended Dialled,Completed,0.0,False
5805028000008015142,2023-09-18 20:26:00,George King,5805028000008018020,Outbound,1506.0,Attended Dialled,Completed,0.0,False
5805028000033785182,2024-02-23 17:10:00,Ulysses Adams,5805028000024657261,Outbound,4.0,Attended Dialled,Completed,0.0,False
5805028000007836093,2023-09-15 14:18:00,Charlie Davis,5805028000003854006,Outbound,17.0,Attended Dialled,Completed,0.0,False
5805028000051090665,2024-05-22 13:17:00,Derek James,5805028000016273017,Outbound,66.0,Attended Dialled,Completed,0.0,False
5805028000042371064,2024-04-08 12:48:00,Ian Miller,5805028000005852680,Outbound,0.0,Unattended Dialled,Completed,0.0,False
5805028000056741348,2024-06-20 16:47:00,Quincy Vincent,5805028000042312463,Outbound,329.0,Attended Dialled,Completed,0.0,False
5805028000041322534,2024-04-03 11:44:00,Charlie Davis,5805028000031986152,Outbound,358.0,Attended Dialled,Completed,0.0,False
5805028000018314256,2023-11-22 13:42:00,Kevin Parker,5805028000014924113,Outbound,5.0,Attended Dialled,Completed,0.0,False
5805028000017848256,2023-11-20 12:43:00,Diana Evans,5805028000009547964,Outbound,4.0,Attended Dialled,Completed,0.0,False
5805028000046286654,2024-04-25 11:03:00,Victor Barnes,5805028000046311309,Outbound,13.0,Attended Dialled,Completed,0.0,False
5805028000039272380,2024-03-22 12:44:00,Victor Barnes,5805028000037925644,Outbound,54.0,Attended Dialled,Completed,0.0,False
5805028000026041300,2024-01-15 12:37:00,Ulysses Adams,5805028000025813281,Outbound,4.0,Attended Dialled,Completed,0.0,False
5805028000024056028,2024-01-02 16:04:00,Kevin Parker,5805028000015586101,Outbound,7.0,Attended Dialled,Completed,0.0,False
5805028000048432712,2024-05-07 09:36:00,John Doe,5805028000015996001,Missed,0.0,Missed,,,False
5805028000015583466,2023-11-07 09:58:00,Diana Evans,5805028000009044013,Inbound,156.0,Received,,,False
5805028000041205297,2024-04-02 16:10:00,Ulysses Adams,5805028000032759616,Outbound,597.0,Attended Dialled,Completed,0.0,False
5805028000026241691,2024-01-16 15:02:00,Paula Underwood,5805028000023883193,Outbound,8.0,Attended Dialled,Completed,0.0,False
5805028000037094391,2024-03-13 10:33:00,Charlie Davis,5805028000037093459,Outbound,4.0,Attended Dialled,Completed,0.0,False
5805028000035696067,2024-03-05 12:07:00,Yara Edwards,5805028000024502945,Inbound,33.0,Received,,,False
5805028000039634347,2024-03-25 15:58:00,Charlie Davis,5805028000031986152,Outbound,664.0,Attended Dialled,Completed,0.0,False
5805028000011071237,2023-10-11 18:22:00,Diana Evans,5805028000007861968,Outbound,235.0,Attended Dialled,Completed,0.0,False
5805028000031670381,2024-02-13 14:25:00,Ulysses Adams,5805028000028768648,Missed,0.0,Missed,,,False
5805028000017169090,2023-11-16 09:36:00,Charlie Davis,5805028000017105108,Outbound,0.0,Unattended Dialled,Completed,0.0,False
5805028000019412679,2023-12-02 09:42:00,Paula Underwood,5805028000017925790,Outbound,9.0,Attended Dialled,Completed,0.0,False
5805028000040211857,2024-03-28 17:05:00,Cara Iverson,5805028000039533496,Outbound,5.0,Attended Dialled,Completed,0.0,False
5805028000021077398,2023-12-12 18:42:00,Julia Nelson,5805028000020770529,Outbound,0.0,Unattended Dialled,Completed,0.0,False
5805028000037936136,2024-03-16 10:52:00,Ben Hall,5805028000029130156,Outbound,13.0,Attended Dialled,Completed,0.0,False
5805028000047194609,2024-04-29 16:36:00,Ulysses Adams,5805028000045993960,Missed,0.0,Missed,,,False
5805028000013165659,2023-10-23 09:58:00,Ian Miller,5805028000007822911,Outbound,127.0,Attended Dialled,Completed,0.0,False
5805028000012046214,2023-10-17 12:56:00,Mason Roberts,5805028000011156341,Outbound,216.0,Attended Dialled,Completed,0.0,False
5805028000043458176,2024-04-12 10:09:00,Ben Hall,5805028000043018499,Outbound,9.0,Attended Dialled,Completed,0.0,False
5805028000053771860,2024-06-07 11:09:00,Ulysses Adams,5805028000015328418,Outbound,33.0,Attended Dialled,Completed,0.0,False
5805028000038240135,2024-03-18 17:11:00,Cara Iverson,5805028000035471762,Outbound,9.0,Attended Dialled,Completed,0.0,False
5805028000013451027,2023-10-24 16:15:00,Julia Nelson,5805028000012926336,Outbound,0.0,Unattended Dialled,Completed,0.0,False
5805028000008978123,2023-09-25 18:38:00,John Doe,5805028000003329100,Outbound,85.0,Attended Dialled,Completed,0.0,False
5805028000038742675,2024-03-20 15:28:00,Victor Barnes,5805028000038223148,Outbound,29.0,Attended Dialled,Completed,0.0,False
5805028000052829388,2024-05-31 15:21:00,Derek James,5805028000045218295,Outbound,117.0,Attended Dialled,Completed,0.0,False
5805028000037284233,2024-03-13 17:41:00,Amy Green,5805028000015904048,Outbound,17.0,Attended Dialled,Completed,0.0,False
5805028000027201274,2024-01-19 16:11:00,Ulysses Adams,5805028000007964432,Outbound,4.0,Attended Dialled,Completed,0.0,False
5805028000031550101,2024-02-12 15:23:00,Ulysses Adams,5805028000028740032,Missed,0.0,Missed,,,False
5805028000044847734,2024-04-18 15:38:00,Derek James,5805028000023498212,Outbound,516.0,Attended Dialled,Completed,0.0,False
5805028000034491223,2024-02-27 11:27:00,Nina Scott,5805028000031970016,Outbound,71.0,Attended Dialled,Completed,0.0,False
5805028000019748212,2023-12-05 16:43:00,Paula Underwood,5805028000010188233,Outbound,6.0,Attended Dialled,Completed,0.0,False
5805028000034925701,2024-02-29 12:58:00,Kevin Parker,5805028000032073700,Outbound,221.0,Attended Dialled,Completed,0.0,False
5805028000011238051,2023-10-12 13:21:00,John Doe,5805028000004841041,Outbound,5.0,Attended Dialled,Completed,0.0,False
5805028000054942705,2024-06-13 12:02:00,Julia Nelson,5805028000053244467,Missed,0.0,Missed,,,False
5805028000019406174,2023-12-01 13:52:00,Diana Evans,5805028000013287011,Outbound,191.0,Attended Dialled,Completed,0.0,False
5805028000010734133,2023-10-10 14:26:00,Kevin Parker,5805028000010421724,Outbound,2142.0,Attended Dialled,Completed,0.0,False
5805028000034928259,2024-02-28 19:11:00,Victor Barnes,5805028000023276021,Outbound,11.0,Attended Dialled,Completed,0.0,False
5805028000030746054,2024-02-07 19:12:00,Zachary Foster,5805028000030641380,Outbound,586.0,Attended Dialled,Completed,0.0,False
5805028000006351072,2023-08-30 18:44:00,Jane Smith,5805028000005274669,Missed,0.0,Missed,,,False
5805028000006342421,2023-08-31 19:27:00,John Doe,5805028000005254908,Outbound,51.0,Attended Dialled,Completed,0.0,False
5805028000055332354,2024-06-14 16:27:00,Derek James,5805028000026318258,Outbound,138.0,Attended Dialled,Completed,0.0,False
5805028000040779558,2024-04-01 16:02:00,Quincy Vincent,5805028000040362922,Outbound,0.0,Unattended Dialled,Completed,0.0,False
5805028000035296133,2024-03-01 14:48:00,John Doe,5805028000029099001,Outbound,7.0,Attended Dialled,Completed,0.0,False
5805028000018758781,2023-11-27 19:51:00,Diana Evans,5805028000018774819,Outbound,883.0,Attended Dialled,Completed,0.0,False
5805028000021272075,2023-12-13 15:55:00,Sam Young,5805028000020464530,Outbound,3297.0,Attended Dialled,Completed,0.0,False
5805028000012589129,2023-10-19 14:46:00,John Doe,5805028000005154088,Inbound,67.0,Received,,,False
5805028000040031374,2024-03-27 14:26:00,Charlie Davis,5805028000037552715,Outbound,1164.0,Attended Dialled,Completed,0.0,False
5805028000014303061,2023-10-30 12:18:00,John Doe,5805028000011906024,Missed,0.0,Missed,,,False
5805028000020641028,2023-12-11 10:18:00,John Doe,5805028000005154088,Outbound,136.0,Attended Dialled,Completed,0.0,False
5805028000032309630,2024-02-16 10:28:00,Ulysses Adams,5805028000031072166,Outbound,67.0,Attended Dialled,Completed,0.0,False
5805028000023855981,2024-01-02 12:50:00,Kevin Parker,5805028000022954337,Outbound,540.0,Attended Dialled,Completed,0.0,False
5805028000028302296,2024-01-25 18:36:00,John Doe,5805028000024879654,Outbound,147.0,Attended Dialled,Completed,0.0,False
5805028000032063371,2024-02-15 15:01:00,Victor Barnes,5805028000031478029,Outbound,763.0,Attended Dialled,Completed,0.0,False
5805028000024330060,2024-01-04 12:58:00,Charlie Davis,5805028000024283002,Inbound,86.0,Received,,,False
5805028000039920072,2024-03-26 16:08:00,Nina Scott,5805028000039533496,Outbound,7.0,Attended Dialled,Completed,0.0,False
5805028000009584898,2023-10-01 17:34:00,George King,5805028000007861173,Outbound,123.0,Attended Dialled,Completed,0.0,False
5805028000045972049,2024-04-23 17:51:00,Victor Barnes,5805028000030170257,Outbound,0.0,Unattended Dialled,Completed,0.0,False
5805028000042445261,2024-04-08 15:49:00,Derek James,5805028000038228682,Outbound,93.0,Attended Dialled,Completed,0.0,False
5805028000004846153,2023-08-16 15:33:00,Jane Smith,5805028000004841041,Outbound,1925.0,Attended Dialled,Completed,0.0,False
5805028000030667563,2024-02-07 19:10:00,Victor Barnes,5805028000028538883,Outbound,170.0,Attended Dialled,Completed,0.0,False
5805028000045432181,2024-04-22 14:28:00,Victor Barnes,5805028000045321473,Outbound,55.0,Attended Dialled,Completed,0.0,False
5805028000009930242,2023-10-04 12:22:00,Diana Evans,5805028000008776639,Outbound,0.0,Unattended Dialled,Completed,0.0,False
5805028000038056720,2024-03-18 14:28:00,Paula Underwood,5805028000038059608,Outbound,903.0,Attended Dialled,Completed,0.0,False
5805028000049198528,2024-05-10 14:26:00,Derek James,5805028000036006065,Outbound,73.0,Attended Dialled,Completed,0.0,False
5805028000035596916,2024-03-05 13:24:00,Ulysses Adams,5805028000035595227,Outbound,10.0,Attended Dialled,Completed,0.0,False
5805028000037136508,2024-03-13 13:11:00,Yara Edwards,5805028000037112442,Outbound,4.0,Attended Dialled,Completed,0.0,False
5805028000028748574,2024-01-29 17:38:00,Zachary Foster,5805028000001455025,Outbound,5.0,Attended Dialled,Completed,0.0,False
5805028000013821437,2023-10-26 15:04:00,Jane Smith,5805028000013653076,Outbound,393.0,Attended Dialled,Completed,0.0,False
5805028000022784074,2023-12-22 16:38:00,Rachel White,5805028000022785013,Outbound,7.0,Attended Dialled,Completed,0.0,False
5805028000032956343,2024-02-20 14:58:00,Ulysses Adams,5805028000032775725,Outbound,6.0,Attended Dialled,Completed,0.0,False
5805028000032728257,2024-02-19 11:39:00,Ian Miller,5805028000032777212,Outbound,298.0,Attended Dialled,Completed,0.0,False
5805028000026131646,2024-01-15 20:25:00,Quincy Vincent,5805028000022303437,Outbound,7.0,Attended Dialled,Completed,0.0,False
5805028000020140195,2023-12-07 15:25:00,John Doe,5805028000008970555,Inbound,43.0,Received,,,False
5805028000045070751,2024-04-19 17:08:00,Nina Scott,5805028000044868214,Outbound,32.0,Attended Dialled,Completed,0.0,False
5805028000040434110,2024-03-29 16:30:00,Cara Iverson,5805028000040372378,Outbound,0.0,Unattended Dialled,Completed,0.0,False
5805028000050015917,2024-05-15 10:35:00,Derek James,5805028000014293128,Outbound,5.0,Attended Dialled,Completed,0.0,False
5805028000025331825,2024-01-11 10:23:00,Nina Scott,5805028000021061487,Outbound,266.0,Attended Dialled,Completed,0.0,False
5805028000029376124,2024-01-31 16:21:00,Paula Underwood,5805028000027861303,Inbound,44.0,Received,,,False
5805028000013152838,2023-10-23 12:12:00,Ian Miller,5805028000008776639,Outbound,25.0,Attended Dialled,Completed,0.0,False
5805028000020151199,2023-12-07 17:01:00,Charlie Davis,5805028000020159167,Outbound,5.0,Attended Dialled,Completed,0.0,False
5805028000030899828,2024-02-08 16:23:00,Julia Nelson,5805028000012761057,Outbound,444.0,Attended Dialled,Completed,0.0,False
5805028000028994097,2024-01-30 14:57:00,Ulysses Adams,5805028000005818063,Outbound,216.0,Attended Dialled,Completed,0.0,False
5805028000039915889,2024-03-27 10:36:00,Ulysses Adams,5805028000029239515,Outbound,229.0,Attended Dialled,Completed,0.0,False
5805028000040244820,2024-03-28 15:18:00,Ian Miller,5805028000040248471,Outbound,1.0,Attended Dialled,Completed,0.0,False
5805028000039380079,2024-03-22 15:01:00,Amy Green,5805028000039406101,Outbound,353.0,Attended Dialled,Completed,0.0,False
5805028000025856291,2024-01-12 16:15:00,Kevin Parker,5805028000016748004,Outbound,4.0,Attended Dialled,Completed,0.0,False
5805028000031768274,2024-02-14 09:37:00,John Doe,5805028000014077034,Outbound,538.0,Attended Dialled,Completed,0.0,False
5805028000034441445,2024-02-27 14:47:00,John Doe,5805028000005102024,Outbound,147.0,Attended Dialled,Completed,0.0,False
5805028000052386210,2024-05-29 11:22:00,Yara Edwards,5805028000026242012,Outbound,6.0,Attended Dialled,Completed,0.0,False
5805028000048962123,2024-05-08 18:46:00,Ulysses Adams,5805028000025813281,Missed,0.0,Missed,,,False
5805028000042838399,2024-04-10 13:20:00,Kevin Parker,5805028000028281442,Outbound,5.0,Attended Dialled,Completed,0.0,False
5805028000008030390,2023-09-19 13:33:00,George King,5805028000006654358,Outbound,5.0,Attended Dialled,Completed,0.0,False
5805028000007825084,2023-09-15 12:26:00,Jane Smith,5805028000004747367,Outbound,388.0,Attended Dialled,Completed,0.0,False
5805028000009980036,2023-10-04 15:38:00,Diana Evans,5805028000009668134,Outbound,8.0,Attended Dialled,Completed,0.0,False
5805028000050276630,2024-05-16 15:34:00,Julia Nelson,5805028000005612081,Outbound,13.0,Attended Dialled,Completed,0.0,False
5805028000025278462,2024-01-10 15:16:00,Rachel White,5805028000025121037,Outbound,0.0,Unattended Dialled,Completed,0.0,False
5805028000009227368,2023-09-28 15:10:00,John Doe,5805028000006308001,Outbound,6.0,Attended Dialled,Completed,0.0,False
5805028000030877330,2024-02-08 12:17:00,Yara Edwards,5805028000030163904,Outbound,1.0,Attended Dialled,Completed,0.0,False
5805028000050001806,2024-05-15 11:16:00,Yara Edwards,5805028000031354113,Outbound,433.0,Attended Dialled,Completed,0.0,False
5805028000017185410,2023-11-16 12:28:00,Julia Nelson,5805028000014944237,Outbound,5.0,Attended Dialled,Completed,0.0,False
5805028000054446737,2024-06-11 10:26:00,Derek James,5805028000018580408,Outbound,0.0,Unattended Dialled,Completed,0.0,False
5805028000011498016,2023-10-13 12:47:00,Ian Miller,5805028000011394067,Outbound,203.0,Attended Dialled,Completed,0.0,False
5805028000009240354,2023-09-28 14:21:00,Fiona Jackson,5805028000007089425,Missed,0.0,Missed,,,False
5805028000053413047,2024-06-04 15:44:00,John Doe,5805028000045218295,Missed,0.0,Missed,,,False
5805028000035388340,2024-03-02 11:03:00,Charlie Davis,5805028000035398471,Outbound,7.0,Attended Dialled,Completed,0.0,False
5805028000047194526,2024-04-29 15:52:00,Julia Nelson,5805028000041920135,Outbound,11.0,Attended Dialled,Completed,0.0,False
5805028000046454022,2024-04-25 15:13:00,Ulysses Adams,5805028000005285611,Outbound,6.0,Attended Dialled,Completed,0.0,False
5805028000005951289,2023-08-28 11:00:00,John Doe,5805028000003818105,Outbound,7.0,Attended Dialled,Completed,0.0,False
5805028000021220049,2023-12-13 14:35:00,Diana Evans,5805028000021192277,Outbound,184.0,Attended Dialled,Completed,0.0,False
5805028000003231138,2023-07-27 17:03:00,Jane Smith,5805028000001880249,Outbound,541.0,Attended Dialled,Completed,0.0,False
5805028000006364424,2023-08-31 20:02:00,Jane Smith,5805028000005614074,Missed,0.0,Missed,,,False
5805028000028776296,2024-01-29 19:46:00,Victor Barnes,5805028000028536339,Outbound,3009.0,Attended Dialled,Completed,0.0,False
5805028000019432219,2023-12-01 13:01:00,Kevin Parker,5805028000013778159,Outbound,0.0,Unattended Dialled,Completed,0.0,False
5805028000025327669,2024-01-10 18:13:00,Paula Underwood,5805028000009044013,Outbound,510.0,Attended Dialled,Completed,0.0,False
5805028000009139256,2023-09-27 10:51:00,Diana Evans,5805028000003468691,Outbound,173.0,Attended Dialled,Completed,0.0,False
5805028000017169327,2023-11-16 14:06:00,Ian Miller,5805028000014103370,Outbound,0.0,Unattended Dialled,Completed,0.0,False
5805028000013569311,2023-10-25 13:02:00,John Doe,5805028000011906024,Missed,0.0,Missed,,,False
5805028000015601414,2023-11-07 09:24:00,Diana Evans,5805028000015297687,Outbound,66.0,Attended Dialled,Completed,0.0,False
5805028000044200245,2024-04-16 17:17:00,Paula Underwood,5805028000041648001,Outbound,13.0,Attended Dialled,Completed,0.0,False
5805028000027880429,2024-01-23 14:09:00,Julia Nelson,5805028000025977898,Outbound,251.0,Attended Dialled,Completed,0.0,False
5805028000037280087,2024-03-13 15:29:00,Julia Nelson,5805028000036951161,Outbound,10.0,Attended Dialled,Completed,0.0,False
5805028000043450935,2024-04-12 15:58:00,Derek James,5805028000038515128,Outbound,213.0,Attended Dialled,Completed,0.0,False
5805028000045428668,2024-04-22 16:13:00,Nina Scott,5805028000045368360,Outbound,8.0,Attended Dialled,Completed,0.0,False
5805028000046303584,2024-04-25 11:04:00,Victor Barnes,5805028000046311309,Outbound,83.0,Attended Dialled,Completed,0.0,False
5805028000009212219,2023-09-27 18:15:00,Charlie Davis,5805028000007846891,Outbound,5.0,Attended Dialled,Completed,0.0,False
5805028000047493138,2024-04-30 14:22:00,Yara Edwards,5805028000002897390,Outbound,333.0,Attended Dialled,Completed,0.0,False
5805028000048419897,2024-05-07 12:44:00,Derek James,5805028000039887752,Outbound,0.0,Unattended Dialled,Completed,0.0,False
5805028000044699455,2024-04-17 17:47:00,Cara Iverson,5805028000044692256,Outbound,1737.0,Attended Dialled,Completed,0.0,False
5805028000045220535,2024-04-20 12:49:00,Paula Underwood,5805028000045218295,Outbound,855.0,Attended Dialled,Completed,0.0,False
5805028000001837270,2023-07-16 17:43:00,Jane Smith,5805028000001883045,Outbound,0.0,Unattended Dialled,Completed,0.0,False
5805028000018702022,2023-11-24 17:20:00,Diana Evans,5805028000017839280,Outbound,7.0,Attended Dialled,Completed,0.0,False
5805028000043795654,2024-04-14 16:28:00,Cara Iverson,5805028000042271494,Outbound,10.0,Attended Dialled,Completed,0.0,False
5805028000055618129,2024-06-16 15:34:00,Yara Edwards,5805028000055524176,Outbound,0.0,Unattended Dialled,Completed,0.0,False
5805028000016148013,2023-11-09 14:23:00,Ian Miller,5805028000015314064,Outbound,0.0,Unattended Dialled,Completed,0.0,False
5805028000035343001,2024-03-01 15:03:00,Ben Hall,5805028000029130156,Outbound,11.0,Attended Dialled,Completed,0.0,False
5805028000056174075,2024-06-18 12:20:00,Nina Scott,5805028000055503741,Outbound,7.0,Attended Dialled,Completed,0.0,False
5805028000056690620,2024-06-20 17:53:00,Derek James,5805028000047846249,Outbound,150.0,Attended Dialled,Completed,0.0,False
5805028000025286148,2024-01-10 11:02:00,Julia Nelson,5805028000018821786,Outbound,115.0,Attended Dialled,Completed,0.0,False
5805028000050014913,2024-05-15 17:16:00,Victor Barnes,5805028000002897390,Outbound,26.0,Attended Dialled,Completed,0.0,False
5805028000031772045,2024-02-13 16:13:00,Paula Underwood,5805028000017705797,Outbound,5.0,Attended Dialled,Completed,0.0,False
5805028000047336001,2024-04-29 17:29:00,Nina Scott,5805028000043848221,Outbound,117.0,Attended Dialled,Completed,0.0,False
5805028000025032068,2024-01-09 09:58:00,Ulysses Adams,5805028000024879654,Outbound,4.0,Attended Dialled,Completed,0.0,False
5805028000011234061,2023-10-12 12:53:00,John Doe,5805028000009826235,Missed,0.0,Missed,,,False
5805028000032291271,2024-02-16 11:03:00,Kevin Parker,5805028000027079035,Outbound,87.0,Attended Dialled,Completed,0.0,False
5805028000006649072,2023-09-04 13:09:00,Diana Evans,5805028000006513452,Outbound,535.0,Attended Dialled,Completed,0.0,False
5805028000054755406,2024-06-12 12:16:00,Kevin Parker,5805028000026235210,Outbound,247.0,Attended Dialled,Completed,0.0,False
5805028000010732003,2023-10-10 13:01:00,Ian Miller,5805028000010671334,Outbound,177.0,Attended Dialled,Completed,0.0,False
5805028000020664039,2023-12-11 10:29:00,Ian Miller,5805028000020583465,Outbound,8.0,Attended Dialled,Completed,0.0,False
5805028000028713017,2024-01-29 11:32:00,John Doe,5805028000017523370,Outbound,4.0,Attended Dialled,Completed,0.0,False
5805028000017183355,2023-11-16 11:14:00,Kevin Parker,5805028000011913024,Missed,0.0,Missed,,,False
5805028000049761816,2024-05-14 11:11:00,Amy Green,5805028000049432632,Outbound,14.0,Attended Dialled,Completed,0.0,False
5805028000045094917,2024-04-20 09:02:00,Amy Green,5805028000045109425,Missed,0.0,Missed,,,False
5805028000036019735,2024-03-07 12:48:00,Julia Nelson,5805028000016931091,Outbound,207.0,Attended Dialled,Completed,0.0,False
5805028000038217809,2024-03-19 13:46:00,Kevin Parker,5805028000032775725,Missed,0.0,Missed,,,False
5805028000009353393,2023-09-29 13:35:00,Julia Nelson,5805028000008772486,Outbound,9.0,Attended Dialled,Completed,0.0,False
5805028000037730239,2024-03-15 13:33:00,John Doe,5805028000003659169,Outbound,1776.0,Attended Dialled,Completed,0.0,False
5805028000034196025,2024-02-26 14:18:00,Kevin Parker,5805028000033863261,Outbound,342.0,Attended Dialled,Completed,0.0,False
5805028000021888183,2023-12-18 17:57:00,Diana Evans,5805028000021601774,Outbound,1104.0,Attended Dialled,Completed,0.0,False
5805028000017209432,2023-11-16 14:25:00,John Doe,5805028000002940571,Outbound,4.0,Attended Dialled,Completed,0.0,False
5805028000039765064,2024-03-26 10:33:00,Nina Scott,5805028000039653600,Outbound,11.0,Attended Dialled,Completed,0.0,False
5805028000019935001,2023-12-06 14:34:00,John Doe,5805028000008970555,Inbound,230.0,Received,,,False
5805028000025326169,2024-01-10 10:55:00,Charlie Davis,5805028000025202255,Outbound,9.0,Attended Dialled,Completed,0.0,False
5805028000052183152,2024-05-28 10:59:00,Kevin Parker,5805028000033276868,Missed,0.0,Missed,,,False
5805028000022790046,2023-12-22 15:59:00,Ian Miller,5805028000022041160,Outbound,580.0,Attended Dialled,Completed,0.0,False
5805028000004314249,2023-08-10 10:37:00,Jane Smith,5805028000004306212,Outbound,63.0,Attended Dialled,Completed,0.0,False
5805028000009708511,2023-10-02 16:29:00,Fiona Jackson,5805028000009547964,Missed,0.0,Missed,,,False
5805028000008029433,2023-09-19 14:01:00,John Doe,5805028000003473428,Outbound,1044.0,Attended Dialled,Completed,0.0,False
5805028000051703061,2024-05-24 16:14:00,Derek James,5805028000051097449,Outbound,130.0,Attended Dialled,Completed,0.0,False
5805028000046200234,2024-04-24 16:49:00,Paula Underwood,5805028000041805273,Outbound,286.0,Attended Dialled,Completed,0.0,False
5805028000016702001,2023-11-14 08:30:00,John Doe,5805028000007327089,Missed,0.0,Missed,,,False
5805028000043468056,2024-04-12 09:15:00,Ulysses Adams,5805028000022524164,Outbound,0.0,Unattended Dialled,Completed,0.0,False
5805028000042389034,2024-04-08 12:22:00,Victor Barnes,5805028000040767159,Outbound,954.0,Attended Dialled,Completed,0.0,False
5805028000022165458,2023-12-19 19:08:00,John Doe,5805028000021567713,Inbound,1919.0,Received,,,False
5805028000010952347,2023-10-11 14:03:00,Julia Nelson,5805028000006620232,Outbound,277.0,Attended Dialled,Completed,0.0,False
5805028000027206185,2024-01-19 15:59:00,Paula Underwood,5805028000005268612,Missed,0.0,Missed,,,False
5805028000013176938,2023-10-23 15:57:00,Diana Evans,5805028000003329100,Outbound,8.0,Attended Dialled,Completed,0.0,False
5805028000042402064,2024-04-08 12:31:00,Julia Nelson,5805028000039887752,Inbound,10.0,Received,,,False
5805028000018952277,2023-11-28 13:45:00,Kevin Parker,5805028000015329352,Outbound,33.0,Attended Dialled,Completed,0.0,False
5805028000013139931,2023-10-23 15:32:00,Ian Miller,5805028000009969076,Outbound,6.0,Attended Dialled,Completed,0.0,False
5805028000027546227,2024-01-21 18:02:00,Yara Edwards,5805028000008097198,Outbound,5.0,Attended Dialled,Completed,0.0,False
5805028000052341449,2024-05-29 17:18:00,Charlie Davis,5805028000050812781,Inbound,152.0,Received,,,False
5805028000044017320,2024-04-16 13:03:00,Ben Hall,5805028000043018499,Outbound,5.0,Attended Dialled,Completed,0.0,False
5805028000005941023,2023-08-27 12:27:00,Jane Smith,5805028000005852680,Outbound,6.0,Attended Dialled,Completed,0.0,False
5805028000035572584,2024-03-05 09:32:00,Charlie Davis,5805028000031986152,Missed,0.0,Missed,,,False
5805028000006359127,2023-08-31 14:55:00,Diana Evans,5805028000003669244,Outbound,5.0,Attended Dialled,Completed,0.0,False
5805028000007864972,2023-09-18 08:44:00,Charlie Davis,5805028000003659169,Missed,0.0,Missed,,,False
5805028000049809997,2024-05-14 15:42:00,Ulysses Adams,5805028000007769046,Outbound,5.0,Attended Dialled,Completed,0.0,False
5805028000003659308,2023-08-03 15:26:00,Jane Smith,5805028000002333161,Outbound,6.0,Attended Dialled,Completed,0.0,False
5805028000010631023,2023-10-09 14:34:00,Fiona Jackson,5805028000010488017,Missed,0.0,Missed,,,False
5805028000045097801,2024-04-19 18:26:00,John Doe,5805028000029660580,Missed,0.0,Missed,,,False
5805028000018153135,2023-11-21 13:49:00,Julia Nelson,5805028000013860278,Outbound,54.0,Attended Dialled,Completed,0.0,False
5805028000019000534,2023-11-29 12:04:00,Kevin Parker,5805028000014052783,Outbound,6.0,Attended Dialled,Completed,0.0,False
5805028000009487001,2023-09-29 16:00:00,George King,5805028000009386657,Outbound,6.0,Attended Dialled,Completed,0.0,False
5805028000052381550,2024-05-29 16:10:00,Amy Green,5805028000052188921,Outbound,14.0,Attended Dialled,Completed,0.0,False
5805028000047194633,2024-04-29 17:18:00,Quincy Vincent,5805028000045230778,Outbound,8.0,Attended Dialled,Completed,0.0,False
5805028000007087247,2023-09-09 15:16:00,Charlie Davis,5805028000004488175,Outbound,5.0,Attended Dialled,Completed,0.0,False
5805028000006364201,2023-08-31 11:14:00,Diana Evans,5805028000003930715,Outbound,921.0,Attended Dialled,Completed,0.0,False
5805028000056849378,2024-06-21 13:49:00,Kevin Parker,5805028000020775217,Outbound,49.0,Attended Dialled,Completed,0.0,False
5805028000040022183,2024-03-27 12:25:00,John Doe,5805028000013061125,Outbound,0.0,Unattended Dialled,Completed,0.0,False
5805028000020755096,2023-12-11 14:49:00,Julia Nelson,5805028000017918386,Missed,0.0,Missed,,,False
5805028000043462857,2024-04-12 15:36:00,Ulysses Adams,5805028000042294555,Outbound,533.0,Attended Dialled,Completed,0.0,False
5805028000018991098,2023-11-28 12:30:00,Charlie Davis,5805028000018704498,Outbound,13.0,Attended Dialled,Completed,0.0,False
5805028000045452139,2024-04-22 13:30:00,Ulysses Adams,5805028000045327884,Outbound,206.0,Attended Dialled,Completed,0.0,False
5805028000051235019,2024-05-22 17:20:00,Paula Underwood,5805028000031278052,Missed,0.0,Missed,,,False
5805028000034863001,2024-02-28 13:43:00,Kevin Parker,5805028000033866923,Missed,0.0,Missed,,,False
5805028000029283166,2024-01-31 12:48:00,Ulysses Adams,5805028000009547964,Outbound,5.0,Attended Dialled,Completed,0.0,False
5805028000005927334,2023-08-28 10:54:00,John Doe,5805028000002333161,Outbound,6.0,Attended Dialled,Completed,0.0,False
5805028000019617653,2023-12-04 19:48:00,Quincy Vincent,5805028000019629158,Outbound,0.0,Unattended Dialled,Completed,0.0,False
5805028000006023169,2023-08-28 19:46:00,Jane Smith,5805028000001404153,Outbound,33.0,Attended Dialled,Completed,0.0,False
5805028000056190122,2024-06-18 12:27:00,Derek James,5805028000035056032,Outbound,446.0,Attended Dialled,Completed,0.0,False
5805028000052654039,2024-05-30 14:18:00,Ulysses Adams,5805028000050812501,Outbound,4.0,Attended Dialled,Completed,0.0,False
5805028000014590042,2023-10-31 13:02:00,Jane Smith,5805028000013551001,Outbound,0.0,Unattended Dialled,Completed,0.0,False
5805028000022494446,2023-12-21 15:22:00,Nina Scott,5805028000011520132,Outbound,36.0,Attended Dialled,Completed,0.0,False
5805028000014286161,2023-10-30 10:49:00,Kevin Parker,5805028000013654209,Outbound,1466.0,Attended Dialled,Completed,0.0,False
5805028000040647378,2024-03-30 15:18:00,Ulysses Adams,5805028000003966221,Outbound,114.0,Attended Dialled,Completed,0.0,False
5805028000052673431,2024-05-30 19:21:00,Derek James,5805028000030468161,Outbound,0.0,Unattended Dialled,Completed,0.0,False
5805028000006083009,2023-08-29 14:46:00,Jane Smith,5805028000001880249,Missed,0.0,Missed,,,False
5805028000006925133,2023-09-07 15:27:00,John Doe,5805028000003473428,Outbound,941.0,Attended Dialled,Completed,0.0,False
5805028000028411239,2024-01-26 14:47:00,Zachary Foster,5805028000026228533,Outbound,0.0,Unattended Dialled,Completed,0.0,False
5805028000009383013,2023-09-28 18:24:00,Charlie Davis,5805028000009236149,Outbound,0.0,Unattended Dialled,Completed,0.0,False
5805028000029292323,2024-01-31 13:39:00,Julia Nelson,5805028000021760036,Outbound,4.0,Attended Dialled,Completed,0.0,False
5805028000009370119,2023-09-28 18:32:00,Charlie Davis,5805028000007570001,Outbound,0.0,Unattended Dialled,Completed,0.0,False
5805028000010768044,2023-10-10 15:19:00,Fiona Jackson,5805028000010414707,Missed,0.0,Missed,,,False
5805028000047199565,2024-04-29 16:48:00,Nina Scott,5805028000012889121,Outbound,13.0,Attended Dialled,Completed,0.0,False
5805028000048214706,2024-05-05 19:33:00,Quincy Vincent,5805028000048063313,Outbound,0.0,Unattended Dialled,Completed,0.0,False
5805028000039399160,2024-03-22 16:37:00,Julia Nelson,5805028000017090120,Missed,0.0,Missed,,,False
5805028000038740760,2024-03-20 14:11:00,Nina Scott,5805028000018156648,Outbound,5.0,Attended Dialled,Completed,0.0,False
5805028000010017262,2023-10-05 11:58:00,Kevin Parker,5805028000009788092,Outbound,5.0,Attended Dialled,Completed,0.0,False
5805028000020147143,2023-12-07 13:48:00,Julia Nelson,5805028000020150102,Outbound,0.0,Unattended Dialled,Completed,0.0,False
5805028000013187834,2023-10-23 17:07:00,John Doe,5805028000008246089,Missed,0.0,Missed,,,False
5805028000042684225,2024-04-09 14:05:00,Cara Iverson,5805028000004306212,Outbound,0.0,Unattended Dialled,Completed,0.0,False
5805028000044051601,2024-04-16 14:18:00,Yara Edwards,5805028000029952510,Outbound,6.0,Attended Dialled,Completed,0.0,False
5805028000054982947,2024-06-13 14:22:00,Victor Barnes,5805028000035760433,Outbound,0.0,Unattended Dialled,Completed,0.0,False
5805028000026605151,2024-01-18 09:55:00,Kevin Parker,5805028000017915511,Missed,0.0,Missed,,,False
5805028000026117084,2024-01-15 15:30:00,Julia Nelson,5805028000026015074,Outbound,606.0,Attended Dialled,Completed,0.0,False
5805028000016426147,2023-11-10 17:16:00,Diana Evans,5805028000010188233,Outbound,314.0,Attended Dialled,Completed,0.0,False
5805028000032690322,2024-02-18 21:05:00,Quincy Vincent,5805028000032539965,Inbound,518.0,Received,,,False
5805028000011827124,2023-10-16 17:17:00,Julia Nelson,5805028000011413224,Outbound,5.0,Attended Dialled,Completed,0.0,False
5805028000031771187,2024-02-13 18:17:00,Julia Nelson,5805028000030163124,Outbound,47.0,Attended Dialled,Completed,0.0,False
5805028000045082556,2024-04-19 14:07:00,Charlie Davis,5805028000003957683,Outbound,24.0,Attended Dialled,Completed,0.0,False
5805028000044034241,2024-04-16 12:14:00,Derek James,5805028000020475577,Outbound,300.0,Attended Dialled,Completed,0.0,False
5805028000043734442,2024-04-13 17:45:00,Nina Scott,5805028000025977233,Outbound,5.0,Attended Dialled,Completed,0.0,False
5805028000045220561,2024-04-20 13:40:00,Ulysses Adams,5805028000007649149,Missed,0.0,Missed,,,False
5805028000028168955,2024-01-25 16:37:00,Yara Edwards,5805028000028144267,Outbound,0.0,Unattended Dialled,Completed,0.0,False
5805028000023517154,2023-12-28 14:06:00,Julia Nelson,5805028000022785013,Outbound,8.0,Attended Dialled,Completed,0.0,False
5805028000048760549,2024-05-08 11:25:00,Yara Edwards,5805028000048362121,Missed,0.0,Missed,,,False
5805028000038741668,2024-03-20 14:42:00,Charlie Davis,5805028000037552715,Outbound,14.0,Attended Dialled,Completed,0.0,False
5805028000046828977,2024-04-27 13:41:00,Amy Green,5805028000046884527,Outbound,356.0,Attended Dialled,Completed,0.0,False
5805028000041757323,2024-04-04 14:44:00,Quincy Vincent,5805028000041198206,Outbound,1971.0,Attended Dialled,Completed,0.0,False
5805028000042986209,2024-04-10 19:31:00,Ulysses Adams,5805028000022524164,Outbound,849.0,Attended Dialled,Completed,0.0,False
5805028000024382630,2024-01-05 12:02:00,Kevin Parker,5805028000017738439,Outbound,5.0,Attended Dialled,Completed,0.0,False
5805028000012576177,2023-10-19 13:46:00,Kevin Parker,5805028000010209006,Outbound,1327.0,Attended Dialled,Completed,0.0,False
5805028000051095100,2024-05-21 19:08:00,Ben Hall,5805028000047725334,Outbound,808.0,Attended Dialled,Completed,0.0,False
5805028000006364411,2023-08-31 18:26:00,Diana Evans,5805028000002822001,Outbound,0.0,Unattended Dialled,Completed,0.0,False
5805028000014053904,2023-10-28 16:24:00,Julia Nelson,5805028000013851702,Outbound,859.0,Attended Dialled,Completed,0.0,False
5805028000040211521,2024-03-28 14:51:00,Charlie Davis,5805028000040248280,Outbound,0.0,Unattended Dialled,Completed,0.0,False
5805028000019714652,2023-12-05 13:46:00,Kevin Parker,5805028000016623145,Outbound,8.0,Attended Dialled,Completed,0.0,False
5805028000026237600,2024-01-16 14:08:00,Xander Dean,5805028000026080729,Outbound,274.0,Attended Dialled,Completed,0.0,False
5805028000028413722,2024-01-26 15:47:00,Zachary Foster,5805028000028410341,Outbound,6.0,Attended Dialled,Completed,0.0,False
5805028000041744141,2024-04-04 12:36:00,Ulysses Adams,5805028000041455005,Outbound,377.0,Attended Dialled,Completed,0.0,False
5805028000021226138,2023-12-13 16:50:00,Ian Miller,5805028000020158185,Outbound,6.0,Attended Dialled,Completed,0.0,False
5805028000048364366,2024-05-06 11:45:00,Quincy Vincent,5805028000042262066,Inbound,266.0,Received,,,False
5805028000052840118,2024-05-31 13:38:00,Derek James,5805028000045218295,Inbound,148.0,Received,,,False
5805028000028311620,2024-01-26 10:42:00,Kevin Parker,5805028000020444001,Outbound,14.0,Attended Dialled,Completed,0.0,False
5805028000053115707,2024-06-03 11:51:00,Ulysses Adams,5805028000052355146,Outbound,6.0,Attended Dialled,Completed,0.0,False
5805028000018724282,2023-11-25 17:10:00,Charlie Davis,5805028000015201019,Outbound,360.0,Attended Dialled,Completed,0.0,False
5805028000035695385,2024-03-05 16:31:00,Ulysses Adams,5805028000004110397,Outbound,5.0,Attended Dialled,Completed,0.0,False
5805028000028903161,2024-01-30 11:02:00,Charlie Davis,5805028000028545340,Missed,0.0,Missed,,,False
5805028000009708301,2023-10-02 11:24:00,Diana Evans,5805028000009072093,Outbound,809.0,Attended Dialled,Completed,0.0,False
5805028000028228936,2024-01-26 11:23:00,Zachary Foster,5805028000026301669,Outbound,0.0,Unattended Dialled,Completed,0.0,False
5805028000021766110,2023-12-18 12:10:00,Ian Miller,5805028000020590169,Outbound,13.0,Attended Dialled,Completed,0.0,False
5805028000031526016,2024-02-12 13:05:00,Charlie Davis,5805028000023903349,Missed,0.0,Missed,,,False
5805028000050257394,2024-05-16 13:54:00,Ulysses Adams,5805028000007769046,Outbound,6.0,Attended Dialled,Completed,0.0,False
5805028000014432130,2023-10-30 16:40:00,Kevin Parker,5805028000004110397,Outbound,295.0,Attended Dialled,Completed,0.0,False
5805028000029421861,2024-02-01 10:16:00,John Doe,5805028000020322243,Missed,0.0,Missed,,,False
5805028000039905056,2024-03-26 16:19:00,Charlie Davis,5805028000037552715,Outbound,4.0,Attended Dialled,Completed,0.0,False
5805028000002822126,2023-07-21 16:40:00,Alice Johnson,5805028000002741001,Outbound,0.0,Unattended Dialled,Completed,0.0,False
5805028000014487305,2023-10-31 11:26:00,Julia Nelson,5805028000013860278,Outbound,6.0,Attended Dialled,Completed,0.0,False
5805028000047726615,2024-05-02 15:28:00,Derek James,5805028000013061125,Outbound,0.0,Unattended Dialled,Completed,0.0,False
5805028000019824027,2023-12-06 11:29:00,Ian Miller,5805028000005005266,Outbound,9.0,Attended Dialled,Completed,0.0,False
5805028000028738344,2024-01-29 18:20:00,Ian Miller,5805028000025121037,Outbound,0.0,Unattended Dialled,Completed,0.0,False
5805028000043867483,2024-04-15 16:22:00,Kevin Parker,5805028000042312463,Outbound,254.0,Attended Dialled,Completed,0.0,False
5805028000028022396,2024-01-24 10:14:00,John Doe,5805028000021538901,Inbound,76.0,Received,,,False
5805028000008689025,2023-09-22 17:29:00,Charlie Davis,5805028000008681021,Outbound,4.0,Attended Dialled,Completed,0.0,False
5805028000013946142,2023-10-27 12:12:00,Ian Miller,5805028000013851702,Outbound,14.0,Attended Dialled,Completed,0.0,False
5805028000006479008,2023-09-01 10:27:00,Diana Evans,5805028000006434006,Inbound,972.0,Received,,,False
5805028000050812547,2024-05-20 16:26:00,Victor Barnes,5805028000049797454,Outbound,182.0,Attended Dialled,Completed,0.0,False
5805028000051042186,2024-05-21 14:02:00,Kevin Parker,5805028000031354113,Outbound,83.0,Attended Dialled,Completed,0.0,False
5805028000029021068,2024-01-30 15:36:00,Quincy Vincent,5805028000028022895,Outbound,9.0,Attended Dialled,Completed,0.0,False
5805028000021772050,2023-12-18 11:43:00,Ian Miller,5805028000020463821,Outbound,0.0,Unattended Dialled,Completed,0.0,False
5805028000021676212,2023-12-16 14:19:00,Diana Evans,5805028000021261280,Outbound,11.0,Attended Dialled,Completed,0.0,False
5805028000013141846,2023-10-23 09:49:00,Julia Nelson,5805028000011182065,Missed,0.0,Missed,,,False
5805028000026042270,2024-01-15 13:42:00,Victor Barnes,5805028000016622217,Inbound,96.0,Received,,,False
5805028000021065340,2023-12-12 17:36:00,Paula Underwood,5805028000020444001,Outbound,150.0,Attended Dialled,Completed,0.0,False
5805028000054155025,2024-06-09 10:14:00,Yara Edwards,5805028000017707038,Outbound,5.0,Attended Dialled,Completed,0.0,False
5805028000001775084,2023-07-14 11:58:00,Alice Johnson,5805028000001404153,Outbound,11.0,Attended Dialled,Completed,0.0,False
5805028000038386209,2024-03-19 16:26:00,Amy Green,5805028000021439001,Outbound,2.0,Attended Dialled,Completed,0.0,False
5805028000010217035,2023-10-05 18:46:00,Julia Nelson,5805028000010036314,Outbound,4.0,Attended Dialled,Completed,0.0,False
5805028000054282567,2024-06-10 19:06:00,Quincy Vincent,5805028000053695589,Outbound,68.0,Attended Dialled,Completed,0.0,False
5805028000027644042,2024-01-22 12:11:00,John Doe,5805028000025018030,Outbound,176.0,Attended Dialled,Completed,0.0,False
5805028000030970106,2024-02-08 14:30:00,John Doe,5805028000021061487,Inbound,50.0,Received,,,False
5805028000006034333,2023-08-29 10:34:00,Diana Evans,5805028000005772191,Outbound,16.0,Attended Dialled,Completed,0.0,False
5805028000004115518,2023-08-09 10:17:00,Diana Evans,5805028000003473428,Outbound,804.0,Attended Dialled,Completed,0.0,False
5805028000048360288,2024-05-06 11:59:00,Ian Miller,5805028000048225788,Outbound,0.0,Unattended Dialled,Completed,0.0,False
5805028000019929640,2023-12-06 19:44:00,Paula Underwood,5805028000015904048,Outbound,19.0,Attended Dialled,Completed,0.0,False
5805028000050549675,2024-05-18 12:21:00,Charlie Davis,5805028000048761191,Outbound,8.0,Attended Dialled,Completed,0.0,False
5805028000027425397,2024-01-20 12:01:00,Yara Edwards,5805028000014052783,Outbound,18.0,Attended Dialled,Completed,0.0,False
5805028000009578801,2023-09-30 18:35:00,Charlie Davis,5805028000009566384,Outbound,73.0,Attended Dialled,Completed,0.0,False
5805028000016039218,2023-11-09 11:31:00,Diana Evans,5805028000008970555,Outbound,127.0,Attended Dialled,Completed,0.0,False
5805028000025480050,2024-01-11 12:11:00,Kevin Parker,5805028000017733266,Outbound,50.0,Attended Dialled,Completed,0.0,False
5805028000034675212,2024-02-28 09:53:00,Ulysses Adams,5805028000024657261,Outbound,7.0,Attended Dialled,Completed,0.0,False
5805028000034672459,2024-02-28 11:49:00,Paula Underwood,5805028000029099001,Inbound,86.0,Received,,,False
5805028000039942025,2024-03-26 16:03:00,Yara Edwards,5805028000039765003,Outbound,5.0,Attended Dialled,Completed,0.0,False
5805028000007115391,2023-09-10 11:09:00,Jane Smith,5805028000007089425,Outbound,43.0,Attended Dialled,Completed,0.0,False
5805028000015204076,2023-11-03 15:27:00,Ian Miller,5805028000011398239,Outbound,466.0,Attended Dialled,Completed,0.0,False
5805028000025814600,2024-01-12 18:12:00,Ulysses Adams,5805028000025813281,Outbound,0.0,Unattended Dialled,Completed,0.0,False
5805028000006513186,2023-09-02 13:34:00,Jane Smith,5805028000002150769,Outbound,0.0,Unattended Dialled,Completed,0.0,False
5805028000033276922,2024-02-22 12:44:00,Nina Scott,5805028000019914726,Outbound,209.0,Attended Dialled,Completed,0.0,False
5805028000037450030,2024-03-14 10:08:00,Nina Scott,5805028000037293210,Outbound,746.0,Attended Dialled,Completed,0.0,False
5805028000039413531,2024-03-23 10:39:00,Nina Scott,5805028000039363410,Outbound,0.0,Unattended Dialled,Completed,0.0,False
5805028000019432934,2023-12-02 15:31:00,Charlie Davis,5805028000019000303,Outbound,749.0,Attended Dialled,Completed,0.0,False
5805028000028407902,2024-01-26 17:17:00,Nina Scott,5805028000028042529,Outbound,1366.0,Attended Dialled,Completed,0.0,False
5805028000035602590,2024-03-05 10:13:00,Yara Edwards,5805028000027751732,Inbound,39.0,Received,,,False
5805028000019397441,2023-12-01 15:55:00,Diana Evans,5805028000019321079,Outbound,9.0,Attended Dialled,Completed,0.0,False
5805028000007952014,2023-09-16 19:15:00,George King,5805028000007822300,Outbound,180.0,Attended Dialled,Completed,0.0,False
5805028000050973412,2024-05-21 15:00:00,Quincy Vincent,5805028000045230778,Outbound,5.0,Attended Dialled,Completed,0.0,False
5805028000007494057,2023-09-13 15:53:00,Hannah Lee,5805028000005288631,Missed,0.0,Missed,,,False
5805028000008980034,2023-09-25 18:49:00,John Doe,5805028000004092445,Outbound,0.0,Unattended Dialled,Completed,0.0,False
5805028000056487174,2024-06-19 18:12:00,Nina Scott,5805028000014052783,Outbound,10.0,Attended Dialled,Completed,0.0,False
5805028000049570078,2024-05-12 14:27:00,Cara Iverson,5805028000048364912,Outbound,0.0,Unattended Dialled,Completed,0.0,False
5805028000011130017,2023-10-11 18:54:00,Diana Evans,5805028000009682314,Outbound,311.0,Attended Dialled,Completed,0.0,False
5805028000039933007,2024-03-26 16:17:00,Nina Scott,5805028000025817526,Outbound,104.0,Attended Dialled,Completed,0.0,False
5805028000042841339,2024-04-10 10:37:00,Derek James,5805028000005268612,Outbound,723.0,Attended Dialled,Completed,0.0,False
5805028000007976285,2023-09-18 12:14:00,Diana Evans,5805028000007866898,Inbound,35.0,Received,,,False
5805028000002902437,2023-07-23 14:33:00,Alice Johnson,5805028000002822001,Outbound,0.0,Unattended Dialled,Completed,0.0,False
5805028000050574560,2024-05-18 13:52:00,Paula Underwood,5805028000039059053,Outbound,45.0,Attended Dialled,Completed,0.0,False
5805028000028018789,2024-01-24 14:31:00,Ulysses Adams,5805028000020322243,Outbound,348.0,Attended Dialled,Completed,0.0,False
5805028000046884234,2024-04-26 17:15:00,Ben Hall,5805028000044674634,Outbound,61.0,Attended Dialled,Completed,0.0,False
5805028000016919742,2023-11-15 14:16:00,John Doe,5805028000014660018,Outbound,75.0,Attended Dialled,Completed,0.0,False
5805028000039767368,2024-03-26 14:24:00,Ian Miller,5805028000039765003,Outbound,7.0,Attended Dialled,Completed,0.0,False
5805028000021263770,2023-12-14 11:35:00,John Doe,5805028000021192277,Outbound,110.0,Attended Dialled,Completed,0.0,False
5805028000020322511,2023-12-08 16:48:00,Paula Underwood,5805028000020325459,Outbound,7.0,Attended Dialled,Completed,0.0,False
5805028000009043050,2023-09-26 15:37:00,John Doe,5805028000003597256,Outbound,18.0,Attended Dialled,Completed,0.0,False
5805028000035548903,2024-03-05 13:33:00,Ulysses Adams,5805028000035595227,Missed,0.0,Missed,,,False
5805028000013449011,2023-10-24 16:21:00,Diana Evans,5805028000003329100,Missed,0.0,Missed,,,False
5805028000034701495,2024-02-28 11:08:00,Ulysses Adams,5805028000032829003,Outbound,0.0,Unattended Dialled,Completed,0.0,False
5805028000014828172,2023-11-01 15:55:00,Charlie Davis,5805028000009548379,Outbound,0.0,Unattended Dialled,Completed,0.0,False
5805028000012902624,2023-10-20 20:29:00,Julia Nelson,5805028000012889121,Outbound,4.0,Attended Dialled,Completed,0.0,False
5805028000038384315,2024-03-19 17:05:00,Julia Nelson,5805028000014077165,Missed,0.0,Missed,,,False
5805028000020323729,2023-12-08 17:07:00,Diana Evans,5805028000020315018,Outbound,827.0,Attended Dialled,Completed,0.0,False
5805028000032069303,2024-02-15 11:18:00,Charlie Davis,5805028000030480094,Inbound,453.0,Received,,,False
5805028000009819064,2023-10-02 18:49:00,Diana Evans,5805028000009706051,Outbound,310.0,Attended Dialled,Completed,0.0,False
5805028000013283515,2023-10-24 09:45:00,John Doe,5805028000010870053,Missed,0.0,Missed,,,False
5805028000028425001,2024-01-26 13:22:00,Victor Barnes,5805028000028138713,Outbound,122.0,Attended Dialled,Completed,0.0,False
5805028000016837053,2023-11-14 14:34:00,Julia Nelson,5805028000011330054,Outbound,212.0,Attended Dialled,Completed,0.0,False
5805028000047847237,2024-05-03 13:56:00,Derek James,5805028000019430168,Outbound,5.0,Attended Dialled,Completed,0.0,False
5805028000031380710,2024-02-11 15:16:00,Yara Edwards,5805028000028547923,Outbound,4.0,Attended Dialled,Completed,0.0,False
5805028000039891089,2024-03-26 17:18:00,Ulysses Adams,5805028000025589408,Outbound,304.0,Attended Dialled,Completed,0.0,False
5805028000032675075,2024-02-18 12:17:00,Victor Barnes,5805028000012448132,Outbound,0.0,Unattended Dialled,Completed,0.0,False
5805028000027428348,2024-01-20 13:07:00,Nina Scott,5805028000005939384,Outbound,186.0,Attended Dialled,Completed,0.0,False
5805028000029267441,2024-01-31 13:41:00,Amy Green,5805028000029138167,Outbound,418.0,Attended Dialled,Completed,0.0,False
5805028000005174559,2023-08-20 11:58:00,Ethan Harris,5805028000002940571,Outbound,7.0,Attended Dialled,Completed,0.0,False
5805028000038738592,2024-03-20 14:01:00,Ulysses Adams,5805028000003571383,Outbound,128.0,Attended Dialled,Completed,0.0,False
5805028000043794572,2024-04-14 15:19:00,Victor Barnes,5805028000043812097,Outbound,78.0,Attended Dialled,Completed,0.0,False
5805028000011175093,2023-10-11 20:53:00,Diana Evans,5805028000010276200,Outbound,56.0,Attended Dialled,Completed,0.0,False
5805028000033307001,2024-02-21 14:35:00,Yara Edwards,5805028000032576794,Outbound,5.0,Attended Dialled,Completed,0.0,False
5805028000043107520,2024-04-11 13:20:00,Kevin Parker,5805028000036006065,Outbound,252.0,Attended Dialled,Completed,0.0,False
5805028000026374029,2024-01-17 12:44:00,Julia Nelson,5805028000016931091,Inbound,447.0,Received,,,False
5805028000022276130,2023-12-20 10:45:00,Quincy Vincent,5805028000020586170,Outbound,8.0,Attended Dialled,Completed,0.0,False
5805028000044468432,2024-04-17 11:09:00,Quincy Vincent,5805028000042262066,Missed,0.0,Missed,,,False
5805028000056378270,2024-06-19 11:48:00,Victor Barnes,5805028000002560080,Outbound,78.0,Attended Dialled,Completed,0.0,False
5805028000018518191,2023-11-23 14:55:00,Diana Evans,5805028000004110397,Inbound,21.0,Received,,,False
5805028000045419318,2024-04-22 13:57:00,Derek James,5805028000022524164,Inbound,876.0,Received,,,False
5805028000004441019,2023-08-10 19:13:00,Jane Smith,5805028000004302281,Outbound,0.0,Unattended Dialled,Completed,0.0,False
5805028000039765076,2024-03-26 10:34:00,Nina Scott,5805028000039653600,Outbound,5.0,Attended Dialled,Completed,0.0,False
5805028000015696080,2023-11-07 14:24:00,Kevin Parker,5805028000004593436,Outbound,415.0,Attended Dialled,Completed,0.0,False
5805028000037719039,2024-03-15 11:00:00,Ben Hall,5805028000037505049,Outbound,2067.0,Attended Dialled,Completed,0.0,False
5805028000053570152,2024-06-05 10:15:00,Nina Scott,5805028000053370849,Outbound,140.0,Attended Dialled,Completed,0.0,False
5805028000055631044,2024-06-16 16:46:00,Cara Iverson,5805028000054441200,Outbound,0.0,Unattended Dialled,Completed,0.0,False
5805028000004602909,2023-08-15 11:35:00,Charlie Davis,5805028000004581934,Inbound,1522.0,Received,,,False
5805028000042466264,2024-04-08 15:39:00,Yara Edwards,5805028000042291792,Outbound,5.0,Attended Dialled,Completed,0.0,False
5805028000045261365,2024-04-20 17:10:00,Ben Hall,5805028000035616435,Outbound,13.0,Attended Dialled,Completed,0.0,False
5805028000056185996,2024-06-19 10:18:00,Victor Barnes,5805028000026053029,Outbound,92.0,Attended Dialled,Completed,0.0,False
5805028000050301074,2024-05-16 10:54:00,Charlie Davis,5805028000047033001,Outbound,20.0,Attended Dialled,Completed,0.0,False
5805028000010558051,2023-10-09 11:42:00,Diana Evans,5805028000010276200,Outbound,6.0,Attended Dialled,Completed,0.0,False
5805028000009042309,2023-09-26 17:13:00,Diana Evans,5805028000005999144,Outbound,486.0,Attended Dialled,Completed,0.0,False
5805028000054556941,2024-06-11 17:50:00,Derek James,5805028000042461074,Outbound,911.0,Attended Dialled,Completed,0.0,False
5805028000021535986,2023-12-16 13:56:00,Julia Nelson,5805028000021542848,Outbound,121.0,Attended Dialled,Completed,0.0,False
5805028000022162282,2023-12-19 17:54:00,Diana Evans,5805028000020305964,Outbound,5.0,Attended Dialled,Completed,0.0,False
5805028000046514098,2024-04-25 18:46:00,Yara Edwards,5805028000045339956,Missed,0.0,Missed,,,False
5805028000011531023,2023-10-13 14:07:00,Charlie Davis,5805028000010036314,Outbound,5.0,Attended Dialled,Completed,0.0,False
5805028000028407833,2024-01-26 17:19:00,John Doe,5805028000023517594,Outbound,808.0,Attended Dialled,Completed,0.0,False
5805028000025014170,2024-01-09 12:14:00,Ian Miller,5805028000025058077,Outbound,0.0,Unattended Dialled,Completed,0.0,False
5805028000006351384,2023-08-31 14:55:00,Diana Evans,5805028000003669244,Outbound,8.0,Attended Dialled,Completed,0.0,False
5805028000017925390,2023-11-20 16:44:00,Jane Smith,5805028000016527001,Outbound,0.0,Unattended Dialled,Completed,0.0,False
5805028000017898434,2023-11-20 16:37:00,Kevin Parker,5805028000016003068,Outbound,57.0,Attended Dialled,Completed,0.0,False
5805028000050315507,2024-05-16 13:35:00,Amy Green,5805028000022490538,Outbound,32.0,Attended Dialled,Completed,0.0,False
5805028000021541722,2023-12-15 18:14:00,Sam Young,5805028000021439001,Outbound,67.0,Attended Dialled,Completed,0.0,False
5805028000009139355,2023-09-27 13:58:00,Jane Smith,5805028000008777419,Outbound,113.0,Attended Dialled,Completed,0.0,False
5805028000034886885,2024-02-29 10:04:00,Quincy Vincent,5805028000031354976,Outbound,7.0,Attended Dialled,Completed,0.0,False
5805028000018799386,2023-11-27 13:28:00,Julia Nelson,5805028000012761057,Outbound,460.0,Attended Dialled,Completed,0.0,False
5805028000046727132,2024-04-26 11:27:00,Paula Underwood,5805028000033288573,Outbound,22.0,Attended Dialled,Completed,0.0,False
5805028000018570878,2023-11-24 14:13:00,John Doe,5805028000003329100,Outbound,83.0,Attended Dialled,Completed,0.0,False
5805028000008658080,2023-09-22 17:14:00,Julia Nelson,5805028000003153184,Outbound,0.0,Unattended Dialled,Completed,0.0,False
5805028000026483224,2024-01-17 19:43:00,Xander Dean,5805028000026033329,Outbound,5.0,Attended Dialled,Completed,0.0,False
5805028000034672137,2024-02-27 19:24:00,Yara Edwards,5805028000033902092,Outbound,5.0,Attended Dialled,Completed,0.0,False
5805028000047733395,2024-05-02 17:26:00,Derek James,5805028000010631113,Inbound,200.0,Received,,,False
5805028000003302205,2023-07-28 12:35:00,Alice Johnson,5805028000002895607,Outbound,83.0,Attended Dialled,Completed,0.0,False
5805028000004580662,2023-08-14 10:38:00,Jane Smith,5805028000004561698,Outbound,1367.0,Attended Dialled,Completed,0.0,False
5805028000018565921,2023-11-24 17:24:00,Paula Underwood,5805028000017641723,Outbound,8.0,Attended Dialled,Completed,0.0,False
5805028000041921714,2024-04-05 13:26:00,Paula Underwood,5805028000038227640,Missed,0.0,Missed,,,False
5805028000042828482,2024-04-10 12:31:00,Ian Miller,5805028000041322049,Outbound,0.0,Unattended Dialled,Completed,0.0,False
5805028000027446337,2024-01-20 14:18:00,Paula Underwood,5805028000018523007,Outbound,113.0,Attended Dialled,Completed,0.0,False
5805028000051410082,2024-05-23 11:08:00,Cara Iverson,5805028000050287739,Outbound,2371.0,Attended Dialled,Completed,0.0,False
5805028000056704638,2024-06-20 19:24:00,Derek James,5805028000021694805,Inbound,237.0,Received,,,False
5805028000033112368,2024-02-20 20:40:00,Ben Hall,5805028000007492238,Outbound,6.0,Attended Dialled,Completed,0.0,False
5805028000050311404,2024-05-16 13:09:00,Quincy Vincent,5805028000029151008,Outbound,434.0,Attended Dialled,Completed,0.0,False
5805028000014103042,2023-10-27 16:58:00,Charlie Davis,5805028000014077034,Outbound,1778.0,Attended Dialled,Completed,0.0,False
5805028000013835137,2023-10-26 12:38:00,Julia Nelson,5805028000013654209,Outbound,5.0,Attended Dialled,Completed,0.0,False
5805028000050549727,2024-05-18 14:25:00,Charlie Davis,5805028000026410069,Outbound,318.0,Attended Dialled,Completed,0.0,False
5805028000043470395,2024-04-12 12:52:00,Kevin Parker,5805028000039653600,Outbound,5.0,Attended Dialled,Completed,0.0,False
5805028000041504051,2024-04-03 17:17:00,Julia Nelson,5805028000039887752,Outbound,5.0,Attended Dialled,Completed,0.0,False
5805028000004498113,2023-08-11 10:22:00,Diana Evans,5805028000003954013,Outbound,7.0,Attended Dialled,Completed,0.0,False
5805028000051532073,2024-05-23 16:48:00,Derek James,5805028000004323001,Outbound,302.0,Attended Dialled,Completed,0.0,False
5805028000019397028,2023-12-01 10:01:00,Kevin Parker,5805028000018408794,Outbound,14.0,Attended Dialled,Completed,0.0,False
5805028000037703243,2024-03-15 12:57:00,Ulysses Adams,5805028000022524164,Outbound,0.0,Unattended Dialled,Completed,0.0,False
5805028000040066097,2024-03-27 14:43:00,Ulysses Adams,5805028000036004356,Outbound,144.0,Attended Dialled,Completed,0.0,False
5805028000049929213,2024-05-14 15:24:00,Charlie Davis,5805028000047033001,Outbound,0.0,Unattended Dialled,Completed,0.0,False
5805028000014478452,2023-10-31 11:01:00,Ian Miller,5805028000004860084,Outbound,0.0,Unattended Dialled,Completed,0.0,False
5805028000053276958,2024-06-04 11:14:00,Amy Green,5805028000053244467,Outbound,369.0,Attended Dialled,Completed,0.0,False
5805028000010968151,2023-10-11 11:17:00,Julia Nelson,5805028000008982290,Outbound,7.0,Attended Dialled,Completed,0.0,False
5805028000025521091,2024-01-11 12:06:00,Ulysses Adams,5805028000021261799,Outbound,5.0,Attended Dialled,Completed,0.0,False
5805028000053963126,2024-06-07 16:17:00,Yara Edwards,5805028000053570465,Outbound,9.0,Attended Dialled,Completed,0.0,False
5805028000055096239,2024-06-13 18:12:00,Cara Iverson,5805028000047472979,Outbound,5.0,Attended Dialled,Completed,0.0,False
5805028000002820013,2023-07-21 14:43:00,Alice Johnson,5805028000002771017,Outbound,0.0,Unattended Dialled,Completed,0.0,False
5805028000013257732,2023-10-24 11:52:00,Ian Miller,5805028000012327276,Outbound,39.0,Attended Dialled,Completed,0.0,False
5805028000051147583,2024-05-22 19:40:00,Yara Edwards,5805028000005853351,Outbound,6.0,Attended Dialled,Completed,0.0,False
5805028000037521366,2024-03-14 18:14:00,Julia Nelson,5805028000024502945,Outbound,69.0,Attended Dialled,Completed,0.0,False
5805028000016832102,2023-11-14 14:41:00,Julia Nelson,5805028000014989229,Outbound,3.0,Attended Dialled,Completed,0.0,False
5805028000022675352,2023-12-22 14:36:00,John Doe,5805028000015996001,Outbound,200.0,Attended Dialled,Completed,0.0,False
5805028000032773558,2024-02-19 13:52:00,John Doe,5805028000027751732,Missed,0.0,Missed,,,False
5805028000042833639,2024-04-10 14:19:00,Victor Barnes,5805028000022636021,Outbound,0.0,Unattended Dialled,Completed,0.0,False
5805028000008680316,2023-09-23 15:12:00,George King,5805028000008667295,Outbound,7.0,Attended Dialled,Completed,0.0,False
5805028000003571068,2023-08-01 14:22:00,Diana Evans,5805028000003014152,Outbound,7.0,Attended Dialled,Completed,0.0,False
5805028000045053364,2024-04-19 11:50:00,Ulysses Adams,5805028000043119698,Outbound,472.0,Attended Dialled,Completed,0.0,False
5805028000007413207,2023-09-13 13:53:00,Hannah Lee,5805028000003709107,Outbound,10.0,Attended Dialled,Completed,0.0,False
5805028000049558219,2024-05-12 14:30:00,Yara Edwards,5805028000049545159,Outbound,0.0,Unattended Dialled,Completed,0.0,False
5805028000046812540,2024-04-27 10:02:00,Amy Green,5805028000046830478,Outbound,337.0,Attended Dialled,Completed,0.0,False
5805028000022165361,2023-12-19 17:23:00,Julia Nelson,5805028000014077165,Outbound,939.0,Attended Dialled,Completed,0.0,False
5805028000052183785,2024-05-28 18:22:00,Quincy Vincent,5805028000046316830,Outbound,229.0,Attended Dialled,Completed,0.0,False
5805028000033863706,2024-02-24 18:37:00,Yara Edwards,5805028000007089425,Inbound,24.0,Received,,,False
5805028000039753261,2024-03-26 13:10:00,Paula Underwood,5805028000039378195,Outbound,6.0,Attended Dialled,Completed,0.0,False
5805028000051671083,2024-05-24 14:29:00,Victor Barnes,5805028000020642076,Outbound,0.0,Unattended Dialled,Completed,0.0,False
5805028000031515224,2024-02-12 16:49:00,John Doe,5805028000004606101,Outbound,205.0,Attended Dialled,Completed,0.0,False
5805028000016486001,2023-11-10 19:20:00,Jane Smith,5805028000010413526,Outbound,0.0,Unattended Dialled,Completed,0.0,False
5805028000006015141,2023-08-28 18:50:00,Diana Evans,5805028000003473428,Outbound,363.0,Attended Dialled,Completed,0.0,False
5805028000043798689,2024-04-14 16:50:00,Quincy Vincent,5805028000043261052,Outbound,368.0,Attended Dialled,Completed,0.0,False
5805028000037113138,2024-03-12 17:51:00,Quincy Vincent,5805028000031354796,Outbound,7.0,Attended Dialled,Completed,0.0,False
5805028000041750495,2024-04-04 16:44:00,Cara Iverson,5805028000039806199,Outbound,4.0,Attended Dialled,Completed,0.0,False
5805028000024896369,2024-01-08 18:18:00,Wendy Clark,5805028000004149080,Outbound,7.0,Attended Dialled,Completed,0.0,False
5805028000010952075,2023-10-11 10:30:00,Julia Nelson,5805028000009657109,Outbound,0.0,Unattended Dialled,Completed,0.0,False
5805028000007757001,2023-09-14 18:17:00,Jane Smith,5805028000004747367,Outbound,14.0,Attended Dialled,Completed,0.0,False
5805028000041783015,2024-04-04 12:00:00,Ben Hall,5805028000030468523,Outbound,118.0,Attended Dialled,Completed,0.0,False
5805028000018994250,2023-11-28 15:26:00,Ian Miller,5805028000017654519,Outbound,6.0,Attended Dialled,Completed,0.0,False
5805028000009227356,2023-09-28 14:50:00,George King,5805028000008757987,Outbound,110.0,Attended Dialled,Completed,0.0,False
5805028000022686412,2023-12-22 14:44:00,Rachel White,5805028000022682403,Outbound,421.0,Attended Dialled,Completed,0.0,False
5805028000052007324,2024-05-27 15:59:00,Paula Underwood,5805028000031791151,Outbound,6.0,Attended Dialled,Completed,0.0,False
5805028000051108037,2024-05-21 17:40:00,Quincy Vincent,5805028000043007272,Outbound,238.0,Attended Dialled,Completed,0.0,False
5805028000049558845,2024-05-13 11:15:00,Derek James,5805028000005268612,Outbound,638.0,Attended Dialled,Completed,0.0,False
5805028000021670328,2023-12-16 16:50:00,Diana Evans,5805028000021261799,Outbound,31.0,Attended Dialled,Completed,0.0,False
5805028000006359115,2023-08-31 14:48:00,Jane Smith,5805028000003709107,Outbound,78.0,Attended Dialled,Completed,0.0,False
5805028000049178325,2024-05-10 11:17:00,Ian Miller,5805028000037052004,Inbound,84.0,Received,,,False
5805028000011648340,2023-10-14 13:21:00,Charlie Davis,5805028000011610290,Outbound,659.0,Attended Dialled,Completed,0.0,False
5805028000042665028,2024-04-09 12:15:00,Kevin Parker,5805028000037913468,Outbound,163.0,Attended Dialled,Completed,0.0,False
5805028000027530144,2024-01-21 10:58:00,Julia Nelson,5805028000012761057,Outbound,197.0,Attended Dialled,Completed,0.0,False
5805028000015019122,2023-11-02 13:43:00,Kevin Parker,5805028000009129024,Outbound,116.0,Attended Dialled,Completed,0.0,False
5805028000046951338,2024-04-27 17:46:00,Amy Green,5805028000007769046,Outbound,14.0,Attended Dialled,Completed,0.0,False
5805028000053249178,2024-06-03 18:56:00,Julia Nelson,5805028000053262200,Outbound,0.0,Unattended Dialled,Completed,0.0,False
5805028000034011346,2024-02-25 18:15:00,Julia Nelson,5805028000014092677,Outbound,44.0,Attended Dialled,Completed,0.0,False
5805028000030384001,2024-02-06 15:36:00,Yara Edwards,5805028000030280370,Outbound,5.0,Attended Dialled,Completed,0.0,False
5805028000030079417,2024-02-04 15:25:00,Yara Edwards,5805028000005854301,Outbound,4.0,Attended Dialled,Completed,0.0,False
5805028000027892384,2024-01-23 15:21:00,Yara Edwards,5805028000026749132,Inbound,334.0,Received,,,False
5805028000031660003,2024-02-13 09:35:00,Ulysses Adams,5805028000031509418,Inbound,1817.0,Received,,,False
5805028000019770258,2023-12-05 18:00:00,Diana Evans,5805028000018821259,Outbound,0.0,Unattended Dialled,Completed,0.0,False
5805028000045066514,2024-04-19 12:33:00,Ben Hall,5805028000043982097,Outbound,0.0,Unattended Dialled,Completed,0.0,False
5805028000044042756,2024-04-16 15:56:00,Ulysses Adams,5805028000043444319,Outbound,188.0,Attended Dialled,Completed,0.0,False
5805028000037752179,2024-03-15 13:46:00,Ian Miller,5805028000037505658,Outbound,0.0,Unattended Dialled,Completed,0.0,False
5805028000011620147,2023-10-13 18:43:00,Fiona Jackson,5805028000009580061,Missed,0.0,Missed,,,False
5805028000025065162,2024-01-09 10:51:00,Julia Nelson,5805028000021923364,Outbound,6.0,Attended Dialled,Completed,0.0,False
5805028000015210301,2023-11-03 17:17:00,Julia Nelson,5805028000014989229,Outbound,1584.0,Attended Dialled,Completed,0.0,False
5805028000032083336,2024-02-15 14:01:00,Kevin Parker,5805028000026136977,Outbound,242.0,Attended Dialled,Completed,0.0,False
5805028000019916072,2023-12-06 15:23:00,Ian Miller,5805028000019725662,Outbound,454.0,Attended Dialled,Completed,0.0,False
5805028000032505579,2024-02-17 12:56:00,John Doe,5805028000027057061,Outbound,5.0,Attended Dialled,Completed,0.0,False
5805028000031050335,2024-02-09 14:11:00,Victor Barnes,5805028000030660098,Outbound,499.0,Attended Dialled,Completed,0.0,False
5805028000028014065,2024-01-23 18:21:00,Quincy Vincent,5805028000021906609,Outbound,4.0,Attended Dialled,Completed,0.0,False
5805028000023277354,2023-12-27 16:47:00,Ian Miller,5805028000023303340,Outbound,6.0,Attended Dialled,Completed,0.0,False
5805028000046154264,2024-04-24 14:36:00,Derek James,5805028000037293210,Outbound,137.0,Attended Dialled,Completed,0.0,False
5805028000030443143,2024-02-06 19:56:00,Yara Edwards,5805028000028302322,Outbound,6.0,Attended Dialled,Completed,0.0,False
5805028000042941201,2024-04-10 17:14:00,Victor Barnes,5805028000033674083,Outbound,42.0,Attended Dialled,Completed,0.0,False
5805028000018602057,2023-11-23 16:47:00,John Doe,5805028000016119178,Outbound,6.0,Attended Dialled,Completed,0.0,False
5805028000034167002,2024-02-26 11:52:00,Kevin Parker,5805028000025977898,Outbound,231.0,Attended Dialled,Completed,0.0,False
5805028000014293306,2023-10-30 13:09:00,John Doe,5805028000008982290,Outbound,188.0,Attended Dialled,Completed,0.0,False
5805028000038388085,2024-03-19 15:06:00,Cara Iverson,5805028000037505658,Outbound,0.0,Unattended Dialled,Completed,0.0,False
5805028000005185682,2023-08-20 13:54:00,Ethan Harris,5805028000003698004,Outbound,76.0,Attended Dialled,Completed,0.0,False
5805028000028034735,2024-01-24 14:19:00,Charlie Davis,5805028000028002386,Outbound,3127.0,Attended Dialled,Completed,0.0,False
5805028000032968180,2024-02-20 11:38:00,John Doe,5805028000023508030,Outbound,756.0,Attended Dialled,Completed,0.0,False
5805028000049444594,2024-05-11 12:32:00,Paula Underwood,5805028000049200292,Outbound,1300.0,Attended Dialled,Completed,0.0,False
5805028000041053434,2024-04-02 12:18:00,Kevin Parker,5805028000030831549,Outbound,216.0,Attended Dialled,Completed,0.0,False
5805028000042698318,2024-04-09 14:32:00,Kevin Parker,5805028000040954179,Inbound,155.0,Received,,,False
5805028000045068004,2024-04-19 08:51:00,John Doe,5805028000040258511,Missed,0.0,Missed,,,False
5805028000013393033,2023-10-24 14:48:00,Jane Smith,5805028000012259131,Inbound,253.0,Received,,,False
5805028000014793167,2023-11-01 16:52:00,Mason Roberts,5805028000014083595,Outbound,768.0,Attended Dialled,Completed,0.0,False
5805028000034879612,2024-02-29 13:02:00,Ben Hall,5805028000034928592,Outbound,57.0,Attended Dialled,Completed,0.0,False
5805028000021676986,2023-12-17 17:16:00,Diana Evans,5805028000021261799,Outbound,591.0,Attended Dialled,Completed,0.0,False
5805028000025278419,2024-01-10 14:56:00,Ulysses Adams,5805028000024883668,Outbound,0.0,Unattended Dialled,Completed,0.0,False
5805028000047762004,2024-05-02 17:03:00,John Doe,5805028000017921187,Missed,0.0,Missed,,,False
5805028000036362410,2024-03-09 14:05:00,Yara Edwards,5805028000036365313,Outbound,397.0,Attended Dialled,Completed,0.0,False
5805028000031098022,2024-02-09 10:04:00,Yara Edwards,5805028000030980435,Outbound,216.0,Attended Dialled,Completed,0.0,False
5805028000034694751,2024-02-28 12:44:00,Ian Miller,5805028000034354085,Outbound,4.0,Attended Dialled,Completed,0.0,False
5805028000014692143,2023-11-01 09:47:00,Mason Roberts,5805028000008667295,Outbound,4.0,Attended Dialled,Completed,0.0,False
5805028000009235225,2023-09-28 12:45:00,Ian Miller,5805028000007496207,Outbound,5.0,Attended Dialled,Completed,0.0,False
5805028000019723217,2023-12-05 11:30:00,Ian Miller,5805028000019623839,Outbound,8.0,Attended Dialled,Completed,0.0,False
5805028000010594013,2023-10-09 12:58:00,Kevin Parker,5805028000010425000,Outbound,0.0,Unattended Dialled,Completed,0.0,False
5805028000025755032,2024-01-12 09:48:00,Victor Barnes,5805028000024772001,Outbound,189.0,Attended Dialled,Completed,0.0,False
5805028000052824314,2024-05-31 14:14:00,Charlie Davis,5805028000002942557,Missed,0.0,Missed,,,False
5805028000016643322,2023-11-13 15:09:00,Jane Smith,5805028000007983009,Outbound,4.0,Attended Dialled,Completed,0.0,False
5805028000029405795,2024-02-01 11:25:00,John Doe,5805028000018811232,Outbound,5.0,Attended Dialled,Completed,0.0,False
5805028000027735001,2024-01-22 14:14:00,Ulysses Adams,5805028000005783053,Outbound,438.0,Attended Dialled,Completed,0.0,False
5805028000020322368,2023-12-08 14:33:00,John Doe,5805028000013945362,Outbound,4.0,Attended Dialled,Completed,0.0,False
5805028000050313173,2024-05-16 11:49:00,Paula Underwood,5805028000032975211,Missed,0.0,Missed,,,False
5805028000016232078,2023-11-10 10:11:00,Charlie Davis,5805028000015830046,Outbound,1380.0,Attended Dialled,Completed,0.0,False
5805028000040548892,2024-03-30 14:21:00,Paula Underwood,5805028000038977506,Outbound,8.0,Attended Dialled,Completed,0.0,False
5805028000007330018,2023-09-12 20:38:00,George King,5805028000007223158,Outbound,1047.0,Attended Dialled,Completed,0.0,False
5805028000038080552,2024-03-18 11:46:00,Paula Underwood,5805028000013061125,Outbound,154.0,Attended Dialled,Completed,0.0,False
5805028000017950334,2023-11-20 17:09:00,John Doe,5805028000004606101,Missed,0.0,Missed,,,False
5805028000019798105,2023-12-06 11:16:00,Charlie Davis,5805028000019758057,Outbound,946.0,Attended Dialled,Completed,0.0,False
5805028000056447110,2024-06-19 17:55:00,Charlie Davis,5805028000048362508,Outbound,4.0,Attended Dialled,Completed,0.0,False
5805028000021431271,2023-12-14 20:53:00,Julia Nelson,5805028000021453368,Outbound,4.0,Attended Dialled,Completed,0.0,False
5805028000012029124,2023-10-17 12:47:00,Fiona Jackson,5805028000011931130,Missed,0.0,Missed,,,False
5805028000050318252,2024-05-16 14:13:00,Kevin Parker,5805028000037925644,Outbound,5.0,Attended Dialled,Completed,0.0,False
5805028000004578875,2023-08-15 11:43:00,Jane Smith,5805028000004578657,Missed,0.0,Missed,,,False
5805028000048780191,2024-05-08 10:28:00,Ben Hall,5805028000035375294,Outbound,328.0,Attended Dialled,Completed,0.0,False
5805028000035073078,2024-02-29 12:33:00,Quincy Vincent,5805028000034906228,Outbound,3338.0,Attended Dialled,Completed,0.0,False
5805028000034230262,2024-02-26 18:18:00,Julia Nelson,5805028000034018185,Outbound,730.0,Attended Dialled,Completed,0.0,False
5805028000003547217,2023-08-02 12:28:00,Jane Smith,5805028000003014152,Outbound,5.0,Attended Dialled,Completed,0.0,False
5805028000023872097,2023-12-30 12:22:00,Paula Underwood,5805028000023544260,Outbound,80.0,Attended Dialled,Completed,0.0,False
5805028000013135807,2023-10-23 11:59:00,John Doe,5805028000008246089,Missed,0.0,Missed,,,False
5805028000034491211,2024-02-27 11:14:00,Julia Nelson,5805028000013860278,Outbound,5.0,Attended Dialled,Completed,0.0,False
5805028000032760404,2024-02-19 12:03:00,John Doe,5805028000028545340,Outbound,34.0,Attended Dialled,Completed,0.0,False
5805028000028159703,2024-01-25 12:54:00,Paula Underwood,5805028000025850763,Missed,0.0,Missed,,,False
5805028000039928986,2024-03-27 15:06:00,Yara Edwards,5805028000039933769,Outbound,68.0,Attended Dialled,Completed,0.0,False
5805028000009230444,2023-09-28 14:25:00,Fiona Jackson,5805028000008967163,Missed,0.0,Missed,,,False
5805028000047723788,2024-05-02 16:47:00,Paula Underwood,5805028000046843156,Outbound,568.0,Attended Dialled,Completed,0.0,False
5805028000045053415,2024-04-19 12:35:00,Paula Underwood,5805028000028006930,Outbound,1012.0,Attended Dialled,Completed,0.0,False
5805028000005178146,2023-08-19 10:06:00,Diana Evans,5805028000003329100,Missed,0.0,Missed,,,False
5805028000004994077,2023-08-17 17:33:00,Diana Evans,5805028000004092445,Inbound,55.0,Received,,,False
5805028000004572061,2023-08-11 17:15:00,Charlie Davis,5805028000001348174,Outbound,1.0,Attended Dialled,Completed,0.0,False
5805028000007392321,2023-09-13 14:39:00,Hannah Lee,5805028000004747367,Outbound,182.0,Attended Dialled,Completed,0.0,False
5805028000018580233,2023-11-23 17:38:00,Julia Nelson,5805028000015207618,Inbound,87.0,Received,,,False
5805028000056690131,2024-06-20 13:10:00,Ian Miller,5805028000017523370,Outbound,62.0,Attended Dialled,Completed,0.0,False
5805028000051110345,2024-05-22 11:25:00,Ulysses Adams,5805028000006638037,Outbound,4.0,Attended Dialled,Completed,0.0,False
5805028000033435021,2024-02-22 11:40:00,Paula Underwood,5805028000025424014,Outbound,8.0,Attended Dialled,Completed,0.0,False
5805028000028770348,2024-01-29 17:56:00,Amy Green,5805028000005268612,Inbound,351.0,Received,,,False
5805028000036727034,2024-03-11 12:36:00,Victor Barnes,5805028000035471762,Outbound,336.0,Attended Dialled,Completed,0.0,False
5805028000046846805,2024-04-27 11:11:00,Ben Hall,5805028000039766172,Outbound,0.0,Unattended Dialled,Completed,0.0,False
5805028000021594510,2023-12-15 15:32:00,Rachel White,5805028000001799001,Outbound,6.0,Attended Dialled,Completed,0.0,False
5805028000016966504,2023-11-15 11:19:00,Jane Smith,5805028000016008008,Outbound,178.0,Attended Dialled,Completed,0.0,False
5805028000025823165,2024-01-12 15:20:00,Ulysses Adams,5805028000017729755,Outbound,5.0,Attended Dialled,Completed,0.0,False
5805028000006361030,2023-08-30 17:31:00,Charlie Davis,5805028000004581934,Missed,0.0,Missed,,,False
5805028000039390899,2024-03-23 10:19:00,Paula Underwood,5805028000038977506,Outbound,5.0,Attended Dialled,Completed,0.0,False
5805028000043861943,2024-04-15 18:28:00,Ulysses Adams,5805028000043119698,Outbound,2818.0,Attended Dialled,Completed,0.0,False
5805028000039891655,2024-03-27 10:36:00,Paula Underwood,5805028000013061125,Missed,0.0,Missed,,,False
5805028000050979029,2024-05-21 11:05:00,Ulysses Adams,5805028000026130607,Outbound,126.0,Attended Dialled,Completed,0.0,False
5805028000009133491,2023-09-27 13:15:00,Diana Evans,5805028000008970555,Outbound,1389.0,Attended Dialled,Completed,0.0,False
5805028000037051108,2024-03-12 14:36:00,Kevin Parker,5805028000034018185,Outbound,414.0,Attended Dialled,Completed,0.0,False
5805028000021541734,2023-12-15 18:16:00,Sam Young,5805028000021439001,Outbound,16.0,Attended Dialled,Completed,0.0,False
5805028000030391369,2024-02-06 17:53:00,John Doe,5805028000011913024,Outbound,75.0,Attended Dialled,Completed,0.0,False
5805028000053659780,2024-06-06 14:20:00,Kevin Parker,5805028000043450632,Missed,0.0,Missed,,,False
5805028000016002003,2023-11-08 17:33:00,Julia Nelson,5805028000010410365,Missed,0.0,Missed,,,False
5805028000006853487,2023-09-07 09:14:00,Jane Smith,5805028000001880249,Missed,0.0,Missed,,,False
5805028000011394001,2023-10-12 19:36:00,John Doe,5805028000004581934,Missed,0.0,Missed,,,False
5805028000040430098,2024-03-29 17:10:00,Cara Iverson,5805028000040122396,Outbound,0.0,Unattended Dialled,Completed,0.0,False
5805028000039412583,2024-03-23 10:09:00,Yara Edwards,5805028000039390573,Outbound,572.0,Attended Dialled,Completed,0.0,False
5805028000035174061,2024-02-29 18:02:00,Julia Nelson,5805028000034033503,Outbound,5.0,Attended Dialled,Completed,0.0,False
5805028000022497338,2023-12-21 15:19:00,Paula Underwood,5805028000018771096,Outbound,157.0,Attended Dialled,Completed,0.0,False
5805028000053709404,2024-06-06 11:46:00,Ben Hall,5805028000052813356,Outbound,3.0,Attended Dialled,Completed,0.0,False
5805028000050162030,2024-05-15 18:45:00,Ulysses Adams,5805028000005285611,Outbound,6.0,Attended Dialled,Completed,0.0,False
5805028000050301463,2024-05-16 14:09:00,Ulysses Adams,5805028000038221585,Outbound,6.0,Attended Dialled,Completed,0.0,False
5805028000055831447,2024-06-17 14:19:00,Ben Hall,5805028000055503302,Outbound,248.0,Attended Dialled,Completed,0.0,False
5805028000049928241,2024-05-14 14:27:00,Kevin Parker,5805028000011088133,Outbound,5.0,Attended Dialled,Completed,0.0,False
5805028000056849447,2024-06-21 14:50:00,Kevin Parker,5805028000022017201,Outbound,5.0,Attended Dialled,Completed,0.0,False
5805028000047521125,2024-04-30 15:22:00,Cara Iverson,5805028000045962541,Outbound,17.0,Attended Dialled,Completed,0.0,False
5805028000008698090,2023-09-22 18:52:00,Julia Nelson,5805028000003153184,Outbound,0.0,Unattended Dialled,Completed,0.0,False
5805028000009095051,2023-09-26 17:07:00,George King,5805028000007223158,Missed,0.0,Missed,,,False
5805028000026235814,2024-01-16 13:21:00,Kevin Parker,5805028000013957186,Outbound,6.0,Attended Dialled,Completed,0.0,False
5805028000041760149,2024-04-04 12:48:00,Ulysses Adams,5805028000026041053,Outbound,893.0,Attended Dialled,Completed,0.0,False
5805028000034687455,2024-02-28 12:46:00,Ian Miller,5805028000034354085,Outbound,22.0,Attended Dialled,Completed,0.0,False
5805028000022630110,2023-12-21 18:49:00,Quincy Vincent,5805028000022192042,Outbound,9.0,Attended Dialled,Completed,0.0,False
5805028000035548647,2024-03-05 12:06:00,Yara Edwards,5805028000024502945,Outbound,4.0,Attended Dialled,Completed,0.0,False
5805028000006368282,2023-08-31 15:39:00,John Doe,5805028000006016001,Outbound,14.0,Attended Dialled,Completed,0.0,False
5805028000028586944,2024-01-29 09:10:00,John Doe,5805028000019118185,Missed,0.0,Missed,,,False
5805028000045982074,2024-04-23 18:28:00,Charlie Davis,5805028000043617411,Outbound,1192.0,Attended Dialled,Completed,0.0,False
5805028000019307063,2023-11-30 16:37:00,Julia Nelson,5805028000019150072,Outbound,4.0,Attended Dialled,Completed,0.0,False
5805028000028606404,2024-01-29 10:21:00,John Doe,5805028000013654209,Outbound,332.0,Attended Dialled,Completed,0.0,False
5805028000021415097,2023-12-14 15:49:00,Sam Young,5805028000021263687,Outbound,6368.0,Attended Dialled,Completed,0.0,False
5805028000051542085,2024-05-23 17:02:00,Ulysses Adams,5805028000028142600,Outbound,204.0,Attended Dialled,Completed,0.0,False
5805028000032108614,2024-02-15 16:17:00,John Doe,5805028000021062552,Outbound,34.0,Attended Dialled,Completed,0.0,False
5805028000026336211,2024-01-17 10:18:00,Ulysses Adams,5805028000026304488,Outbound,1625.0,Attended Dialled,Completed,0.0,False
5805028000007863850,2023-09-16 13:00:00,Jane Smith,5805028000007769046,Missed,0.0,Missed,,,False
5805028000037971131,2024-03-16 10:52:00,Ben Hall,5805028000029130156,Outbound,6.0,Attended Dialled,Completed,0.0,False
5805028000034034141,2024-02-25 11:25:00,Yara Edwards,5805028000033864962,Missed,0.0,Missed,,,False
5805028000027755137,2024-01-22 16:12:00,Quincy Vincent,5805028000025986282,Outbound,11.0,Attended Dialled,Completed,0.0,False
5805028000043136541,2024-04-11 12:10:00,Victor Barnes,5805028000042108209,Outbound,32.0,Attended Dialled,Completed,0.0,False
5805028000016359001,2023-11-10 12:35:00,Charlie Davis,5805028000014491145,Outbound,5.0,Attended Dialled,Completed,0.0,False
5805028000004088331,2023-08-08 11:56:00,Diana Evans,5805028000003695181,Outbound,0.0,Unattended Dialled,Completed,0.0,False
5805028000003961578,2023-08-06 17:43:00,Charlie Davis,5805028000003961526,Outbound,550.0,Attended Dialled,Completed,0.0,False
5805028000037129300,2024-03-12 19:07:00,Amy Green,5805028000037090087,Outbound,16.0,Attended Dialled,Completed,0.0,False
5805028000046542263,2024-04-25 19:00:00,Amy Green,5805028000045962827,Outbound,0.0,Unattended Dialled,Completed,0.0,False
5805028000039295339,2024-03-22 12:03:00,Ulysses Adams,5805028000038221585,Outbound,1247.0,Attended Dialled,Completed,0.0,False
5805028000038741816,2024-03-20 15:57:00,Ulysses Adams,5805028000031509418,Outbound,4.0,Attended Dialled,Completed,0.0,False
5805028000047847111,2024-05-03 11:03:00,Derek James,5805028000038228682,Outbound,25.0,Attended Dialled,Completed,0.0,False
5805028000050311692,2024-05-16 16:40:00,Derek James,5805028000016929226,Outbound,363.0,Attended Dialled,Completed,0.0,False
5805028000007836598,2023-09-16 14:28:00,Jane Smith,5805028000007087462,Outbound,0.0,Unattended Dialled,Completed,0.0,False
5805028000028770288,2024-01-29 16:49:00,Quincy Vincent,5805028000019629158,Outbound,56.0,Attended Dialled,Completed,0.0,False
5805028000014471250,2023-10-31 11:15:00,Charlie Davis,5805028000014491145,Outbound,5.0,Attended Dialled,Completed,0.0,False
5805028000054282627,2024-06-10 19:43:00,Quincy Vincent,5805028000045972613,Outbound,4.0,Attended Dialled,Completed,0.0,False
5805028000040874081,2024-04-01 17:10:00,Victor Barnes,5805028000038223148,Outbound,38.0,Attended Dialled,Completed,0.0,False
5805028000009821426,2023-10-03 13:50:00,Charlie Davis,5805028000009566384,Outbound,6.0,Attended Dialled,Completed,0.0,False
5805028000050025197,2024-05-14 18:08:00,Derek James,5805028000037052004,Outbound,2319.0,Attended Dialled,Completed,0.0,False
5805028000008790375,2023-09-24 11:02:00,Diana Evans,5805028000008016116,Outbound,4.0,Attended Dialled,Completed,0.0,False
5805028000020159138,2023-12-07 14:59:00,Paula Underwood,5805028000019410072,Missed,0.0,Missed,,,False
5805028000054145471,2024-06-09 16:57:00,Quincy Vincent,5805028000053695589,Missed,0.0,Missed,,,False
5805028000039767123,2024-03-26 11:15:00,Kevin Parker,5805028000033500423,Outbound,27.0,Attended Dialled,Completed,0.0,False
5805028000048426139,2024-05-06 19:06:00,Derek James,5805028000033890322,Outbound,7.0,Attended Dialled,Completed,0.0,False
5805028000051100621,2024-05-22 17:21:00,Charlie Davis,5805028000016627883,Outbound,5.0,Attended Dialled,Completed,0.0,False
5805028000009906092,2023-10-03 19:10:00,Charlie Davis,5805028000007570001,Outbound,22.0,Attended Dialled,Completed,0.0,False
5805028000009232189,2023-09-28 11:09:00,Ian Miller,5805028000007086588,Outbound,79.0,Attended Dialled,Completed,0.0,False
5805028000008968505,2023-09-26 13:25:00,Ian Miller,5805028000008689210,Outbound,0.0,Unattended Dialled,Completed,0.0,False
5805028000045824027,2024-04-23 13:17:00,Ben Hall,5805028000037097355,Outbound,68.0,Attended Dialled,Completed,0.0,False
5805028000049196674,2024-05-10 15:30:00,Derek James,5805028000039363410,Outbound,179.0,Attended Dialled,Completed,0.0,False
5805028000038234658,2024-03-19 13:36:00,Yara Edwards,5805028000038227640,Outbound,27.0,Attended Dialled,Completed,0.0,False
5805028000027206419,2024-01-19 19:03:00,Ulysses Adams,5805028000024883668,Outbound,52.0,Attended Dialled,Completed,0.0,False
5805028000026129613,2024-01-15 20:14:00,Victor Barnes,5805028000023181003,Outbound,74.0,Attended Dialled,Completed,0.0,False
5805028000041760329,2024-04-04 15:03:00,Kevin Parker,5805028000033864962,Outbound,6.0,Attended Dialled,Completed,0.0,False
5805028000040102209,2024-03-27 17:23:00,Yara Edwards,5805028000040093251,Outbound,387.0,Attended Dialled,Completed,0.0,False
5805028000051427272,2024-05-23 14:39:00,Nina Scott,5805028000003954013,Outbound,5.0,Attended Dialled,Completed,0.0,False
5805028000021257847,2023-12-14 14:31:00,Charlie Davis,5805028000021204145,Missed,0.0,Missed,,,False
5805028000045961263,2024-04-23 18:58:00,Julia Nelson,5805028000044668979,Outbound,35.0,Attended Dialled,Completed,0.0,False
5805028000055617392,2024-06-16 18:38:00,Cara Iverson,5805028000019420803,Outbound,5.0,Attended Dialled,Completed,0.0,False
5805028000030443973,2024-02-07 15:00:00,Julia Nelson,5805028000030169494,Outbound,5.0,Attended Dialled,Completed,0.0,False
5805028000029558182,2024-02-01 14:38:00,Kevin Parker,5805028000027892213,Outbound,536.0,Attended Dialled,Completed,0.0,False
5805028000054285642,2024-06-10 16:32:00,Ian Miller,5805028000054318001,Outbound,6.0,Attended Dialled,Completed,0.0,False
5805028000040475213,2024-03-29 17:24:00,Paula Underwood,5805028000039363410,Outbound,99.0,Attended Dialled,Completed,0.0,False
5805028000007253352,2023-09-12 14:46:00,Charlie Davis,5805028000004488175,Outbound,3.0,Attended Dialled,Completed,0.0,False
5805028000010409973,2023-10-08 21:34:00,Jane Smith,5805028000010414707,Missed,0.0,Missed,,,False
5805028000040016247,2024-03-27 10:45:00,Ian Miller,5805028000039885499,Outbound,1131.0,Attended Dialled,Completed,0.0,False
5805028000021236984,2023-12-14 13:23:00,Diana Evans,5805028000006809252,Inbound,211.0,Received,,,False
5805028000027886403,2024-01-23 14:08:00,Paula Underwood,5805028000025297476,Outbound,0.0,Unattended Dialled,Completed,0.0,False
5805028000003428189,2023-07-29 16:27:00,Alice Johnson,5805028000003449250,Outbound,4.0,Attended Dialled,Completed,0.0,False
5805028000013391082,2023-10-24 14:04:00,Ian Miller,5805028000008496063,Outbound,81.0,Attended Dialled,Completed,0.0,False
5805028000040342038,2024-03-28 17:26:00,Amy Green,5805028000039887501,Outbound,14.0,Attended Dialled,Completed,0.0,False
5805028000043884101,2024-04-15 13:20:00,Derek James,5805028000017915511,Outbound,727.0,Attended Dialled,Completed,0.0,False
5805028000031956122,2024-02-14 16:33:00,Yara Edwards,5805028000017705460,Outbound,5.0,Attended Dialled,Completed,0.0,False
5805028000015906384,2023-11-08 11:54:00,Kevin Parker,5805028000015906242,Outbound,29.0,Attended Dialled,Completed,0.0,False
5805028000040248419,2024-03-28 12:48:00,Ulysses Adams,5805028000025589408,Outbound,1279.0,Attended Dialled,Completed,0.0,False
5805028000021571341,2023-12-15 15:33:00,Rachel White,5805028000001799001,Outbound,4.0,Attended Dialled,Completed,0.0,False
5805028000045184729,2024-04-20 17:20:00,Ulysses Adams,5805028000034058586,Outbound,107.0,Attended Dialled,Completed,0.0,False
5805028000043589447,2024-04-12 20:37:00,Victor Barnes,5805028000020771658,Outbound,32.0,Attended Dialled,Completed,0.0,False
5805028000015861503,2023-11-08 16:30:00,Mason Roberts,5805028000014083595,Outbound,4.0,Attended Dialled,Completed,0.0,False
5805028000016955620,2023-11-15 12:08:00,John Doe,5805028000003923336,Outbound,6.0,Attended Dialled,Completed,0.0,False
5805028000007522164,2023-09-13 17:39:00,Hannah Lee,5805028000003456878,Outbound,176.0,Attended Dialled,Completed,0.0,False
5805028000007836063,2023-09-15 12:35:00,George King,5805028000006620232,Outbound,19.0,Attended Dialled,Completed,0.0,False
5805028000002920143,2023-07-22 16:12:00,Alice Johnson,5805028000002294737,Outbound,20.0,Attended Dialled,Completed,0.0,False
5805028000027903367,2024-01-23 15:25:00,John Doe,5805028000017918386,Outbound,221.0,Attended Dialled,Completed,0.0,False
5805028000053127658,2024-06-03 08:12:00,John Doe,5805028000052167295,Missed,0.0,Missed,,,False
5805028000031069189,2024-02-09 14:10:00,John Doe,5805028000014077034,Outbound,900.0,Attended Dialled,Completed,0.0,False
5805028000050116435,2024-05-15 15:52:00,Kevin Parker,5805028000029269362,Outbound,53.0,Attended Dialled,Completed,0.0,False
5805028000017930416,2023-11-20 16:08:00,John Doe,5805028000008496063,Outbound,1435.0,Attended Dialled,Completed,0.0,False
5805028000028593580,2024-01-28 18:04:00,Yara Edwards,5805028000003298106,Outbound,15.0,Attended Dialled,Completed,0.0,False
5805028000035804313,2024-03-06 11:47:00,John Doe,5805028000029239515,Inbound,141.0,Received,,,False
5805028000043459650,2024-04-12 15:33:00,Kevin Parker,5805028000042461074,Outbound,60.0,Attended Dialled,Completed,0.0,False
5805028000026234562,2024-01-16 13:07:00,Kevin Parker,5805028000014500034,Outbound,287.0,Attended Dialled,Completed,0.0,False
5805028000038742701,2024-03-20 15:35:00,John Doe,5805028000037093459,Outbound,5.0,Attended Dialled,Completed,0.0,False
5805028000042480216,2024-04-08 15:34:00,Ian Miller,5805028000008092369,Outbound,95.0,Attended Dialled,Completed,0.0,False
5805028000034009499,2024-02-25 18:14:00,Yara Edwards,5805028000033874269,Outbound,37.0,Attended Dialled,Completed,0.0,False
5805028000038234488,2024-03-19 12:09:00,Yara Edwards,5805028000038227408,Outbound,5.0,Attended Dialled,Completed,0.0,False
5805028000050461092,2024-05-17 14:37:00,Kevin Parker,5805028000022673119,Outbound,106.0,Attended Dialled,Completed,0.0,False
5805028000034905702,2024-02-29 11:43:00,Nina Scott,5805028000033422012,Outbound,4.0,Attended Dialled,Completed,0.0,False
5805028000051420077,2024-05-23 12:03:00,Ulysses Adams,5805028000035088015,Outbound,0.0,Unattended Dialled,Completed,0.0,False
5805028000006080039,2023-08-29 14:07:00,Diana Evans,5805028000006093001,Outbound,1939.0,Attended Dialled,Completed,0.0,False
5805028000023512378,2023-12-28 15:39:00,John Doe,5805028000023508030,Outbound,154.0,Attended Dialled,Completed,0.0,False
5805028000031763603,2024-02-14 10:35:00,Julia Nelson,5805028000010425000,Outbound,0.0,Unattended Dialled,Completed,0.0,False
5805028000050315392,2024-05-16 12:55:00,Charlie Davis,5805028000003957683,Outbound,54.0,Attended Dialled,Completed,0.0,False
5805028000043482407,2024-04-12 13:10:00,Charlie Davis,5805028000042454851,Outbound,5.0,Attended Dialled,Completed,0.0,False
5805028000041202179,2024-04-02 16:13:00,Cara Iverson,5805028000041169277,Outbound,479.0,Attended Dialled,Completed,0.0,False
5805028000049180711,2024-05-10 16:55:00,Ben Hall,5805028000025058077,Outbound,1685.0,Attended Dialled,Completed,0.0,False
5805028000043903252,2024-04-15 18:05:00,Kevin Parker,5805028000022490013,Missed,0.0,Missed,,,False
5805028000046003033,2024-04-23 17:39:00,Yara Edwards,5805028000011597605,Outbound,6.0,Attended Dialled,Completed,0.0,False
5805028000026366001,2024-01-17 12:14:00,Kevin Parker,5805028000016919559,Outbound,66.0,Attended Dialled,Completed,0.0,False
5805028000053691935,2024-06-06 15:42:00,Derek James,5805028000012765088,Outbound,22.0,Attended Dialled,Completed,0.0,False
5805028000031774853,2024-02-14 14:17:00,Yara Edwards,5805028000031498555,Outbound,19.0,Attended Dialled,Completed,0.0,False
5805028000002926343,2023-07-23 15:32:00,John Doe,5805028000002902161,Missed,0.0,Missed,,,False
5805028000026249620,2024-01-16 15:37:00,Kevin Parker,5805028000012165006,Outbound,32.0,Attended Dialled,Completed,0.0,False
5805028000028006898,2024-01-24 18:33:00,Paula Underwood,5805028000028019092,Outbound,0.0,Unattended Dialled,Completed,0.0,False
5805028000054281376,2024-06-10 14:57:00,Quincy Vincent,5805028000053262200,Outbound,860.0,Attended Dialled,Completed,0.0,False
5805028000015146011,2023-11-03 12:10:00,John Doe,5805028000003923336,Outbound,22.0,Attended Dialled,Completed,0.0,False
5805028000032730354,2024-02-19 11:45:00,Victor Barnes,5805028000029941080,Outbound,89.0,Attended Dialled,Completed,0.0,False
5805028000032274345,2024-02-16 11:35:00,Kevin Parker,5805028000027079035,Outbound,367.0,Attended Dialled,Completed,0.0,False
5805028000007981179,2023-09-18 13:25:00,Ian Miller,5805028000002940630,Outbound,5.0,Attended Dialled,Completed,0.0,False
5805028000044200745,2024-04-16 19:02:00,Derek James,5805028000026249044,Outbound,153.0,Attended Dialled,Completed,0.0,False
5805028000042445021,2024-04-08 13:17:00,Ulysses Adams,5805028000011757347,Outbound,5.0,Attended Dialled,Completed,0.0,False
5805028000013664002,2023-10-25 13:57:00,John Doe,5805028000009910001,Outbound,900.0,Attended Dialled,Completed,0.0,False
5805028000028642023,2024-01-29 09:11:00,Victor Barnes,5805028000008485160,Outbound,26.0,Attended Dialled,Completed,0.0,False
5805028000021242274,2023-12-13 17:33:00,Ian Miller,5805028000020311574,Outbound,0.0,Unattended Dialled,Completed,0.0,False
5805028000030144519,2024-02-05 17:11:00,Julia Nelson,5805028000010425000,Outbound,5.0,Attended Dialled,Completed,0.0,False
5805028000042693081,2024-04-09 12:48:00,Ulysses Adams,5805028000008097198,Outbound,67.0,Attended Dialled,Completed,0.0,False
5805028000039263325,2024-03-22 09:52:00,Charlie Davis,5805028000011394067,Missed,0.0,Missed,,,False
5805028000009336470,2023-09-29 14:14:00,Julia Nelson,5805028000009336049,Outbound,1742.0,Attended Dialled,Completed,0.0,False
5805028000049227637,2024-05-10 15:43:00,Paula Underwood,5805028000045320378,Outbound,59.0,Attended Dialled,Completed,0.0,False
5805028000042810615,2024-04-10 11:17:00,Nina Scott,5805028000042700966,Outbound,186.0,Attended Dialled,Completed,0.0,False
5805028000012560017,2023-10-19 13:02:00,Kevin Parker,5805028000012210030,Outbound,6.0,Attended Dialled,Completed,0.0,False
5805028000030372049,2024-02-06 16:03:00,Charlie Davis,5805028000023903349,Missed,0.0,Missed,,,False
5805028000030744114,2024-02-07 20:04:00,Yara Edwards,5805028000028540319,Outbound,6.0,Attended Dialled,Completed,0.0,False
5805028000021415249,2023-12-14 20:26:00,Diana Evans,5805028000021261280,Outbound,0.0,Unattended Dialled,Completed,0.0,False
5805028000040102398,2024-03-27 19:07:00,Julia Nelson,5805028000036628793,Outbound,685.0,Attended Dialled,Completed,0.0,False
5805028000009580464,2023-09-30 16:46:00,Diana Evans,5805028000008965420,Outbound,197.0,Attended Dialled,Completed,0.0,False
5805028000037822205,2024-03-15 15:43:00,Victor Barnes,5805028000036604489,Outbound,34.0,Attended Dialled,Completed,0.0,False
5805028000045321541,2024-04-21 15:06:00,Quincy Vincent,5805028000042832487,Outbound,5.0,Attended Dialled,Completed,0.0,False
5805028000023277225,2023-12-27 15:32:00,Ian Miller,5805028000022490538,Outbound,6.0,Attended Dialled,Completed,0.0,False
5805028000031763178,2024-02-13 18:26:00,John Doe,5805028000004841041,Inbound,130.0,Received,,,False
5805028000054761351,2024-06-12 12:53:00,Cara Iverson,5805028000054248749,Outbound,0.0,Unattended Dialled,Completed,0.0,False
5805028000049771106,2024-05-13 16:33:00,Ben Hall,5805028000049169738,Outbound,256.0,Attended Dialled,Completed,0.0,False
5805028000009208028,2023-09-27 16:37:00,John Doe,5805028000005602101,Outbound,74.0,Attended Dialled,Completed,0.0,False
5805028000040210468,2024-03-28 13:46:00,Charlie Davis,5805028000040248280,Outbound,0.0,Unattended Dialled,Completed,0.0,False
5805028000026881147,2024-01-18 17:15:00,Ulysses Adams,5805028000007964432,Outbound,5.0,Attended Dialled,Completed,0.0,False
5805028000029267382,2024-01-31 13:15:00,John Doe,5805028000011648367,Outbound,36.0,Attended Dialled,Completed,0.0,False
5805028000017475259,2023-11-17 13:01:00,Charlie Davis,5805028000013204580,Outbound,7.0,Attended Dialled,Completed,0.0,False
5805028000033296921,2024-02-22 10:15:00,Paula Underwood,5805028000005670016,Outbound,1477.0,Attended Dialled,Completed,0.0,False
5805028000037545111,2024-03-14 15:45:00,Ulysses Adams,5805028000022490013,Outbound,317.0,Attended Dialled,Completed,0.0,False
5805028000033897718,2024-02-24 18:24:00,Ben Hall,5805028000014659028,Outbound,11.0,Attended Dialled,Completed,0.0,False
5805028000011610814,2023-10-15 10:48:00,Kevin Parker,5805028000009336386,Outbound,5.0,Attended Dialled,Completed,0.0,False
5805028000017928923,2023-11-20 19:22:00,Diana Evans,5805028000017738439,Outbound,1444.0,Attended Dialled,Completed,0.0,False
5805028000043466711,2024-04-12 15:48:00,Kevin Parker,5805028000009072093,Outbound,83.0,Attended Dialled,Completed,0.0,False
5805028000043090687,2024-04-11 16:36:00,Victor Barnes,5805028000031478029,Outbound,252.0,Attended Dialled,Completed,0.0,False
5805028000049426534,2024-05-11 17:08:00,Ben Hall,5805028000040571517,Outbound,11.0,Attended Dialled,Completed,0.0,False
5805028000045052150,2024-04-19 09:08:00,Derek James,5805028000040258511,Outbound,1976.0,Attended Dialled,Completed,0.0,False
5805028000051851304,2024-05-26 11:39:00,Yara Edwards,5805028000001880503,Outbound,74.0,Attended Dialled,Completed,0.0,False
5805028000011780327,2023-10-16 13:13:00,Kevin Parker,5805028000008647458,Outbound,289.0,Attended Dialled,Completed,0.0,False
5805028000052195656,2024-05-28 17:01:00,Eva Kent,5805028000008017270,Outbound,213.0,Attended Dialled,Completed,0.0,False
5805028000018809118,2023-11-26 16:20:00,Paula Underwood,5805028000001880503,Missed,0.0,Missed,,,False
5805028000054958554,2024-06-13 09:37:00,Nina Scott,5805028000054951326,Outbound,328.0,Attended Dialled,Completed,0.0,False
5805028000047385619,2024-04-30 12:11:00,Ian Miller,5805028000047327099,Outbound,5.0,Attended Dialled,Completed,0.0,False
5805028000029572199,2024-02-01 14:35:00,Paula Underwood,5805028000028006930,Outbound,21.0,Attended Dialled,Completed,0.0,False
5805028000035790443,2024-03-06 11:01:00,Ian Miller,5805028000030851699,Outbound,252.0,Attended Dialled,Completed,0.0,False
5805028000051367410,2024-05-23 14:39:00,Derek James,5805028000037948002,Outbound,0.0,Unattended Dialled,Completed,0.0,False
5805028000009063023,2023-09-26 16:44:00,Fiona Jackson,5805028000005999144,Missed,0.0,Missed,,,False
5805028000024170444,2024-01-03 17:52:00,Julia Nelson,5805028000023339560,Outbound,31.0,Attended Dialled,Completed,0.0,False
5805028000040647134,2024-03-30 14:41:00,Yara Edwards,5805028000040549756,Outbound,122.0,Attended Dialled,Completed,0.0,False
5805028000014424064,2023-10-30 16:33:00,Diana Evans,5805028000008776639,Outbound,0.0,Unattended Dialled,Completed,0.0,False
5805028000006926172,2023-09-07 14:14:00,Jane Smith,5805028000001880249,Missed,0.0,Missed,,,False
5805028000049757107,2024-05-13 16:30:00,Ulysses Adams,5805028000045993960,Outbound,0.0,Unattended Dialled,Completed,0.0,False
5805028000027630225,2024-01-22 13:45:00,Ulysses Adams,5805028000008097198,Missed,0.0,Missed,,,False
5805028000043146240,2024-04-11 11:17:00,Nina Scott,5805028000043008308,Missed,0.0,Missed,,,False
5805028000043096579,2024-04-11 15:10:00,Amy Green,5805028000042307620,Outbound,25.0,Attended Dialled,Completed,0.0,False
5805028000029017276,2024-01-30 17:47:00,Kevin Parker,5805028000026241785,Outbound,0.0,Unattended Dialled,Completed,0.0,False
5805028000024508804,2024-01-06 17:37:00,Nina Scott,5805028000005939384,Outbound,398.0,Attended Dialled,Completed,0.0,False
5805028000008667047,2023-09-22 17:29:00,Jane Smith,5805028000007086588,Outbound,0.0,Unattended Dialled,Completed,0.0,False
5805028000051680168,2024-05-24 17:27:00,Derek James,5805028000051097449,Outbound,5.0,Attended Dialled,Completed,0.0,False
5805028000040895106,2024-04-01 17:54:00,Victor Barnes,5805028000010414180,Outbound,72.0,Attended Dialled,Completed,0.0,False
5805028000041918590,2024-04-05 10:21:00,Ulysses Adams,5805028000008092369,Inbound,197.0,Received,,,False
5805028000025017126,2024-01-09 12:29:00,Ian Miller,5805028000024532473,Outbound,169.0,Attended Dialled,Completed,0.0,False
5805028000024191407,2024-01-03 15:40:00,Charlie Davis,5805028000023903349,Outbound,187.0,Attended Dialled,Completed,0.0,False
5805028000005188689,2023-08-20 11:40:00,Ethan Harris,5805028000002719033,Outbound,5.0,Attended Dialled,Completed,0.0,False
5805028000051675550,2024-05-25 12:06:00,Charlie Davis,5805028000003943363,Outbound,1327.0,Attended Dialled,Completed,0.0,False
5805028000054128225,2024-06-09 10:59:00,Victor Barnes,5805028000042426001,Outbound,0.0,Unattended Dialled,Completed,0.0,False
5805028000019112496,2023-11-30 10:53:00,Ian Miller,5805028000018704498,Outbound,9.0,Attended Dialled,Completed,0.0,False
5805028000011734023,2023-10-15 14:19:00,Kevin Parker,5805028000011597806,Outbound,5.0,Attended Dialled,Completed,0.0,False
5805028000006835001,2023-09-05 19:09:00,Diana Evans,5805028000006638037,Outbound,5.0,Attended Dialled,Completed,0.0,False
5805028000032277421,2024-02-16 11:04:00,Julia Nelson,5805028000032277130,Outbound,1304.0,Attended Dialled,Completed,0.0,False
5805028000053180200,2024-06-03 14:04:00,Charlie Davis,5805028000037561700,Missed,0.0,Missed,,,False
5805028000006025121,2023-08-28 18:08:00,Diana Evans,5805028000006023058,Outbound,1009.0,Attended Dialled,Completed,0.0,False
5805028000004059001,2023-08-07 17:31:00,Charlie Davis,5805028000003954440,Outbound,91.0,Attended Dialled,Completed,0.0,False
5805028000009459035,2023-09-29 16:27:00,Diana Evans,5805028000006513452,Missed,0.0,Missed,,,False
5805028000033902228,2024-02-24 10:24:00,Paula Underwood,5805028000020431055,Outbound,14.0,Attended Dialled,Completed,0.0,False
5805028000012950163,2023-10-20 16:15:00,Kevin Parker,5805028000012764029,Missed,0.0,Missed,,,False
5805028000054535706,2024-06-11 18:31:00,Derek James,5805028000023888364,Outbound,153.0,Attended Dialled,Completed,0.0,False
5805028000031948001,2024-02-14 15:13:00,Amy Green,5805028000017358276,Outbound,0.0,Unattended Dialled,Completed,0.0,False
5805028000052113130,2024-05-27 19:09:00,Derek James,5805028000050136474,Outbound,60.0,Attended Dialled,Completed,0.0,False
5805028000053715615,2024-06-06 15:57:00,Paula Underwood,5805028000053370503,Outbound,13.0,Attended Dialled,Completed,0.0,False
5805028000028005051,2024-01-23 18:00:00,Quincy Vincent,5805028000026728182,Outbound,11.0,Attended Dialled,Completed,0.0,False
5805028000037728168,2024-03-15 13:07:00,Cara Iverson,5805028000020642076,Outbound,263.0,Attended Dialled,Completed,0.0,False
5805028000029260161,2024-01-31 11:20:00,Amy Green,5805028000029108336,Outbound,7.0,Attended Dialled,Completed,0.0,False
5805028000051228056,2024-05-22 16:53:00,Yara Edwards,5805028000008427055,Outbound,0.0,Unattended Dialled,Completed,0.0,False
5805028000039501989,2024-03-25 09:21:00,Nina Scott,5805028000028154757,Outbound,0.0,Unattended Dialled,Completed,0.0,False
5805028000051102765,2024-05-22 14:36:00,Paula Underwood,5805028000018822518,Outbound,43.0,Attended Dialled,Completed,0.0,False
5805028000027415985,2024-01-21 14:07:00,Victor Barnes,5805028000021705433,Outbound,171.0,Attended Dialled,Completed,0.0,False
5805028000028861141,2024-01-30 10:18:00,Amy Green,5805028000028768648,Outbound,9.0,Attended Dialled,Completed,0.0,False
5805028000009584468,2023-09-30 16:40:00,Jane Smith,5805028000009580061,Outbound,8.0,Attended Dialled,Completed,0.0,False
5805028000048353939,2024-05-06 18:49:00,Julia Nelson,5805028000036951161,Outbound,5.0,Attended Dialled,Completed,0.0,False
5805028000051233061,2024-05-22 17:17:00,Cara Iverson,5805028000001986077,Outbound,337.0,Attended Dialled,Completed,0.0,False
5805028000022773700,2023-12-23 14:12:00,Quincy Vincent,5805028000020475577,Outbound,7.0,Attended Dialled,Completed,0.0,False
5805028000053113219,2024-06-02 10:37:00,Amy Green,5805028000052976585,Outbound,372.0,Attended Dialled,Completed,0.0,False
5805028000001868061,2023-07-14 16:11:00,Alice Johnson,5805028000001404153,Outbound,8.0,Attended Dialled,Completed,0.0,False
5805028000052376763,2024-05-29 16:32:00,Charlie Davis,5805028000003957683,Outbound,1283.0,Attended Dialled,Completed,0.0,False
5805028000032120668,2024-02-15 16:37:00,Paula Underwood,5805028000007822911,Missed,0.0,Missed,,,False
5805028000039501536,2024-03-24 12:34:00,Nina Scott,5805028000039503348,Outbound,5.0,Attended Dialled,Completed,0.0,False
5805028000005837450,2023-08-26 18:35:00,John Doe,5805028000002333161,Outbound,5.0,Attended Dialled,Completed,0.0,False
5805028000043462755,2024-04-12 15:16:00,Yara Edwards,5805028000043007272,Outbound,5.0,Attended Dialled,Completed,0.0,False
5805028000021798172,2023-12-18 12:21:00,Paula Underwood,5805028000021372341,Missed,0.0,Missed,,,False
5805028000045339302,2024-04-21 16:51:00,Quincy Vincent,5805028000043796506,Outbound,38.0,Attended Dialled,Completed,0.0,False
5805028000017530310,2023-11-17 17:40:00,Diana Evans,5805028000003329100,Outbound,9.0,Attended Dialled,Completed,0.0,False
5805028000055502480,2024-06-15 16:04:00,Ben Hall,5805028000055464156,Outbound,9.0,Attended Dialled,Completed,0.0,False
5805028000022629494,2023-12-22 15:26:00,John Doe,5805028000005102024,Outbound,6.0,Attended Dialled,Completed,0.0,False
5805028000015003158,2023-11-02 15:43:00,Charlie Davis,5805028000007481133,Outbound,0.0,Unattended Dialled,Completed,0.0,False
5805028000040383335,2024-03-29 12:02:00,Victor Barnes,5805028000040368109,Outbound,97.0,Attended Dialled,Completed,0.0,False
5805028000018719271,2023-11-25 19:01:00,Nina Scott,5805028000018706062,Inbound,309.0,Received,,,False
5805028000053953039,2024-06-07 14:33:00,Kevin Parker,5805028000053508116,Outbound,54.0,Attended Dialled,Completed,0.0,False
5805028000005170013,2023-08-18 19:22:00,Diana Evans,5805028000003329100,Outbound,4.0,Attended Dialled,Completed,0.0,False
5805028000028740003,2024-01-29 12:24:00,Kevin Parker,5805028000023041634,Outbound,42.0,Attended Dialled,Completed,0.0,False
5805028000034936415,2024-02-28 20:34:00,Paula Underwood,5805028000032982062,Outbound,15.0,Attended Dialled,Completed,0.0,False
5805028000051102165,2024-05-21 20:19:00,Cara Iverson,5805028000009821333,Outbound,18.0,Attended Dialled,Completed,0.0,False
5805028000004749126,2023-08-15 16:22:00,Jane Smith,5805028000004323001,Outbound,0.0,Unattended Dialled,Completed,0.0,False
5805028000043250037,2024-04-11 16:56:00,Yara Edwards,5805028000043136553,Outbound,6.0,Attended Dialled,Completed,0.0,False
5805028000037411215,2024-03-14 12:53:00,Ulysses Adams,5805028000024503077,Outbound,9.0,Attended Dialled,Completed,0.0,False
5805028000047726754,2024-05-02 17:13:00,Amy Green,5805028000047718188,Outbound,0.0,Unattended Dialled,Completed,0.0,False
5805028000017414196,2023-11-17 11:37:00,John Doe,5805028000010531027,Inbound,598.0,Received,,,False
5805028000053565644,2024-06-05 13:27:00,Derek James,5805028000045962541,Outbound,667.0,Attended Dialled,Completed,0.0,False
5805028000039772153,2024-03-26 12:47:00,Nina Scott,5805028000039813084,Outbound,156.0,Attended Dialled,Completed,0.0,False
5805028000039896301,2024-03-26 17:53:00,Ulysses Adams,5805028000012844088,Outbound,39.0,Attended Dialled,Completed,0.0,False
5805028000007394200,2023-09-13 14:00:00,Charlie Davis,5805028000004488175,Outbound,8.0,Attended Dialled,Completed,0.0,False
5805028000018584092,2023-11-23 18:25:00,Julia Nelson,5805028000017949112,Inbound,93.0,Received,,,False
5805028000007089727,2023-09-10 19:54:00,Jane Smith,5805028000006018243,Missed,0.0,Missed,,,False
5805028000007660100,2023-09-14 14:38:00,Charlie Davis,5805028000004088585,Outbound,152.0,Attended Dialled,Completed,0.0,False
5805028000047977138,2024-05-03 15:57:00,Paula Underwood,5805028000047517529,Outbound,14.0,Attended Dialled,Completed,0.0,False
5805028000033116743,2024-02-21 13:37:00,Yara Edwards,5805028000013061125,Outbound,304.0,Attended Dialled,Completed,0.0,False
5805028000053541222,2024-06-05 12:36:00,Julia Nelson,5805028000052542319,Outbound,710.0,Attended Dialled,Completed,0.0,False
5805028000016452018,2023-11-10 15:56:00,Diana Evans,5805028000013751184,Inbound,138.0,Received,,,False
5805028000029371204,2024-01-31 16:54:00,Kevin Parker,5805028000023503455,Outbound,76.0,Attended Dialled,Completed,0.0,False
5805028000032093110,2024-02-15 10:28:00,Nina Scott,5805028000030079004,Outbound,6.0,Attended Dialled,Completed,0.0,False
5805028000036290001,2024-03-08 12:03:00,Nina Scott,5805028000036222019,Outbound,322.0,Attended Dialled,Completed,0.0,False
5805028000051397231,2024-05-23 13:04:00,Derek James,5805028000015304525,Outbound,228.0,Attended Dialled,Completed,0.0,False
5805028000022388146,2023-12-20 19:52:00,Quincy Vincent,5805028000022130437,Outbound,3.0,Attended Dialled,Completed,0.0,False
5805028000016974080,2023-11-14 18:49:00,Diana Evans,5805028000003959027,Outbound,7.0,Attended Dialled,Completed,0.0,False
5805028000040434013,2024-03-29 15:49:00,Cara Iverson,5805028000039806199,Outbound,0.0,Unattended Dialled,Completed,0.0,False
5805028000001838278,2023-07-17 11:54:00,Alice Johnson,5805028000001812161,Outbound,8.0,Attended Dialled,Completed,0.0,False
5805028000024371150,2024-01-04 17:22:00,Charlie Davis,5805028000024290010,Outbound,1683.0,Attended Dialled,Completed,0.0,False
5805028000026230944,2024-01-16 14:31:00,Kevin Parker,5805028000001350049,Outbound,5.0,Attended Dialled,Completed,0.0,False
5805028000015169929,2023-11-05 12:02:00,Jane Smith,5805028000015309204,Outbound,0.0,Unattended Dialled,Completed,0.0,False
5805028000017169410,2023-11-16 14:31:00,Jane Smith,5805028000012259131,Outbound,105.0,Attended Dialled,Completed,0.0,False
5805028000053789084,2024-06-06 17:54:00,Victor Barnes,5805028000011961190,Outbound,39.0,Attended Dialled,Completed,0.0,False
5805028000038738604,2024-03-20 14:09:00,Yara Edwards,5805028000037505658,Outbound,0.0,Unattended Dialled,Completed,0.0,False
5805028000055625041,2024-06-16 15:34:00,Yara Edwards,5805028000055524176,Outbound,0.0,Unattended Dialled,Completed,0.0,False
5805028000005467198,2023-08-23 11:09:00,Charlie Davis,5805028000005438064,Outbound,900.0,Attended Dialled,Completed,0.0,False
5805028000019407205,2023-12-01 12:55:00,John Doe,5805028000010531027,Inbound,347.0,Received,,,False
5805028000013815379,2023-10-26 16:03:00,Ian Miller,5805028000011398239,Outbound,1200.0,Attended Dialled,Completed,0.0,False
5805028000009224198,2023-09-28 10:37:00,George King,5805028000008757987,Missed,0.0,Missed,,,False
5805028000011234092,2023-10-12 13:42:00,Diana Evans,5805028000010031086,Outbound,5.0,Attended Dialled,Completed,0.0,False
5805028000015020156,2023-11-02 15:42:00,Charlie Davis,5805028000007846891,Outbound,15.0,Attended Dialled,Completed,0.0,False
5805028000014667283,2023-11-01 09:50:00,Mason Roberts,5805028000007861173,Outbound,0.0,Unattended Dialled,Completed,0.0,False
5805028000005367013,2023-08-22 15:39:00,Jane Smith,5805028000003664120,Outbound,206.0,Attended Dialled,Completed,0.0,False
5805028000020658063,2023-12-11 11:00:00,Ian Miller,5805028000020588491,Outbound,0.0,Unattended Dialled,Completed,0.0,False
5805028000051399121,2024-05-23 12:26:00,Ulysses Adams,5805028000009701425,Outbound,73.0,Attended Dialled,Completed,0.0,False
5805028000051119654,2024-05-22 13:05:00,Kevin Parker,5805028000029205090,Outbound,81.0,Attended Dialled,Completed,0.0,False
5805028000004310095,2023-08-09 20:16:00,Diana Evans,5805028000003959027,Outbound,115.0,Attended Dialled,Completed,0.0,False
5805028000021192265,2023-12-13 13:36:00,Ian Miller,5805028000021064666,Outbound,746.0,Attended Dialled,Completed,0.0,False
5805028000018405899,2023-11-23 11:32:00,John Doe,5805028000014944237,Outbound,523.0,Attended Dialled,Completed,0.0,False
5805028000026319011,2024-01-16 18:25:00,Victor Barnes,5805028000023036240,Outbound,0.0,Unattended Dialled,Completed,0.0,False
5805028000037505506,2024-03-14 18:07:00,John Doe,5805028000027057061,Outbound,3197.0,Attended Dialled,Completed,0.0,False
5805028000043610142,2024-04-12 17:14:00,Victor Barnes,5805028000039015030,Outbound,47.0,Attended Dialled,Completed,0.0,False
5805028000026503115,2024-01-17 15:53:00,Quincy Vincent,5805028000026136977,Outbound,2817.0,Attended Dialled,Completed,0.0,False
5805028000054666001,2024-06-11 19:11:00,Derek James,5805028000035375294,Outbound,0.0,Unattended Dialled,Completed,0.0,False
5805028000014432118,2023-10-30 16:36:00,Mason Roberts,5805028000013440270,Outbound,0.0,Unattended Dialled,Completed,0.0,False
5805028000010961240,2023-10-11 13:27:00,John Doe,5805028000004323001,Outbound,0.0,Unattended Dialled,Completed,0.0,False
5805028000022406170,2023-12-20 19:37:00,Quincy Vincent,5805028000020463821,Outbound,6.0,Attended Dialled,Completed,0.0,False
5805028000018998266,2023-11-28 14:31:00,Julia Nelson,5805028000018811437,Outbound,0.0,Unattended Dialled,Completed,0.0,False
5805028000009977013,2023-10-04 15:17:00,Fiona Jackson,5805028000009928382,Missed,0.0,Missed,,,False
5805028000055097122,2024-06-13 16:49:00,Derek James,5805028000038738222,Outbound,517.0,Attended Dialled,Completed,0.0,False
5805028000034490483,2024-02-27 15:29:00,Yara Edwards,5805028000034209375,Outbound,0.0,Unattended Dialled,Completed,0.0,False
5805028000004315023,2023-08-09 18:46:00,Jane Smith,5805028000003573197,Outbound,5.0,Attended Dialled,Completed,0.0,False
5805028000003668126,2023-08-03 13:24:00,Jane Smith,5805028000003664120,Inbound,1393.0,Received,,,False
5805028000006378077,2023-08-30 18:26:00,Diana Evans,5805028000003930715,Outbound,0.0,Unattended Dialled,Completed,0.0,False
5805028000039005152,2024-03-21 10:15:00,Ulysses Adams,5805028000038234368,Outbound,42.0,Attended Dialled,Completed,0.0,False
5805028000018164536,2023-11-21 17:38:00,Diana Evans,5805028000017950522,Outbound,56.0,Attended Dialled,Completed,0.0,False
5805028000013392025,2023-10-24 13:50:00,Ian Miller,5805028000008246201,Outbound,0.0,Unattended Dialled,Completed,0.0,False
5805028000053382186,2024-06-04 15:06:00,Derek James,5805028000026130607,Outbound,212.0,Attended Dialled,Completed,0.0,False
5805028000013860119,2023-10-26 11:25:00,Diana Evans,5805028000013751184,Outbound,5.0,Attended Dialled,Completed,0.0,False
5805028000013152826,2023-10-23 12:04:00,Kevin Parker,5805028000012448132,Outbound,5.0,Attended Dialled,Completed,0.0,False
5805028000054285212,2024-06-10 13:10:00,Victor Barnes,5805028000022424013,Outbound,8.0,Attended Dialled,Completed,0.0,False
5805028000034464280,2024-02-27 11:46:00,Yara Edwards,5805028000034335016,Outbound,224.0,Attended Dialled,Completed,0.0,False
5805028000039024409,2024-03-21 16:12:00,Kevin Parker,5805028000029153131,Outbound,5.0,Attended Dialled,Completed,0.0,False
5805028000052390694,2024-05-29 18:22:00,Paula Underwood,5805028000033288573,Outbound,97.0,Attended Dialled,Completed,0.0,False
5805028000042700013,2024-04-09 12:16:00,Derek James,5805028000038221585,Outbound,11.0,Attended Dialled,Completed,0.0,False
5805028000040679495,2024-03-31 11:50:00,Ben Hall,5805028000033500423,Outbound,4.0,Attended Dialled,Completed,0.0,False
5805028000050575722,2024-05-18 15:51:00,Charlie Davis,5805028000003943363,Missed,0.0,Missed,,,False
5805028000052377167,2024-05-29 11:26:00,Julia Nelson,5805028000039148355,Outbound,0.0,Unattended Dialled,Completed,0.0,False
5805028000024318086,2024-01-04 13:03:00,Julia Nelson,5805028000023339560,Outbound,7.0,Attended Dialled,Completed,0.0,False
5805028000054758178,2024-06-12 11:01:00,Derek James,5805028000045349509,Outbound,65.0,Attended Dialled,Completed,0.0,False
5805028000034912100,2024-02-28 14:53:00,Ulysses Adams,5805028000034058586,Outbound,2110.0,Attended Dialled,Completed,0.0,False
5805028000052578218,2024-05-30 12:41:00,Paula Underwood,5805028000038977506,Outbound,0.0,Unattended Dialled,Completed,0.0,False
5805028000044190259,2024-04-16 16:11:00,Ulysses Adams,5805028000044004257,Outbound,1905.0,Attended Dialled,Completed,0.0,False
5805028000041369319,2024-04-03 10:40:00,Ben Hall,5805028000025202328,Outbound,14.0,Attended Dialled,Completed,0.0,False
5805028000027863231,2024-01-23 12:20:00,John Doe,5805028000016627883,Inbound,211.0,Received,,,False
5805028000044194151,2024-04-16 16:34:00,Quincy Vincent,5805028000043796604,Outbound,1136.0,Attended Dialled,Completed,0.0,False
5805028000029281259,2024-01-31 13:14:00,John Doe,5805028000024157419,Outbound,28.0,Attended Dialled,Completed,0.0,False
5805028000047727505,2024-05-02 15:09:00,Derek James,5805028000013061125,Inbound,1532.0,Received,,,False
5805028000048968006,2024-05-08 17:06:00,Amy Green,5805028000033773107,Outbound,0.0,Unattended Dialled,Completed,0.0,False
5805028000028042945,2024-01-24 18:23:00,Yara Edwards,5805028000028022895,Outbound,277.0,Attended Dialled,Completed,0.0,False
5805028000039379204,2024-03-22 17:06:00,John Doe,5805028000026302509,Outbound,4.0,Attended Dialled,Completed,0.0,False
5805028000045472464,2024-04-22 15:35:00,Ian Miller,5805028000044508232,Outbound,66.0,Attended Dialled,Completed,0.0,False
5805028000043616130,2024-04-12 16:53:00,Ulysses Adams,5805028000034010248,Outbound,33.0,Attended Dialled,Completed,0.0,False
5805028000053145025,2024-06-02 14:59:00,Amy Green,5805028000023272522,Outbound,0.0,Unattended Dialled,Completed,0.0,False
5805028000020068073,2023-12-07 11:17:00,Paula Underwood,5805028000019725662,Outbound,891.0,Attended Dialled,Completed,0.0,False
5805028000024374070,2024-01-04 16:36:00,John Doe,5805028000020583036,Outbound,836.0,Attended Dialled,Completed,0.0,False
5805028000045175776,2024-04-20 12:30:00,Ulysses Adams,5805028000003093106,Outbound,5.0,Attended Dialled,Completed,0.0,False
5805028000005162957,2023-08-21 10:45:00,John Doe,5805028000002579006,Missed,0.0,Missed,,,False
5805028000018998319,2023-11-28 15:00:00,Diana Evans,5805028000003930715,Outbound,2369.0,Attended Dialled,Completed,0.0,False
5805028000052189625,2024-05-28 16:18:00,Amy Green,5805028000052167295,Outbound,320.0,Attended Dialled,Completed,0.0,False
5805028000008759496,2023-09-24 16:30:00,Jane Smith,5805028000008804090,Outbound,29.0,Attended Dialled,Completed,0.0,False
5805028000026952037,2024-01-18 18:50:00,Quincy Vincent,5805028000026230703,Outbound,0.0,Unattended Dialled,Completed,0.0,False
5805028000014310163,2023-10-30 11:18:00,Diana Evans,5805028000013751184,Inbound,173.0,Received,,,False
5805028000035573892,2024-03-05 12:24:00,Quincy Vincent,5805028000031354976,Outbound,7.0,Attended Dialled,Completed,0.0,False
5805028000050022325,2024-05-14 19:59:00,Yara Edwards,5805028000049081001,Outbound,10.0,Attended Dialled,Completed,0.0,False
5805028000003473205,2023-07-29 16:02:00,Alice Johnson,5805028000003309138,Outbound,37.0,Attended Dialled,Completed,0.0,False
5805028000028599332,2024-01-28 17:50:00,Yara Edwards,5805028000026336242,Outbound,14.0,Attended Dialled,Completed,0.0,False
5805028000014569395,2023-10-31 17:31:00,Diana Evans,5805028000013957186,Outbound,469.0,Attended Dialled,Completed,0.0,False
5805028000055628330,2024-06-16 18:59:00,Victor Barnes,5805028000028021878,Outbound,244.0,Attended Dialled,Completed,0.0,False
5805028000037935198,2024-03-16 11:51:00,Charlie Davis,5805028000037408167,Outbound,30.0,Attended Dialled,Completed,0.0,False
5805028000050123675,2024-05-15 18:39:00,Amy Green,5805028000005612081,Outbound,15.0,Attended Dialled,Completed,0.0,False
5805028000045435315,2024-04-22 13:41:00,Amy Green,5805028000044901682,Outbound,47.0,Attended Dialled,Completed,0.0,False
5805028000013569359,2023-10-25 13:43:00,John Doe,5805028000003818105,Outbound,165.0,Attended Dialled,Completed,0.0,False
5805028000021225761,2023-12-14 13:01:00,Quincy Vincent,5805028000020475577,Outbound,2030.0,Attended Dialled,Completed,0.0,False
5805028000052797503,2024-05-31 13:57:00,Kevin Parker,5805028000048099400,Outbound,4.0,Attended Dialled,Completed,0.0,False
5805028000044190597,2024-04-16 17:20:00,Yara Edwards,5805028000044020750,Outbound,0.0,Unattended Dialled,Completed,0.0,False
5805028000005777168,2023-08-25 10:16:00,John Doe,5805028000005602101,Missed,0.0,Missed,,,False
5805028000044887104,2024-04-18 11:50:00,Yara Edwards,5805028000011646219,Inbound,48.0,Received,,,False
5805028000021542524,2023-12-15 17:40:00,Charlie Davis,5805028000002942557,Outbound,5.0,Attended Dialled,Completed,0.0,False
5805028000034476425,2024-02-27 14:53:00,Ian Miller,5805028000032777212,Outbound,8.0,Attended Dialled,Completed,0.0,False
5805028000034700049,2024-02-27 18:45:00,Yara Edwards,5805028000034010248,Outbound,0.0,Unattended Dialled,Completed,0.0,False
5805028000053249878,2024-06-04 15:18:00,Derek James,5805028000046843156,Outbound,163.0,Attended Dialled,Completed,0.0,False
5805028000050983331,2024-05-21 14:30:00,Charlie Davis,5805028000050390024,Outbound,2047.0,Attended Dialled,Completed,0.0,False
5805028000008217015,2023-09-20 14:36:00,Diana Evans,5805028000002150769,Outbound,0.0,Unattended Dialled,Completed,0.0,False
5805028000013062473,2023-10-21 11:59:00,Julia Nelson,5805028000013030333,Outbound,89.0,Attended Dialled,Completed,0.0,False
5805028000019748236,2023-12-05 16:51:00,Paula Underwood,5805028000016503207,Outbound,0.0,Unattended Dialled,Completed,0.0,False
5805028000020919441,2023-12-12 14:11:00,Julia Nelson,5805028000020442769,Outbound,125.0,Attended Dialled,Completed,0.0,False
5805028000018146148,2023-11-21 14:26:00,Julia Nelson,5805028000017918386,Outbound,160.0,Attended Dialled,Completed,0.0,False
5805028000044013709,2024-04-16 15:19:00,Derek James,5805028000007866898,Outbound,4.0,Attended Dialled,Completed,0.0,False
5805028000031053205,2024-02-09 14:40:00,Ulysses Adams,5805028000023693146,Outbound,115.0,Attended Dialled,Completed,0.0,False
5805028000054282481,2024-06-10 17:30:00,Ian Miller,5805028000054279521,Outbound,977.0,Attended Dialled,Completed,0.0,False
5805028000044672351,2024-04-17 17:59:00,Derek James,5805028000027908278,Inbound,218.0,Received,,,False
5805028000007334060,2023-09-12 20:33:00,George King,5805028000006620232,Outbound,13.0,Attended Dialled,Completed,0.0,False
5805028000042466380,2024-04-08 17:25:00,Julia Nelson,5805028000034901446,Outbound,1.0,Attended Dialled,Completed,0.0,False
5805028000019905270,2023-12-06 18:21:00,Quincy Vincent,5805028000016510407,Outbound,15.0,Attended Dialled,Completed,0.0,False
5805028000052121049,2024-05-27 17:54:00,Cara Iverson,5805028000051866688,Outbound,18.0,Attended Dialled,Completed,0.0,False
5805028000055479084,2024-06-15 11:41:00,Yara Edwards,5805028000003589048,Outbound,0.0,Unattended Dialled,Completed,0.0,False
5805028000050819394,2024-05-20 13:04:00,Julia Nelson,5805028000011531077,Outbound,184.0,Attended Dialled,Completed,0.0,False
5805028000042602205,2024-04-09 10:21:00,Yara Edwards,5805028000040664654,Outbound,71.0,Attended Dialled,Completed,0.0,False
5805028000010371006,2023-10-06 15:09:00,John Doe,5805028000008689210,Outbound,0.0,Unattended Dialled,Completed,0.0,False
5805028000006288083,2023-08-30 12:29:00,Jane Smith,5805028000005274669,Outbound,180.0,Attended Dialled,Completed,0.0,False
5805028000031374790,2024-02-12 10:54:00,John Doe,5805028000013287011,Outbound,477.0,Attended Dialled,Completed,0.0,False
5805028000042993032,2024-04-10 17:55:00,Yara Edwards,5805028000041892854,Outbound,4.0,Attended Dialled,Completed,0.0,False
5805028000047187066,2024-04-29 12:34:00,Julia Nelson,5805028000045566423,Outbound,64.0,Attended Dialled,Completed,0.0,False
5805028000016646295,2023-11-13 15:39:00,John Doe,5805028000004705195,Outbound,354.0,Attended Dialled,Completed,0.0,False
5805028000025190292,2024-01-09 18:25:00,Julia Nelson,5805028000020574364,Outbound,758.0,Attended Dialled,Completed,0.0,False
5805028000034904294,2024-02-28 17:12:00,Charlie Davis,5805028000032303316,Outbound,0.0,Unattended Dialled,Completed,0.0,False
5805028000053715767,2024-06-06 17:47:00,Julia Nelson,5805028000053697789,Outbound,5.0,Attended Dialled,Completed,0.0,False
5805028000026322119,2024-01-16 19:49:00,Quincy Vincent,5805028000026230703,Outbound,79.0,Attended Dialled,Completed,0.0,False
5805028000038249661,2024-03-19 11:47:00,Kevin Parker,5805028000037101500,Outbound,84.0,Attended Dialled,Completed,0.0,False
5805028000051042127,2024-05-21 13:41:00,Quincy Vincent,5805028000035494714,Outbound,11.0,Attended Dialled,Completed,0.0,False
5805028000039378260,2024-03-22 17:34:00,Amy Green,5805028000039009842,Outbound,18.0,Attended Dialled,Completed,0.0,False
5805028000034905640,2024-02-29 11:07:00,Ulysses Adams,5805028000005608130,Outbound,4.0,Attended Dialled,Completed,0.0,False
5805028000038392407,2024-03-19 16:41:00,Ulysses Adams,5805028000036834045,Outbound,1080.0,Attended Dialled,Completed,0.0,False
5805028000051096393,2024-05-22 11:54:00,Amy Green,5805028000051097449,Outbound,110.0,Attended Dialled,Completed,0.0,False
5805028000050853401,2024-05-20 14:43:00,Victor Barnes,5805028000049797454,Outbound,41.0,Attended Dialled,Completed,0.0,False
5805028000043450720,2024-04-12 14:28:00,Yara Edwards,5805028000043008308,Outbound,415.0,Attended Dialled,Completed,0.0,False
5805028000029397231,2024-01-31 18:07:00,Amy Green,5805028000029380030,Outbound,0.0,Unattended Dialled,Completed,0.0,False
5805028000021704664,2023-12-17 16:23:00,Sam Young,5805028000021583634,Outbound,1429.0,Attended Dialled,Completed,0.0,False
5805028000007271128,2023-09-12 13:33:00,Charlie Davis,5805028000004488175,Outbound,0.0,Unattended Dialled,Completed,0.0,False
5805028000036628424,2024-03-10 18:37:00,Victor Barnes,5805028000035483044,Outbound,25.0,Attended Dialled,Completed,0.0,False
5805028000043104287,2024-04-11 12:18:00,Ulysses Adams,5805028000008092369,Inbound,430.0,Received,,,False
5805028000026376091,2024-01-17 14:19:00,Ulysses Adams,5805028000014325023,Outbound,27.0,Attended Dialled,Completed,0.0,False
5805028000005844128,2023-08-25 17:38:00,Charlie Davis,5805028000003971539,Outbound,4.0,Attended Dialled,Completed,0.0,False
5805028000039805232,2024-03-26 13:11:00,Julia Nelson,5805028000032277130,Missed,0.0,Missed,,,False
5805028000010672305,2023-10-10 12:55:00,Jane Smith,5805028000008018020,Outbound,4.0,Attended Dialled,Completed,0.0,False
5805028000016111313,2023-11-09 18:25:00,Diana Evans,5805028000015315004,Outbound,4.0,Attended Dialled,Completed,0.0,False
5805028000052038059,2024-05-27 15:49:00,Derek James,5805028000029557016,Outbound,0.0,Unattended Dialled,Completed,0.0,False
5805028000052841214,2024-05-31 15:29:00,Derek James,5805028000049560926,Outbound,119.0,Attended Dialled,Completed,0.0,False
5805028000048351931,2024-05-06 16:39:00,Amy Green,5805028000048366364,Outbound,526.0,Attended Dialled,Completed,0.0,False
5805028000033871523,2024-02-24 14:35:00,Paula Underwood,5805028000031769535,Outbound,6.0,Attended Dialled,Completed,0.0,False
5805028000053867124,2024-06-07 12:55:00,Ulysses Adams,5805028000028740032,Outbound,8.0,Attended Dialled,Completed,0.0,False
5805028000012732036,2023-10-20 10:43:00,Ian Miller,5805028000012719006,Outbound,265.0,Attended Dialled,Completed,0.0,False
5805028000013449116,2023-10-24 17:58:00,Diana Evans,5805028000007866898,Outbound,165.0,Attended Dialled,Completed,0.0,False
5805028000050574110,2024-05-17 17:27:00,Amy Green,5805028000050596100,Outbound,798.0,Attended Dialled,Completed,0.0,False
5805028000005838035,2023-08-25 14:23:00,Charlie Davis,5805028000003957683,Outbound,25.0,Attended Dialled,Completed,0.0,False
5805028000045335352,2024-04-21 14:06:00,Paula Underwood,5805028000045320378,Outbound,4.0,Attended Dialled,Completed,0.0,False
5805028000008223001,2023-09-20 13:26:00,George King,5805028000008092369,Outbound,21.0,Attended Dialled,Completed,0.0,False
5805028000022680452,2023-12-22 12:31:00,Paula Underwood,5805028000022158627,Outbound,16.0,Attended Dialled,Completed,0.0,False
5805028000014401017,2023-10-30 15:46:00,Kevin Parker,5805028000013785001,Outbound,5.0,Attended Dialled,Completed,0.0,False
5805028000013161504,2023-10-23 11:18:00,Ian Miller,5805028000008246201,Outbound,0.0,Unattended Dialled,Completed,0.0,False
5805028000042431227,2024-04-08 14:52:00,Yara Edwards,5805028000042312463,Outbound,353.0,Attended Dialled,Completed,0.0,False
5805028000013833579,2023-10-26 18:33:00,Charlie Davis,5805028000011620226,Outbound,4.0,Attended Dialled,Completed,0.0,False
5805028000039893801,2024-03-27 11:51:00,Ulysses Adams,5805028000028142600,Outbound,216.0,Attended Dialled,Completed,0.0,False
5805028000015858343,2023-11-08 12:39:00,Kevin Parker,5805028000014924113,Outbound,592.0,Attended Dialled,Completed,0.0,False
5805028000051118719,2024-05-22 12:54:00,Ulysses Adams,5805028000042810680,Outbound,10.0,Attended Dialled,Completed,0.0,False
5805028000004444001,2023-08-10 18:34:00,Diana Evans,5805028000003473428,Outbound,87.0,Attended Dialled,Completed,0.0,False
5805028000038393214,2024-03-19 17:06:00,Ulysses Adams,5805028000038235491,Inbound,151.0,Received,,,False
5805028000035791987,2024-03-06 16:12:00,Julia Nelson,5805028000034693259,Outbound,4.0,Attended Dialled,Completed,0.0,False
5805028000031383217,2024-02-10 17:51:00,Nina Scott,5805028000022428046,Outbound,11.0,Attended Dialled,Completed,0.0,False
5805028000040383225,2024-03-29 11:36:00,Amy Green,5805028000040346552,Outbound,15.0,Attended Dialled,Completed,0.0,False
5805028000052384377,2024-05-29 13:45:00,Nina Scott,5805028000013780216,Outbound,6.0,Attended Dialled,Completed,0.0,False
5805028000051246005,2024-05-22 18:15:00,Julia Nelson,5805028000051103650,Outbound,6.0,Attended Dialled,Completed,0.0,False
5805028000024283384,2024-01-04 09:07:00,Ulysses Adams,5805028000009682314,Outbound,0.0,Unattended Dialled,Completed,0.0,False
5805028000051684274,2024-05-24 18:24:00,Quincy Vincent,5805028000051528565,Outbound,5.0,Attended Dialled,Completed,0.0,False
5805028000051528519,2024-05-24 12:55:00,Ulysses Adams,5805028000004306212,Outbound,0.0,Unattended Dialled,Completed,0.0,False
5805028000019758147,2023-12-05 13:00:00,Paula Underwood,5805028000018757128,Missed,0.0,Missed,,,False
5805028000040235999,2024-03-28 18:29:00,Julia Nelson,5805028000039887752,Outbound,6.0,Attended Dialled,Completed,0.0,False
5805028000029790052,2024-02-02 11:30:00,Kevin Parker,5805028000028339228,Outbound,3.0,Attended Dialled,Completed,0.0,False
5805028000030835550,2024-02-08 13:47:00,Nina Scott,5805028000030660098,Missed,0.0,Missed,,,False
5805028000049761183,2024-05-13 15:45:00,Julia Nelson,5805028000026235210,Outbound,890.0,Attended Dialled,Completed,0.0,False
5805028000029006198,2024-01-30 17:04:00,Kevin Parker,5805028000023503455,Outbound,5.0,Attended Dialled,Completed,0.0,False
5805028000009192130,2023-09-27 18:09:00,Julia Nelson,5805028000008772486,Outbound,6.0,Attended Dialled,Completed,0.0,False
5805028000052384434,2024-05-29 14:49:00,Cara Iverson,5805028000052195001,Outbound,0.0,Unattended Dialled,Completed,0.0,False
5805028000032272246,2024-02-15 19:20:00,Quincy Vincent,5805028000027446812,Outbound,2180.0,Attended Dialled,Completed,0.0,False
5805028000033653049,2024-02-23 11:12:00,Ulysses Adams,5805028000008097198,Missed,0.0,Missed,,,False
5805028000037260076,2024-03-13 15:26:00,Ian Miller,5805028000037286003,Outbound,878.0,Attended Dialled,Completed,0.0,False
5805028000044708243,2024-04-17 17:07:00,Quincy Vincent,5805028000029151008,Outbound,397.0,Attended Dialled,Completed,0.0,False
5805028000007641078,2023-09-14 13:56:00,Diana Evans,5805028000007238248,Outbound,85.0,Attended Dialled,Completed,0.0,False
5805028000015588013,2023-11-06 17:36:00,Charlie Davis,5805028000009566384,Outbound,1037.0,Attended Dialled,Completed,0.0,False
5805028000019122067,2023-11-29 16:30:00,John Doe,5805028000005274669,Outbound,5.0,Attended Dialled,Completed,0.0,False
5805028000028593761,2024-01-28 19:00:00,Victor Barnes,5805028000024772001,Outbound,252.0,Attended Dialled,Completed,0.0,False
5805028000049190661,2024-05-10 16:09:00,Kevin Parker,5805028000045836184,Outbound,113.0,Attended Dialled,Completed,0.0,False
5805028000040676709,2024-03-31 11:26:00,Ulysses Adams,5805028000038228682,Outbound,5.0,Attended Dialled,Completed,0.0,False
5805028000051425133,2024-05-23 11:50:00,Ulysses Adams,5805028000003959027,Outbound,405.0,Attended Dialled,Completed,0.0,False
5805028000055981268,2024-06-17 18:31:00,Kevin Parker,5805028000028603191,Missed,0.0,Missed,,,False
5805028000022920781,2023-12-24 19:21:00,Quincy Vincent,5805028000008485160,Outbound,0.0,Unattended Dialled,Completed,0.0,False
5805028000051399352,2024-05-23 14:58:00,Victor Barnes,5805028000043095204,Outbound,298.0,Attended Dialled,Completed,0.0,False
5805028000048803788,2024-05-08 16:10:00,John Doe,5805028000015996001,Missed,0.0,Missed,,,False
5805028000056314392,2024-06-19 12:56:00,Nina Scott,5805028000051542154,Outbound,11.0,Attended Dialled,Completed,0.0,False
5805028000038055517,2024-03-18 11:10:00,Paula Underwood,5805028000013061125,Missed,0.0,Missed,,,False
5805028000053771147,2024-06-06 15:08:00,Charlie Davis,5805028000043450632,Missed,0.0,Missed,,,False
5805028000049676261,2024-05-13 14:20:00,Kevin Parker,5805028000049210689,Outbound,301.0,Attended Dialled,Completed,0.0,False
5805028000031516073,2024-02-12 13:59:00,Amy Green,5805028000031354796,Outbound,6.0,Attended Dialled,Completed,0.0,False
5805028000053508577,2024-06-05 14:07:00,Victor Barnes,5805028000053017296,Outbound,49.0,Attended Dialled,Completed,0.0,False
5805028000007530025,2023-09-13 15:55:00,Hannah Lee,5805028000005288631,Outbound,161.0,Attended Dialled,Completed,0.0,False
5805028000037450144,2024-03-14 11:58:00,Kevin Parker,5805028000033127635,Outbound,5.0,Attended Dialled,Completed,0.0,False
5805028000050696054,2024-05-19 00:06:00,Charlie Davis,5805028000021594290,Missed,0.0,Missed,,,False
5805028000025488097,2024-01-11 12:25:00,Ulysses Adams,5805028000018758841,Outbound,151.0,Attended Dialled,Completed,0.0,False
5805028000015204159,2023-11-03 15:49:00,Diana Evans,5805028000014052783,Outbound,78.0,Attended Dialled,Completed,0.0,False
5805028000031774932,2024-02-14 14:44:00,Yara Edwards,5805028000017733266,Outbound,5.0,Attended Dialled,Completed,0.0,False
5805028000009386503,2023-09-29 13:05:00,Julia Nelson,5805028000009336049,Outbound,58.0,Attended Dialled,Completed,0.0,False
5805028000013450073,2023-10-24 16:35:00,Diana Evans,5805028000008097198,Outbound,4.0,Attended Dialled,Completed,0.0,False
5805028000026344009,2024-01-17 09:45:00,Kevin Parker,5805028000019410072,Outbound,42.0,Attended Dialled,Completed,0.0,False
5805028000035275067,2024-03-01 14:40:00,John Doe,5805028000025977898,Outbound,207.0,Attended Dialled,Completed,0.0,False
5805028000043600145,2024-04-12 16:47:00,Ben Hall,5805028000029130156,Outbound,258.0,Attended Dialled,Completed,0.0,False
5805028000003108215,2023-07-26 13:12:00,Jane Smith,5805028000003107068,Outbound,7.0,Attended Dialled,Completed,0.0,False
5805028000033661530,2024-02-23 14:50:00,Ian Miller,5805028000033662375,Outbound,368.0,Attended Dialled,Completed,0.0,False
5805028000035987488,2024-03-07 11:38:00,Yara Edwards,5805028000013844551,Inbound,85.0,Received,,,False
5805028000016271149,2023-11-10 10:39:00,Jane Smith,5805028000012259131,Missed,0.0,Missed,,,False
5805028000050290939,2024-05-17 10:57:00,Ulysses Adams,5805028000007218219,Outbound,5.0,Attended Dialled,Completed,0.0,False
5805028000020754116,2023-12-11 15:33:00,Diana Evans,5805028000018811695,Outbound,149.0,Attended Dialled,Completed,0.0,False
5805028000037534058,2024-03-14 15:18:00,John Doe,5805028000026302509,Missed,0.0,Missed,,,False
5805028000048254467,2024-05-05 12:30:00,Julia Nelson,5805028000010210154,Outbound,5.0,Attended Dialled,Completed,0.0,False
5805028000004112120,2023-08-08 12:52:00,Diana Evans,5805028000003597256,Outbound,258.0,Attended Dialled,Completed,0.0,False
5805028000047207444,2024-04-29 16:57:00,Ulysses Adams,5805028000035157432,Outbound,6.0,Attended Dialled,Completed,0.0,False
5805028000056457147,2024-06-19 17:54:00,Ian Miller,5805028000006832213,Outbound,122.0,Attended Dialled,Completed,0.0,False
5805028000026478145,2024-01-17 16:31:00,Julia Nelson,5805028000023498212,Outbound,532.0,Attended Dialled,Completed,0.0,False
5805028000046334669,2024-04-25 12:36:00,Charlie Davis,5805028000028154757,Outbound,96.0,Attended Dialled,Completed,0.0,False
5805028000004131440,2023-08-09 10:35:00,Diana Evans,5805028000004106602,Outbound,5.0,Attended Dialled,Completed,0.0,False
5805028000016517402,2023-11-11 17:09:00,Jane Smith,5805028000016503207,Outbound,0.0,Unattended Dialled,Completed,0.0,False
5805028000019004173,2023-11-28 14:58:00,John Doe,5805028000005102024,Outbound,101.0,Attended Dialled,Completed,0.0,False
5805028000036810111,2024-03-11 16:42:00,Nina Scott,5805028000035388571,Outbound,4.0,Attended Dialled,Completed,0.0,False
5805028000002940618,2023-07-24 12:42:00,Alice Johnson,5805028000001880503,Outbound,0.0,Unattended Dialled,Completed,0.0,False
5805028000013128928,2023-10-23 11:58:00,Ian Miller,5805028000008647458,Outbound,5.0,Attended Dialled,Completed,0.0,False
5805028000012025078,2023-10-17 12:46:00,Julia Nelson,5805028000011931130,Outbound,4.0,Attended Dialled,Completed,0.0,False
5805028000021061706,2023-12-13 11:50:00,Quincy Vincent,5805028000008485160,Outbound,0.0,Unattended Dialled,Completed,0.0,False
5805028000002792058,2023-07-21 11:57:00,Alice Johnson,5805028000001880503,Outbound,686.0,Attended Dialled,Completed,0.0,False
5805028000028586653,2024-01-28 18:28:00,Victor Barnes,5805028000008485160,Outbound,268.0,Attended Dialled,Completed,0.0,False
5805028000036768009,2024-03-11 14:28:00,Amy Green,5805028000035374402,Outbound,283.0,Attended Dialled,Completed,0.0,False
5805028000031630040,2024-02-13 11:28:00,Julia Nelson,5805028000003449250,Outbound,154.0,Attended Dialled,Completed,0.0,False
5805028000044994001,2024-04-18 17:23:00,Nina Scott,5805028000044833037,Outbound,0.0,Unattended Dialled,Completed,0.0,False
5805028000019410225,2023-12-01 13:28:00,Kevin Parker,5805028000011756235,Outbound,330.0,Attended Dialled,Completed,0.0,False
5805028000046234238,2024-04-24 17:24:00,Ben Hall,5805028000040563811,Outbound,57.0,Attended Dialled,Completed,0.0,False
5805028000045858569,2024-04-23 16:30:00,Charlie Davis,5805028000044868214,Outbound,36.0,Attended Dialled,Completed,0.0,False
5805028000038390459,2024-03-19 17:57:00,Yara Edwards,5805028000038228682,Outbound,129.0,Attended Dialled,Completed,0.0,False
5805028000007973361,2023-09-18 14:25:00,Diana Evans,5805028000001880503,Outbound,4.0,Attended Dialled,Completed,0.0,False
5805028000018991356,2023-11-28 19:06:00,Diana Evans,5805028000002150769,Outbound,0.0,Unattended Dialled,Completed,0.0,False
5805028000041452021,2024-04-03 13:18:00,Ulysses Adams,5805028000040093251,Inbound,59.0,Received,,,False
5805028000026751119,2024-01-18 13:28:00,Quincy Vincent,5805028000026258683,Outbound,10.0,Attended Dialled,Completed,0.0,False
5805028000001031081,2023-07-06 14:46:00,Alice Johnson,5805028000001023002,Outbound,493.0,Attended Dialled,Completed,0.0,False
5805028000034463433,2024-02-27 14:40:00,Julia Nelson,5805028000013860278,Inbound,231.0,Received,,,False
5805028000021535851,2023-12-16 12:43:00,Nina Scott,5805028000018523155,Outbound,37.0,Attended Dialled,Completed,0.0,False
5805028000052178663,2024-05-28 16:35:00,Quincy Vincent,5805028000050386493,Outbound,5.0,Attended Dialled,Completed,0.0,False
5805028000018056296,2023-11-21 11:59:00,Kevin Parker,5805028000012761057,Outbound,4.0,Attended Dialled,Completed,0.0,False
5805028000039896806,2024-03-27 10:39:00,Nina Scott,5805028000033413110,Outbound,337.0,Attended Dialled,Completed,0.0,False
5805028000038730290,2024-03-20 11:24:00,Yara Edwards,5805028000038235491,Outbound,41.0,Attended Dialled,Completed,0.0,False
5805028000023783164,2023-12-29 17:07:00,Julia Nelson,5805028000022785013,Outbound,4.0,Attended Dialled,Completed,0.0,False
5805028000012919249,2023-10-20 16:42:00,Jane Smith,5805028000010631113,Outbound,61.0,Attended Dialled,Completed,0.0,False
5805028000044502231,2024-04-17 10:10:00,Amy Green,5805028000038695051,Outbound,103.0,Attended Dialled,Completed,0.0,False
5805028000047191163,2024-04-29 13:40:00,Ian Miller,5805028000047134205,Outbound,597.0,Attended Dialled,Completed,0.0,False
5805028000051410259,2024-05-23 14:26:00,Charlie Davis,5805028000045767001,Outbound,5.0,Attended Dialled,Completed,0.0,False
5805028000014170713,2023-10-29 17:01:00,Kevin Parker,5805028000009223299,Outbound,5.0,Attended Dialled,Completed,0.0,False
5805028000053241220,2024-06-03 18:47:00,Cara Iverson,5805028000053252324,Outbound,465.0,Attended Dialled,Completed,0.0,False
5805028000039380518,2024-03-23 10:07:00,Paula Underwood,5805028000038977506,Outbound,7.0,Attended Dialled,Completed,0.0,False
5805028000015169684,2023-11-04 17:02:00,Julia Nelson,5805028000014500034,Outbound,5.0,Attended Dialled,Completed,0.0,False
5805028000030255162,2024-02-06 11:32:00,John Doe,5805028000020305964,Inbound,159.0,Received,,,False
5805028000028411163,2024-01-26 14:12:00,John Doe,5805028000020574364,Outbound,39.0,Attended Dialled,Completed,0.0,False
5805028000048608286,2024-05-07 17:38:00,Derek James,5805028000035351214,Outbound,110.0,Attended Dialled,Completed,0.0,False
5805028000024896230,2024-01-08 15:58:00,Kevin Parker,5805028000024034004,Outbound,4.0,Attended Dialled,Completed,0.0,False
5805028000036269025,2024-03-08 12:22:00,Ben Hall,5805028000032565393,Outbound,9.0,Attended Dialled,Completed,0.0,False
5805028000025814167,2024-01-12 14:47:00,Nina Scott,5805028000023853996,Outbound,4.0,Attended Dialled,Completed,0.0,False
5805028000025818693,2024-01-12 20:41:00,Wendy Clark,5805028000025291935,Outbound,9.0,Attended Dialled,Completed,0.0,False
5805028000009200223,2023-09-27 18:19:00,Diana Evans,5805028000009044013,Inbound,58.0,Received,,,False
5805028000026412144,2024-01-17 14:41:00,Xander Dean,5805028000026344026,Outbound,473.0,Attended Dialled,Completed,0.0,False
5805028000034452467,2024-02-27 14:22:00,Julia Nelson,5805028000013860278,Outbound,5.0,Attended Dialled,Completed,0.0,False
5805028000018531088,2023-11-23 14:55:00,Kevin Parker,5805028000017915511,Outbound,348.0,Attended Dialled,Completed,0.0,False
5805028000029235298,2024-01-31 12:49:00,John Doe,5805028000009486059,Outbound,0.0,Unattended Dialled,Completed,0.0,False
5805028000023512291,2023-12-28 15:02:00,Kevin Parker,5805028000018408794,Outbound,150.0,Attended Dialled,Completed,0.0,False
5805028000031986219,2024-02-14 18:51:00,Julia Nelson,5805028000028005170,Outbound,5.0,Attended Dialled,Completed,0.0,False
5805028000047234479,2024-04-29 14:56:00,Kevin Parker,5805028000037925644,Outbound,65.0,Attended Dialled,Completed,0.0,False
5805028000042649028,2024-04-09 12:05:00,Derek James,5805028000023888364,Outbound,113.0,Attended Dialled,Completed,0.0,False
5805028000029937447,2024-02-03 15:45:00,Nina Scott,5805028000028873341,Outbound,2.0,Attended Dialled,Completed,0.0,False
5805028000040353557,2024-03-29 10:54:00,Amy Green,5805028000040368109,Outbound,223.0,Attended Dialled,Completed,0.0,False
5805028000029580330,2024-02-01 15:48:00,Charlie Davis,5805028000026410069,Missed,0.0,Missed,,,False
5805028000035704574,2024-03-05 15:53:00,Julia Nelson,5805028000017090120,Outbound,1146.0,Attended Dialled,Completed,0.0,False
5805028000008424001,2023-09-21 14:32:00,Julia Nelson,5805028000008336069,Outbound,73.0,Attended Dialled,Completed,0.0,False
5805028000036649144,2024-03-10 15:04:00,Kevin Parker,5805028000008485160,Outbound,331.0,Attended Dialled,Completed,0.0,False
5805028000046153156,2024-04-24 14:08:00,Quincy Vincent,5805028000037118753,Outbound,3.0,Attended Dialled,Completed,0.0,False
5805028000047336348,2024-04-30 10:07:00,Julia Nelson,5805028000036649455,Missed,0.0,Missed,,,False
5805028000016727160,2023-11-14 11:12:00,Diana Evans,5805028000003959027,Outbound,246.0,Attended Dialled,Completed,0.0,False
5805028000039380264,2024-03-22 17:47:00,Ulysses Adams,5805028000039296313,Outbound,2821.0,Attended Dialled,Completed,0.0,False
5805028000041344503,2024-04-03 11:00:00,Nina Scott,5805028000041321210,Outbound,444.0,Attended Dialled,Completed,0.0,False
5805028000028007734,2024-01-24 12:46:00,Amy Green,5805028000027751732,Inbound,415.0,Received,,,False
5805028000041921912,2024-04-05 16:32:00,Ben Hall,5805028000041328974,Outbound,189.0,Attended Dialled,Completed,0.0,False
5805028000016491925,2023-11-12 15:25:00,Kevin Parker,5805028000004593436,Outbound,5.0,Attended Dialled,Completed,0.0,False
5805028000044201197,2024-04-16 17:19:00,Yara Edwards,5805028000044020750,Outbound,0.0,Unattended Dialled,Completed,0.0,False
5805028000047932055,2024-05-03 16:09:00,Yara Edwards,5805028000028469729,Outbound,4.0,Attended Dialled,Completed,0.0,False
5805028000007952667,2023-09-18 12:22:00,Diana Evans,5805028000007963390,Outbound,1518.0,Attended Dialled,Completed,0.0,False
5805028000031748090,2024-02-13 17:32:00,Charlie Davis,5805028000019919627,Outbound,4.0,Attended Dialled,Completed,0.0,False
5805028000009685252,2023-10-02 10:22:00,Ian Miller,5805028000009547964,Outbound,7.0,Attended Dialled,Completed,0.0,False
5805028000034684073,2024-02-27 18:42:00,Amy Green,5805028000034603193,Outbound,15.0,Attended Dialled,Completed,0.0,False
5805028000007969185,2023-09-18 14:33:00,Diana Evans,5805028000003559433,Outbound,751.0,Attended Dialled,Completed,0.0,False
5805028000042301722,2024-04-08 11:02:00,Ulysses Adams,5805028000006285011,Outbound,5.0,Attended Dialled,Completed,0.0,False
5805028000019603526,2023-12-04 15:09:00,Kevin Parker,5805028000018408794,Outbound,464.0,Attended Dialled,Completed,0.0,False
5805028000046000108,2024-04-23 18:36:00,Cara Iverson,5805028000045428253,Outbound,1365.0,Attended Dialled,Completed,0.0,False
5805028000024537134,2024-01-05 16:27:00,John Doe,5805028000003854006,Outbound,8.0,Attended Dialled,Completed,0.0,False
5805028000039550687,2024-03-25 09:02:00,Ulysses Adams,5805028000039296313,Outbound,4.0,Attended Dialled,Completed,0.0,False
5805028000034429204,2024-02-27 10:23:00,Ulysses Adams,5805028000017707038,Outbound,4.0,Attended Dialled,Completed,0.0,False
5805028000027096106,2024-01-19 11:02:00,Paula Underwood,5805028000017960616,Outbound,7.0,Attended Dialled,Completed,0.0,False
5805028000008979338,2023-09-26 12:10:00,Charlie Davis,5805028000008979296,Outbound,78.0,Attended Dialled,Completed,0.0,False
5805028000054934773,2024-06-13 12:24:00,Victor Barnes,5805028000013431015,Outbound,214.0,Attended Dialled,Completed,0.0,False
5805028000018075162,2023-11-21 10:49:00,Oliver Taylor,5805028000011330054,Outbound,17.0,Attended Dialled,Completed,0.0,False
5805028000011769417,2023-10-16 11:57:00,Ian Miller,5805028000011766183,Outbound,0.0,Unattended Dialled,Completed,0.0,False
5805028000043449207,2024-04-12 10:37:00,Nina Scott,5805028000043396520,Outbound,0.0,Unattended Dialled,Completed,0.0,False
5805028000007496243,2023-09-13 17:34:00,Diana Evans,5805028000007238248,Outbound,4.0,Attended Dialled,Completed,0.0,False
5805028000048197390,2024-05-05 12:45:00,Julia Nelson,5805028000004705095,Outbound,5.0,Attended Dialled,Completed,0.0,False
5805028000052178562,2024-05-28 15:17:00,Julia Nelson,5805028000052178427,Outbound,628.0,Attended Dialled,Completed,0.0,False
5805028000051495211,2024-05-23 17:58:00,Quincy Vincent,5805028000045230778,Outbound,4.0,Attended Dialled,Completed,0.0,False
5805028000024364463,2024-01-05 10:04:00,Charlie Davis,5805028000024283002,Missed,0.0,Missed,,,False
5805028000053713640,2024-06-06 14:42:00,Charlie Davis,5805028000043450632,Inbound,456.0,Received,,,False
5805028000045993711,2024-04-24 10:59:00,Ulysses Adams,5805028000005285611,Outbound,4.0,Attended Dialled,Completed,0.0,False
5805028000011597034,2023-10-13 17:03:00,Julia Nelson,5805028000011330054,Outbound,1089.0,Attended Dialled,Completed,0.0,False
5805028000045261210,2024-04-20 13:27:00,Ulysses Adams,5805028000007649149,Outbound,477.0,Attended Dialled,Completed,0.0,False
5805028000045362602,2024-04-22 12:09:00,Amy Green,5805028000045008156,Outbound,0.0,Unattended Dialled,Completed,0.0,False
5805028000031670177,2024-02-13 12:07:00,Ulysses Adams,5805028000021266636,Outbound,5.0,Attended Dialled,Completed,0.0,False
5805028000043795512,2024-04-14 14:35:00,Victor Barnes,5805028000043599528,Outbound,19.0,Attended Dialled,Completed,0.0,False
5805028000015014830,2023-11-03 12:09:00,John Doe,5805028000003923336,Outbound,10.0,Attended Dialled,Completed,0.0,False
5805028000052706300,2024-05-30 16:51:00,Kevin Parker,5805028000020642076,Outbound,232.0,Attended Dialled,Completed,0.0,False
5805028000031068314,2024-02-09 15:34:00,Paula Underwood,5805028000025291935,Outbound,6.0,Attended Dialled,Completed,0.0,False
5805028000003953572,2023-08-07 12:12:00,Charlie Davis,5805028000003954440,Outbound,30.0,Attended Dialled,Completed,0.0,False
5805028000035997186,2024-03-06 18:42:00,Yara Edwards,5805028000035483637,Outbound,12.0,Attended Dialled,Completed,0.0,False
5805028000033148998,2024-02-21 13:01:00,Ian Miller,5805028000033116474,Outbound,1386.0,Attended Dialled,Completed,0.0,False
5805028000016832274,2023-11-14 17:29:00,Charlie Davis,5805028000016525223,Outbound,993.0,Attended Dialled,Completed,0.0,False
5805028000020161112,2023-12-07 15:35:00,Julia Nelson,5805028000020150102,Outbound,0.0,Unattended Dialled,Completed,0.0,False
5805028000001462090,2023-07-11 18:10:00,Jane Smith,5805028000001350049,Outbound,8.0,Attended Dialled,Completed,0.0,False
5805028000026035369,2024-01-15 13:32:00,Ulysses Adams,5805028000024657261,Outbound,17.0,Attended Dialled,Completed,0.0,False
5805028000015183417,2023-11-04 11:43:00,Diana Evans,5805028000015162584,Outbound,1642.0,Attended Dialled,Completed,0.0,False
5805028000028324456,2024-01-26 12:01:00,John Doe,5805028000016426244,Outbound,4.0,Attended Dialled,Completed,0.0,False
5805028000011603533,2023-10-15 11:29:00,Kevin Parker,5805028000011597806,Outbound,124.0,Attended Dialled,Completed,0.0,False
5805028000054278020,2024-06-10 11:28:00,Charlie Davis,5805028000053550072,Outbound,0.0,Unattended Dialled,Completed,0.0,False
5805028000048344508,2024-05-06 11:43:00,Derek James,5805028000039296313,Outbound,407.0,Attended Dialled,Completed,0.0,False
5805028000003790116,2023-08-04 16:32:00,Charlie Davis,5805028000002822001,Outbound,0.0,Unattended Dialled,Completed,0.0,False
5805028000028886059,2024-01-30 10:05:00,Nina Scott,5805028000005939384,Outbound,284.0,Attended Dialled,Completed,0.0,False
5805028000040668052,2024-03-30 18:04:00,Yara Edwards,5805028000040534882,Outbound,5.0,Attended Dialled,Completed,0.0,False
5805028000055588198,2024-06-16 10:27:00,Victor Barnes,5805028000037491580,Outbound,40.0,Attended Dialled,Completed,0.0,False
5805028000009382001,2023-09-28 18:12:00,John Doe,5805028000006016001,Outbound,6.0,Attended Dialled,Completed,0.0,False
5805028000036363375,2024-03-09 13:00:00,Paula Underwood,5805028000019430168,Outbound,798.0,Attended Dialled,Completed,0.0,False
5805028000034712304,2024-02-28 10:23:00,Ian Miller,5805028000034693259,Outbound,891.0,Attended Dialled,Completed,0.0,False
5805028000046342709,2024-04-25 12:17:00,Kevin Parker,5805028000035494044,Outbound,266.0,Attended Dialled,Completed,0.0,False
5805028000055743001,2024-06-17 08:53:00,John Doe,5805028000050812781,Missed,0.0,Missed,,,False
5805028000036633990,2024-03-11 13:00:00,Charlie Davis,5805028000033276868,Outbound,118.0,Attended Dialled,Completed,0.0,False
5805028000037129276,2024-03-12 18:41:00,Quincy Vincent,5805028000031354796,Missed,0.0,Missed,,,False
5805028000020300061,2023-12-08 09:51:00,Julia Nelson,5805028000013833652,Outbound,64.0,Attended Dialled,Completed,0.0,False
5805028000050287273,2024-05-16 13:36:00,Amy Green,5805028000022490538,Outbound,521.0,Attended Dialled,Completed,0.0,False
5805028000017917297,2023-11-20 15:57:00,John Doe,5805028000010679201,Outbound,6.0,Attended Dialled,Completed,0.0,False
5805028000046828992,2024-04-27 14:00:00,Amy Green,5805028000046311309,Outbound,0.0,Unattended Dialled,Completed,0.0,False
5805028000042807010,2024-04-09 19:31:00,Cara Iverson,5805028000042426632,Outbound,0.0,Unattended Dialled,Completed,0.0,False
5805028000051865432,2024-05-26 10:37:00,Yara Edwards,5805028000051880040,Outbound,352.0,Attended Dialled,Completed,0.0,False
5805028000055199785,2024-06-14 12:55:00,Nina Scott,5805028000054940585,Outbound,0.0,Unattended Dialled,Completed,0.0,False
5805028000031772826,2024-02-14 13:19:00,Amy Green,5805028000031769535,Outbound,8.0,Attended Dialled,Completed,0.0,False
5805028000015167001,2023-11-03 13:09:00,Charlie Davis,5805028000014077034,Outbound,4.0,Attended Dialled,Completed,0.0,False
5805028000033876548,2024-02-24 18:29:00,Yara Edwards,5805028000007089425,Outbound,316.0,Attended Dialled,Completed,0.0,False
5805028000020667128,2023-12-11 11:20:00,Quincy Vincent,5805028000020583036,Outbound,539.0,Attended Dialled,Completed,0.0,False
5805028000028138236,2024-01-24 18:41:00,Kevin Parker,5805028000017707796,Outbound,0.0,Unattended Dialled,Completed,0.0,False
5805028000008423084,2023-09-21 17:37:00,George King,5805028000007822911,Inbound,253.0,Received,,,False
5805028000017516131,2023-11-17 16:11:00,Jane Smith,5805028000016527001,Outbound,0.0,Unattended Dialled,Completed,0.0,False
5805028000052084003,2024-05-27 16:21:00,Cara Iverson,5805028000051559281,Outbound,5.0,Attended Dialled,Completed,0.0,False
5805028000020309160,2023-12-08 10:35:00,Charlie Davis,5805028000020315108,Outbound,1415.0,Attended Dialled,Completed,0.0,False
5805028000037253042,2024-03-13 14:30:00,Amy Green,5805028000036940235,Outbound,20.0,Attended Dialled,Completed,0.0,False
5805028000041752103,2024-04-04 11:53:00,John Doe,5805028000003930715,Inbound,275.0,Received,,,False
5805028000042677068,2024-04-09 12:48:00,Yara Edwards,5805028000042563073,Outbound,0.0,Unattended Dialled,Completed,0.0,False
5805028000037278081,2024-03-13 16:12:00,Kevin Parker,5805028000032528288,Outbound,442.0,Attended Dialled,Completed,0.0,False
5805028000024023204,2024-01-02 18:35:00,Ian Miller,5805028000023887130,Outbound,1210.0,Attended Dialled,Completed,0.0,False
5805028000053370385,2024-06-04 16:07:00,Kevin Parker,5805028000028156144,Outbound,53.0,Attended Dialled,Completed,0.0,False
5805028000036026556,2024-03-07 11:08:00,Yara Edwards,5805028000036004356,Outbound,250.0,Attended Dialled,Completed,0.0,False
5805028000055334137,2024-06-14 15:24:00,Victor Barnes,5805028000053017296,Outbound,24.0,Attended Dialled,Completed,0.0,False
5805028000029119046,2024-01-30 19:13:00,Yara Edwards,5805028000028005256,Outbound,3.0,Attended Dialled,Completed,0.0,False
5805028000048763357,2024-05-08 10:34:00,Derek James,5805028000031383079,Outbound,7.0,Attended Dialled,Completed,0.0,False
5805028000020284105,2023-12-08 09:23:00,Julia Nelson,5805028000013833652,Missed,0.0,Missed,,,False
5805028000053870253,2024-06-07 13:15:00,Ulysses Adams,5805028000053697789,Inbound,551.0,Received,,,False
5805028000023905013,2023-12-30 10:11:00,Paula Underwood,5805028000023276496,Outbound,14.0,Attended Dialled,Completed,0.0,False
5805028000053381055,2024-06-04 14:19:00,Kevin Parker,5805028000052355146,Outbound,2.0,Attended Dialled,Completed,0.0,False
5805028000016768325,2023-11-14 13:02:00,Jane Smith,5805028000016511093,Missed,0.0,Missed,,,False
5805028000027222382,2024-01-19 18:40:00,Charlie Davis,5805028000017646451,Outbound,1077.0,Attended Dialled,Completed,0.0,False
5805028000009241071,2023-09-28 10:50:00,Diana Evans,5805028000008965420,Outbound,165.0,Attended Dialled,Completed,0.0,False
5805028000030881926,2024-02-08 16:45:00,Yara Edwards,5805028000030280370,Outbound,55.0,Attended Dialled,Completed,0.0,False
5805028000054511487,2024-06-11 16:31:00,Derek James,5805028000037561700,Outbound,5.0,Attended Dialled,Completed,0.0,False
5805028000008120013,2023-09-19 17:28:00,George King,5805028000008017270,Outbound,241.0,Attended Dialled,Completed,0.0,False
5805028000009234622,2023-09-28 15:18:00,John Doe,5805028000004841041,Outbound,5.0,Attended Dialled,Completed,0.0,False
5805028000021785181,2023-12-18 12:02:00,Sam Young,5805028000021815043,Outbound,774.0,Attended Dialled,Completed,0.0,False
5805028000051042290,2024-05-21 15:38:00,Ben Hall,5805028000038701038,Outbound,59.0,Attended Dialled,Completed,0.0,False
5805028000015900048,2023-11-07 19:48:00,Julia Nelson,5805028000015724019,Outbound,53.0,Attended Dialled,Completed,0.0,False
5805028000007071537,2023-09-10 14:56:00,Jane Smith,5805028000007086588,Outbound,0.0,Unattended Dialled,Completed,0.0,False
5805028000031373114,2024-02-10 16:15:00,Paula Underwood,5805028000017705797,Outbound,5.0,Attended Dialled,Completed,0.0,False
5805028000029283212,2024-01-31 13:56:00,Zachary Foster,5805028000029153131,Outbound,562.0,Attended Dialled,Completed,0.0,False
5805028000037709121,2024-03-15 12:12:00,Ian Miller,5805028000037532778,Outbound,7.0,Attended Dialled,Completed,0.0,False
5805028000001761077,2023-07-14 10:28:00,Alice Johnson,5805028000001799001,Outbound,724.0,Attended Dialled,Completed,0.0,False
5805028000044187444,2024-04-16 17:47:00,Amy Green,5805028000041169277,Outbound,267.0,Attended Dialled,Completed,0.0,False
5805028000023497203,2023-12-28 15:57:00,John Doe,5805028000020586170,Outbound,74.0,Attended Dialled,Completed,0.0,False
5805028000023328259,2023-12-27 15:06:00,Quincy Vincent,5805028000022303437,Outbound,1.0,Attended Dialled,Completed,0.0,False
5805028000031688015,2024-02-13 10:25:00,Ulysses Adams,5805028000024503077,Outbound,426.0,Attended Dialled,Completed,0.0,False
5805028000012579036,2023-10-19 12:59:00,Ian Miller,5805028000012448132,Outbound,346.0,Attended Dialled,Completed,0.0,False
5805028000013447020,2023-10-24 16:13:00,Julia Nelson,5805028000012926336,Outbound,120.0,Attended Dialled,Completed,0.0,False
5805028000046317923,2024-04-25 15:38:00,Derek James,5805028000016426244,Outbound,7.0,Attended Dialled,Completed,0.0,False
5805028000007530217,2023-09-13 19:20:00,Jane Smith,5805028000007492238,Outbound,1977.0,Attended Dialled,Completed,0.0,False
5805028000025290671,2024-01-10 16:27:00,Quincy Vincent,5805028000024880527,Outbound,3279.0,Attended Dialled,Completed,0.0,False
5805028000043108351,2024-04-11 11:25:00,Quincy Vincent,5805028000042682317,Missed,0.0,Missed,,,False
5805028000041171474,2024-04-02 17:26:00,Quincy Vincent,5805028000037118344,Outbound,94.0,Attended Dialled,Completed,0.0,False
5805028000045849256,2024-04-23 14:54:00,Ben Hall,5805028000045218090,Outbound,9.0,Attended Dialled,Completed,0.0,False
5805028000036133289,2024-03-07 18:55:00,Yara Edwards,5805028000035059171,Outbound,276.0,Attended Dialled,Completed,0.0,False
5805028000054468607,2024-06-11 10:28:00,Derek James,5805028000018580408,Outbound,13.0,Attended Dialled,Completed,0.0,False
5805028000029236600,2024-01-31 14:22:00,Amy Green,5805028000029243394,Outbound,7.0,Attended Dialled,Completed,0.0,False
5805028000026966075,2024-01-18 19:48:00,Xander Dean,5805028000006547316,Outbound,325.0,Attended Dialled,Completed,0.0,False
5805028000050807549,2024-05-20 19:01:00,Ulysses Adams,5805028000025813281,Outbound,0.0,Unattended Dialled,Completed,0.0,False
5805028000049587225,2024-05-12 19:10:00,Quincy Vincent,5805028000044831090,Outbound,6.0,Attended Dialled,Completed,0.0,False
5805028000012578046,2023-10-19 13:02:00,Kevin Parker,5805028000012210030,Outbound,5.0,Attended Dialled,Completed,0.0,False
5805028000029372385,2024-01-31 19:08:00,Paula Underwood,5805028000028006930,Outbound,6.0,Attended Dialled,Completed,0.0,False
5805028000046991492,2024-04-28 13:07:00,Quincy Vincent,5805028000045312804,Outbound,58.0,Attended Dialled,Completed,0.0,False
5805028000045439370,2024-04-22 16:01:00,John Doe,5805028000005428225,Missed,0.0,Missed,,,False
5805028000052033041,2024-05-27 15:37:00,Paula Underwood,5805028000038977506,Outbound,6.0,Attended Dialled,Completed,0.0,False
5805028000053163320,2024-06-03 12:56:00,Derek James,5805028000025823753,Outbound,339.0,Attended Dialled,Completed,0.0,False
5805028000024537117,2024-01-05 15:51:00,Nina Scott,5805028000023853996,Missed,0.0,Missed,,,False
5805028000018704205,2023-11-25 10:35:00,Diana Evans,5805028000003930715,Outbound,217.0,Attended Dialled,Completed,0.0,False
5805028000028128376,2024-01-24 19:02:00,Yara Edwards,5805028000028022776,Inbound,5.0,Received,,,False
5805028000038222653,2024-03-19 12:25:00,Ulysses Adams,5805028000037052004,Outbound,21.0,Attended Dialled,Completed,0.0,False
5805028000033528013,2024-02-22 16:52:00,Ben Hall,5805028000031371971,Outbound,5.0,Attended Dialled,Completed,0.0,False
5805028000005268704,2023-08-21 16:09:00,Jane Smith,5805028000004841041,Outbound,301.0,Attended Dialled,Completed,0.0,False
5805028000039915862,2024-03-27 10:16:00,Ian Miller,5805028000039919240,Outbound,1017.0,Attended Dialled,Completed,0.0,False
5805028000041537060,2024-04-03 17:16:00,Julia Nelson,5805028000039887752,Outbound,5.0,Attended Dialled,Completed,0.0,False
5805028000043253829,2024-04-11 20:32:00,Julia Nelson,5805028000040340336,Outbound,5.0,Attended Dialled,Completed,0.0,False
5805028000034910728,2024-02-29 11:30:00,Paula Underwood,5805028000033890322,Outbound,131.0,Attended Dialled,Completed,0.0,False
5805028000043806330,2024-04-14 17:09:00,Julia Nelson,5805028000025961752,Outbound,636.0,Attended Dialled,Completed,0.0,False
5805028000030276405,2024-02-06 15:14:00,Paula Underwood,5805028000020431055,Outbound,312.0,Attended Dialled,Completed,0.0,False
5805028000030063517,2024-02-04 12:11:00,Yara Edwards,5805028000030079004,Outbound,5.0,Attended Dialled,Completed,0.0,False
5805028000037093503,2024-03-13 11:07:00,Kevin Parker,5805028000013574227,Outbound,654.0,Attended Dialled,Completed,0.0,False
5805028000028777324,2024-01-29 15:23:00,Kevin Parker,5805028000019629158,Outbound,49.0,Attended Dialled,Completed,0.0,False
5805028000045242227,2024-04-20 11:48:00,Yara Edwards,5805028000044508232,Outbound,164.0,Attended Dialled,Completed,0.0,False
5805028000007522004,2023-09-13 15:29:00,Hannah Lee,5805028000006434006,Outbound,144.0,Attended Dialled,Completed,0.0,False
5805028000036814355,2024-03-11 18:43:00,Nina Scott,5805028000036628793,Outbound,4.0,Attended Dialled,Completed,0.0,False
5805028000005697017,2023-08-24 12:37:00,Diana Evans,5805028000005285611,Outbound,6.0,Attended Dialled,Completed,0.0,False
5805028000026086216,2024-01-15 18:21:00,Victor Barnes,5805028000022932245,Outbound,101.0,Attended Dialled,Completed,0.0,False
5805028000023855104,2023-12-30 10:52:00,Ian Miller,5805028000023303340,Outbound,109.0,Attended Dialled,Completed,0.0,False
5805028000048969243,2024-05-09 10:10:00,Victor Barnes,5805028000048954138,Outbound,0.0,Unattended Dialled,Completed,0.0,False
5805028000037747103,2024-03-15 12:16:00,Ulysses Adams,5805028000036004356,Outbound,0.0,Unattended Dialled,Completed,0.0,False
5805028000037967633,2024-03-17 13:11:00,Yara Edwards,5805028000037925644,Outbound,4.0,Attended Dialled,Completed,0.0,False
5805028000025163091,2024-01-09 17:36:00,Rachel White,5805028000019407799,Outbound,5.0,Attended Dialled,Completed,0.0,False
5805028000041168214,2024-04-02 15:10:00,Nina Scott,5805028000039653600,Outbound,1414.0,Attended Dialled,Completed,0.0,False
5805028000021789094,2023-12-18 11:00:00,John Doe,5805028000012562006,Outbound,177.0,Attended Dialled,Completed,0.0,False
5805028000031505198,2024-02-12 16:22:00,John Doe,5805028000007093904,Outbound,447.0,Attended Dialled,Completed,0.0,False
5805028000040387393,2024-03-29 12:17:00,Amy Green,5805028000040340638,Outbound,451.0,Attended Dialled,Completed,0.0,False
5805028000024184326,2024-01-03 14:43:00,Ulysses Adams,5805028000007866898,Outbound,5.0,Attended Dialled,Completed,0.0,False
5805028000001868013,2023-07-14 14:42:00,Alice Johnson,5805028000001812161,Outbound,0.0,Unattended Dialled,Completed,0.0,False
5805028000007834776,2023-09-16 18:44:00,George King,5805028000007861173,Outbound,0.0,Unattended Dialled,Completed,0.0,False
5805028000014478035,2023-10-30 17:10:00,Jane Smith,5805028000001880249,Outbound,51.0,Attended Dialled,Completed,0.0,False
5805028000018154311,2023-11-21 13:44:00,Julia Nelson,5805028000013860278,Outbound,227.0,Attended Dialled,Completed,0.0,False
5805028000023498501,2023-12-28 20:20:00,Sam Young,5805028000020766740,Outbound,63.0,Attended Dialled,Completed,0.0,False
5805028000037315427,2024-03-13 19:41:00,Ulysses Adams,5805028000004110397,Outbound,859.0,Attended Dialled,Completed,0.0,False
5805028000013135960,2023-10-23 16:24:00,Diana Evans,5805028000005999144,Outbound,389.0,Attended Dialled,Completed,0.0,False
5805028000037134587,2024-03-13 11:08:00,Amy Green,5805028000017537784,Outbound,13.0,Attended Dialled,Completed,0.0,False
5805028000015904434,2023-11-08 13:34:00,Julia Nelson,5805028000010410365,Missed,0.0,Missed,,,False
5805028000016505656,2023-11-12 16:39:00,Kevin Parker,5805028000008783552,Outbound,3.0,Attended Dialled,Completed,0.0,False
5805028000012830121,2023-10-20 14:25:00,Fiona Jackson,5805028000011906024,Missed,0.0,Missed,,,False
5805028000005990377,2023-08-29 12:53:00,Diana Evans,5805028000003329100,Inbound,120.0,Received,,,False
5805028000005849109,2023-08-25 13:20:00,Jane Smith,5805028000005602101,Inbound,82.0,Received,,,False
5805028000018777327,2023-11-27 12:16:00,Kevin Parker,5805028000008205056,Outbound,232.0,Attended Dialled,Completed,0.0,False
5805028000003544463,2023-08-02 18:44:00,Diana Evans,5805028000003559433,Outbound,960.0,Attended Dialled,Completed,0.0,False
5805028000031079300,2024-02-09 14:41:00,Quincy Vincent,5805028000026042160,Outbound,6.0,Attended Dialled,Completed,0.0,False
5805028000043264039,2024-04-11 17:11:00,Victor Barnes,5805028000022636021,Outbound,467.0,Attended Dialled,Completed,0.0,False
5805028000018998343,2023-11-28 15:27:00,Julia Nelson,5805028000018811437,Inbound,1273.0,Received,,,False
5805028000006378441,2023-08-31 17:08:00,Diana Evans,5805028000003669244,Outbound,343.0,Attended Dialled,Completed,0.0,False
5805028000016928667,2023-11-15 14:28:00,John Doe,5805028000014077034,Outbound,5.0,Attended Dialled,Completed,0.0,False
5805028000046836248,2024-04-26 16:55:00,Amy Green,5805028000046003366,Outbound,0.0,Unattended Dialled,Completed,0.0,False
5805028000039378562,2024-03-23 10:20:00,Ben Hall,5805028000037531303,Outbound,2525.0,Attended Dialled,Completed,0.0,False
5805028000028908307,2024-01-30 13:07:00,Yara Edwards,5805028000027446812,Outbound,4.0,Attended Dialled,Completed,0.0,False
5805028000052195270,2024-05-28 11:52:00,Amy Green,5805028000051867806,Outbound,20.0,Attended Dialled,Completed,0.0,False
5805028000019926294,2023-12-06 18:51:00,John Doe,5805028000009072093,Outbound,412.0,Attended Dialled,Completed,0.0,False
5805028000030626370,2024-02-07 18:47:00,Amy Green,5805028000029130156,Outbound,7.0,Attended Dialled,Completed,0.0,False
5805028000036628215,2024-03-10 15:22:00,Kevin Parker,5805028000031970016,Outbound,344.0,Attended Dialled,Completed,0.0,False
5805028000048467371,2024-05-07 10:14:00,Ian Miller,5805028000048362404,Outbound,7.0,Attended Dialled,Completed,0.0,False
5805028000037937140,2024-03-16 12:49:00,Yara Edwards,5805028000037913110,Outbound,512.0,Attended Dialled,Completed,0.0,False
5805028000028425058,2024-01-26 13:28:00,John Doe,5805028000013165149,Outbound,461.0,Attended Dialled,Completed,0.0,False
5805028000016409038,2023-11-10 16:19:00,Diana Evans,5805028000015309236,Outbound,7.0,Attended Dialled,Completed,0.0,False
5805028000012013128,2023-10-17 12:25:00,Charlie Davis,5805028000011961190,Outbound,33.0,Attended Dialled,Completed,0.0,False
5805028000021240098,2023-12-13 16:48:00,Charlie Davis,5805028000016919347,Outbound,5.0,Attended Dialled,Completed,0.0,False
5805028000053795224,2024-06-06 20:00:00,Eva Kent,5805028000053717036,Outbound,0.0,Unattended Dialled,Completed,0.0,False
5805028000022015211,2023-12-19 12:36:00,Julia Nelson,5805028000017918386,Outbound,590.0,Attended Dialled,Completed,0.0,False
5805028000039363249,2024-03-22 16:37:00,Ulysses Adams,5805028000039406101,Outbound,1928.0,Attended Dialled,Completed,0.0,False
5805028000003698183,2023-08-03 19:52:00,Diana Evans,5805028000003597256,Missed,0.0,Missed,,,False
5805028000037446129,2024-03-14 13:19:00,Victor Barnes,5805028000035059171,Outbound,27.0,Attended Dialled,Completed,0.0,False
5805028000048428609,2024-05-07 10:15:00,Ian Miller,5805028000048362404,Outbound,297.0,Attended Dialled,Completed,0.0,False
5805028000017437247,2023-11-17 11:48:00,John Doe,5805028000007327089,Outbound,194.0,Attended Dialled,Completed,0.0,False
5805028000015555006,2023-11-06 17:28:00,Kevin Parker,5805028000015167311,Outbound,5.0,Attended Dialled,Completed,0.0,False
5805028000035903276,2024-03-06 15:48:00,Julia Nelson,5805028000035602743,Inbound,274.0,Received,,,False
5805028000025331301,2024-01-10 15:14:00,John Doe,5805028000013945362,Outbound,4.0,Attended Dialled,Completed,0.0,False
5805028000052016011,2024-05-27 12:00:00,Cara Iverson,5805028000047134205,Outbound,16.0,Attended Dialled,Completed,0.0,False
5805028000021694419,2023-12-17 12:32:00,Julia Nelson,5805028000021567713,Inbound,515.0,Received,,,False
5805028000050006218,2024-05-14 17:26:00,Victor Barnes,5805028000040727203,Outbound,36.0,Attended Dialled,Completed,0.0,False
5805028000045842385,2024-04-23 16:29:00,Derek James,5805028000024034004,Outbound,351.0,Attended Dialled,Completed,0.0,False
5805028000022248477,2023-12-20 14:01:00,Diana Evans,5805028000018758841,Outbound,131.0,Attended Dialled,Completed,0.0,False
5805028000056834055,2024-06-21 10:16:00,Ulysses Adams,5805028000034898024,Outbound,6.0,Attended Dialled,Completed,0.0,False
5805028000013187254,2023-10-22 12:19:00,Kevin Parker,5805028000012719006,Outbound,0.0,Unattended Dialled,Completed,0.0,False
5805028000032522243,2024-02-17 09:48:00,Nina Scott,5805028000031340013,Outbound,599.0,Attended Dialled,Completed,0.0,False
5805028000004609430,2023-08-13 15:10:00,Jane Smith,5805028000004559484,Outbound,699.0,Attended Dialled,Completed,0.0,False
5805028000029381085,2024-01-31 16:44:00,John Doe,5805028000024533812,Outbound,4.0,Attended Dialled,Completed,0.0,False
5805028000016652233,2023-11-13 16:11:00,Diana Evans,5805028000008689210,Outbound,0.0,Unattended Dialled,Completed,0.0,False
5805028000043467384,2024-04-12 12:45:00,Ben Hall,5805028000043128484,Outbound,0.0,Unattended Dialled,Completed,0.0,False
5805028000033108599,2024-02-21 11:10:00,Amy Green,5805028000014659028,Outbound,328.0,Attended Dialled,Completed,0.0,False
5805028000035174001,2024-02-29 16:12:00,Ulysses Adams,5805028000034058586,Outbound,6.0,Attended Dialled,Completed,0.0,False
5805028000047126493,2024-04-29 11:53:00,Charlie Davis,5805028000026410069,Missed,0.0,Missed,,,False
5805028000041191458,2024-04-02 17:05:00,Cara Iverson,5805028000039806199,Outbound,8.0,Attended Dialled,Completed,0.0,False
5805028000021900316,2023-12-18 18:31:00,Paula Underwood,5805028000021372341,Missed,0.0,Missed,,,False
5805028000047329716,2024-04-30 13:06:00,Cara Iverson,5805028000040524982,Outbound,22.0,Attended Dialled,Completed,0.0,False
5805028000053114425,2024-06-02 15:00:00,Amy Green,5805028000023272522,Outbound,0.0,Unattended Dialled,Completed,0.0,False
5805028000026623242,2024-01-18 11:06:00,Xander Dean,5805028000005268612,Outbound,5.0,Attended Dialled,Completed,0.0,False
5805028000037840088,2024-03-15 15:07:00,Ian Miller,5805028000037810108,Outbound,582.0,Attended Dialled,Completed,0.0,False
5805028000005435200,2023-08-23 16:04:00,Charlie Davis,5805028000005185460,Outbound,4.0,Attended Dialled,Completed,0.0,False
5805028000017173292,2023-11-16 12:02:00,Charlie Davis,5805028000016957854,Outbound,54.0,Attended Dialled,Completed,0.0,False
5805028000025427200,2024-01-11 11:16:00,Kevin Parker,5805028000009224092,Outbound,182.0,Attended Dialled,Completed,0.0,False
5805028000044858699,2024-04-18 14:20:00,Charlie Davis,5805028000020773981,Outbound,6.0,Attended Dialled,Completed,0.0,False
5805028000025717063,2024-01-12 09:52:00,Victor Barnes,5805028000023041634,Outbound,353.0,Attended Dialled,Completed,0.0,False
5805028000021571484,2023-12-15 18:05:00,John Doe,5805028000017756471,Inbound,372.0,Received,,,False
5805028000005481129,2023-08-23 12:50:00,Charlie Davis,5805028000004863423,Outbound,617.0,Attended Dialled,Completed,0.0,False
5805028000054795573,2024-06-12 16:19:00,Derek James,5805028000051875085,Outbound,0.0,Unattended Dialled,Completed,0.0,False
5805028000003234001,2023-07-27 13:59:00,Alice Johnson,5805028000002895607,Outbound,13.0,Attended Dialled,Completed,0.0,False
5805028000033287342,2024-02-21 17:01:00,John Doe,5805028000024533812,Outbound,1427.0,Attended Dialled,Completed,0.0,False
5805028000045109126,2024-04-19 11:33:00,Ben Hall,5805028000043982097,Outbound,0.0,Unattended Dialled,Completed,0.0,False
5805028000028535879,2024-01-27 18:50:00,Yara Edwards,5805028000028540319,Outbound,4.0,Attended Dialled,Completed,0.0,False
5805028000053242104,2024-06-03 17:42:00,Amy Green,5805028000052823052,Outbound,14.0,Attended Dialled,Completed,0.0,False
5805028000019415333,2023-12-01 15:40:00,Diana Evans,5805028000017729755,Outbound,4.0,Attended Dialled,Completed,0.0,False
5805028000037749084,2024-03-15 12:31:00,Amy Green,5805028000037561700,Outbound,0.0,Unattended Dialled,Completed,0.0,False
5805028000029243167,2024-01-31 11:25:00,Amy Green,5805028000029108336,Missed,0.0,Missed,,,False
5805028000054001206,2024-06-07 17:39:00,Ian Miller,5805028000003007037,Outbound,6.0,Attended Dialled,Completed,0.0,False
5805028000021704073,2023-12-16 15:01:00,Diana Evans,5805028000021261799,Outbound,1630.0,Attended Dialled,Completed,0.0,False
5805028000039920370,2024-03-26 18:01:00,Quincy Vincent,5805028000034034013,Outbound,7.0,Attended Dialled,Completed,0.0,False
5805028000051100171,2024-05-22 10:24:00,Ben Hall,5805028000033127635,Outbound,96.0,Attended Dialled,Completed,0.0,False
5805028000043132162,2024-04-11 10:59:00,Ben Hall,5805028000041214212,Outbound,16.0,Attended Dialled,Completed,0.0,False
5805028000004937028,2023-08-17 11:36:00,Charlie Davis,5805028000004910006,Outbound,14.0,Attended Dialled,Completed,0.0,False
5805028000034032280,2024-02-25 14:06:00,Yara Edwards,5805028000033889455,Outbound,564.0,Attended Dialled,Completed,0.0,False
5805028000041369777,2024-04-03 14:51:00,Ulysses Adams,5805028000041408416,Missed,0.0,Missed,,,False
5805028000053692785,2024-06-06 14:13:00,Kevin Parker,5805028000043450632,Missed,0.0,Missed,,,False
5805028000030460592,2024-02-07 15:02:00,Paula Underwood,5805028000019904148,Outbound,12.0,Attended Dialled,Completed,0.0,False
5805028000045054205,2024-04-19 12:40:00,Ben Hall,5805028000043128484,Outbound,0.0,Unattended Dialled,Completed,0.0,False
5805028000004086140,2023-08-08 12:56:00,Diana Evans,5805028000003597256,Outbound,6.0,Attended Dialled,Completed,0.0,False
5805028000045070739,2024-04-19 17:00:00,Nina Scott,5805028000044833037,Outbound,10.0,Attended Dialled,Completed,0.0,False
5805028000023510112,2023-12-28 11:01:00,Ulysses Adams,5805028000023335600,Outbound,79.0,Attended Dialled,Completed,0.0,False
5805028000054951764,2024-06-13 13:52:00,Yara Edwards,5805028000054248749,Outbound,0.0,Unattended Dialled,Completed,0.0,False
5805028000025293474,2024-01-10 15:28:00,Ulysses Adams,5805028000017921187,Outbound,126.0,Attended Dialled,Completed,0.0,False
5805028000023701094,2023-12-29 12:07:00,Kevin Parker,5805028000020444829,Outbound,6.0,Attended Dialled,Completed,0.0,False
5805028000017649580,2023-11-18 19:05:00,Nina Scott,5805028000017367197,Outbound,4.0,Attended Dialled,Completed,0.0,False
5805028000022664306,2023-12-22 10:48:00,Ian Miller,5805028000022490538,Outbound,10.0,Attended Dialled,Completed,0.0,False
5805028000042634046,2024-04-09 11:16:00,Kevin Parker,5805028000023883467,Outbound,9.0,Attended Dialled,Completed,0.0,False
5805028000043844839,2024-04-15 13:07:00,Quincy Vincent,5805028000043110750,Missed,0.0,Missed,,,False
5805028000029372071,2024-01-31 15:17:00,Quincy Vincent,5805028000029108336,Outbound,2821.0,Attended Dialled,Completed,0.0,False
5805028000040086176,2024-03-27 18:21:00,Charlie Davis,5805028000035298001,Outbound,467.0,Attended Dialled,Completed,0.0,False
5805028000024158886,2024-01-04 10:33:00,Nina Scott,5805028000000939010,Outbound,40.0,Attended Dialled,Completed,0.0,False
5805028000028914220,2024-01-30 11:51:00,John Doe,5805028000004323001,Inbound,139.0,Received,,,False
5805028000037839013,2024-03-15 14:39:00,Cara Iverson,5805028000028292027,Outbound,102.0,Attended Dialled,Completed,0.0,False
5805028000038220484,2024-03-19 11:18:00,Julia Nelson,5805028000035602743,Missed,0.0,Missed,,,False
5805028000043095156,2024-04-11 10:43:00,Quincy Vincent,5805028000040727093,Outbound,6.0,Attended Dialled,Completed,0.0,False
5805028000056876220,2024-06-21 13:35:00,Ulysses Adams,5805028000019919415,Outbound,5.0,Attended Dialled,Completed,0.0,False
5805028000036951496,2024-03-12 12:12:00,Victor Barnes,5805028000036620645,Outbound,193.0,Attended Dialled,Completed,0.0,False
5805028000026315526,2024-01-17 10:21:00,Kevin Parker,5805028000016623145,Outbound,5.0,Attended Dialled,Completed,0.0,False
5805028000037807368,2024-03-15 18:06:00,Victor Barnes,5805028000036395802,Outbound,768.0,Attended Dialled,Completed,0.0,False
5805028000007744013,2023-09-14 18:13:00,Diana Evans,5805028000003093106,Outbound,6.0,Attended Dialled,Completed,0.0,False
5805028000006287018,2023-08-30 12:32:00,Jane Smith,5805028000001880249,Outbound,587.0,Attended Dialled,Completed,0.0,False
5805028000004336339,2023-08-10 16:02:00,Charlie Davis,5805028000001348174,Outbound,0.0,Unattended Dialled,Completed,0.0,False
5805028000053391187,2024-06-04 15:27:00,Derek James,5805028000045836184,Outbound,111.0,Attended Dialled,Completed,0.0,False
5805028000001788001,2023-07-13 20:24:00,Alice Johnson,5805028000001782001,Outbound,6.0,Attended Dialled,Completed,0.0,False
5805028000008214020,2023-09-20 13:42:00,Kevin Parker,5805028000000983028,Outbound,1.0,Attended Dialled,Completed,0.0,False
5805028000022782040,2023-12-22 16:40:00,John Doe,5805028000017918386,Outbound,331.0,Attended Dialled,Completed,0.0,False
5805028000028021996,2024-01-24 18:05:00,Kevin Parker,5805028000021692068,Outbound,0.0,Unattended Dialled,Completed,0.0,False
5805028000044021334,2024-04-16 12:41:00,Nina Scott,5805028000026242084,Outbound,154.0,Attended Dialled,Completed,0.0,False
5805028000018756420,2023-11-27 16:26:00,Kevin Parker,5805028000013833652,Outbound,7.0,Attended Dialled,Completed,0.0,False
5805028000003720204,2023-08-03 13:34:00,Diana Evans,5805028000003698004,Outbound,893.0,Attended Dialled,Completed,0.0,False
5805028000050257454,2024-05-16 14:21:00,Kevin Parker,5805028000032073700,Outbound,77.0,Attended Dialled,Completed,0.0,False
5805028000032120382,2024-02-15 14:23:00,Yara Edwards,5805028000032064169,Outbound,7.0,Attended Dialled,Completed,0.0,False
5805028000018596643,2023-11-24 11:30:00,Diana Evans,5805028000017921187,Inbound,216.0,Received,,,False
5805028000003957133,2023-08-05 19:30:00,Diana Evans,5805028000003695181,Outbound,0.0,Unattended Dialled,Completed,0.0,False
5805028000050317269,2024-05-16 12:35:00,Victor Barnes,5805028000020590169,Outbound,27.0,Attended Dialled,Completed,0.0,False
5805028000035374202,2024-03-01 18:40:00,Ian Miller,5805028000032777084,Outbound,7.0,Attended Dialled,Completed,0.0,False
5805028000056864636,2024-06-21 14:59:00,Kevin Parker,5805028000018757128,Outbound,124.0,Attended Dialled,Completed,0.0,False
5805028000029398040,2024-01-31 15:52:00,Yara Edwards,5805028000028540319,Outbound,6.0,Attended Dialled,Completed,0.0,False
5805028000044834131,2024-04-18 09:34:00,Derek James,5805028000003930715,Outbound,1580.0,Attended Dialled,Completed,0.0,False
5805028000007120856,2023-09-11 16:14:00,Charlie Davis,5805028000005185460,Outbound,500.0,Attended Dialled,Completed,0.0,False
5805028000028302073,2024-01-25 17:16:00,John Doe,5805028000018774819,Outbound,30.0,Attended Dialled,Completed,0.0,False
5805028000018559638,2023-11-24 11:24:00,Kevin Parker,5805028000015578172,Outbound,5.0,Attended Dialled,Completed,0.0,False
5805028000043123639,2024-04-11 12:25:00,Kevin Parker,5805028000030163904,Outbound,87.0,Attended Dialled,Completed,0.0,False
5805028000052710237,2024-05-30 16:34:00,Eva Kent,5805028000051880107,Outbound,1205.0,Attended Dialled,Completed,0.0,False
5805028000041198753,2024-04-02 20:07:00,Ben Hall,5805028000040533342,Outbound,1711.0,Attended Dialled,Completed,0.0,False
5805028000048598124,2024-05-07 15:31:00,Eva Kent,5805028000047326664,Outbound,9.0,Attended Dialled,Completed,0.0,False
5805028000005943138,2023-08-28 11:01:00,John Doe,5805028000003818105,Outbound,7.0,Attended Dialled,Completed,0.0,False
5805028000029572472,2024-02-01 17:54:00,Kevin Parker,5805028000024772001,Outbound,105.0,Attended Dialled,Completed,0.0,False
5805028000021419212,2023-12-14 17:20:00,Charlie Davis,5805028000013165107,Outbound,0.0,Unattended Dialled,Completed,0.0,False
5805028000010178061,2023-10-05 17:11:00,Julia Nelson,5805028000002940630,Outbound,0.0,Unattended Dialled,Completed,0.0,False
5805028000046150056,2024-04-24 13:13:00,Ulysses Adams,5805028000032759616,Outbound,5.0,Attended Dialled,Completed,0.0,False
5805028000019415504,2023-12-01 17:34:00,Quincy Vincent,5805028000008485160,Outbound,0.0,Unattended Dialled,Completed,0.0,False
5805028000046735438,2024-04-26 13:42:00,Paula Underwood,5805028000037810108,Outbound,11.0,Attended Dialled,Completed,0.0,False
5805028000043844543,2024-04-15 09:35:00,Ulysses Adams,5805028000028600516,Inbound,135.0,Received,,,False
5805028000033420063,2024-02-22 11:05:00,Ulysses Adams,5805028000017707038,Missed,0.0,Missed,,,False
5805028000021064065,2023-12-12 15:32:00,Julia Nelson,5805028000018036007,Outbound,7.0,Attended Dialled,Completed,0.0,False
5805028000049771080,2024-05-13 16:23:00,Victor Barnes,5805028000047725334,Outbound,16.0,Attended Dialled,Completed,0.0,False
5805028000008122202,2023-09-20 09:31:00,Diana Evans,5805028000005608130,Inbound,157.0,Received,,,False
5805028000032965581,2024-02-20 15:48:00,Amy Green,5805028000032964170,Outbound,16.0,Attended Dialled,Completed,0.0,False
5805028000050973215,2024-05-21 12:23:00,Ulysses Adams,5805028000043396520,Outbound,0.0,Unattended Dialled,Completed,0.0,False
5805028000003941642,2023-08-07 14:51:00,Charlie Davis,5805028000003954440,Outbound,24.0,Attended Dialled,Completed,0.0,False
5805028000030494560,2024-02-07 13:35:00,Charlie Davis,5805028000023903349,Missed,0.0,Missed,,,False
5805028000024535636,2024-01-06 12:04:00,Nina Scott,5805028000023853996,Outbound,4.0,Attended Dialled,Completed,0.0,False
5805028000009682577,2023-10-02 16:16:00,Diana Evans,5805028000009701425,Outbound,5.0,Attended Dialled,Completed,0.0,False
5805028000013255145,2023-10-23 12:13:00,Kevin Parker,5805028000009223299,Outbound,5.0,Attended Dialled,Completed,0.0,False
5805028000042684312,2024-04-09 14:33:00,Quincy Vincent,5805028000040234072,Outbound,160.0,Attended Dialled,Completed,0.0,False
5805028000023531001,2023-12-28 09:30:00,Ian Miller,5805028000009141139,Outbound,0.0,Unattended Dialled,Completed,0.0,False
5805028000035076004,2024-02-29 13:05:00,Charlie Davis,5805028000033666233,Outbound,4.0,Attended Dialled,Completed,0.0,False
5805028000019582966,2023-12-05 11:31:00,John Doe,5805028000019623839,Missed,0.0,Missed,,,False
5805028000012902636,2023-10-20 20:29:00,Julia Nelson,5805028000012889121,Outbound,4.0,Attended Dialled,Completed,0.0,False
5805028000018823515,2023-11-27 15:32:00,Kevin Parker,5805028000018156648,Outbound,5.0,Attended Dialled,Completed,0.0,False
5805028000018397004,2023-11-22 15:00:00,John Doe,5805028000010411721,Outbound,324.0,Attended Dialled,Completed,0.0,False
5805028000047717161,2024-05-02 12:01:00,Ian Miller,5805028000047637331,Outbound,452.0,Attended Dialled,Completed,0.0,False
5805028000054511191,2024-06-11 13:21:00,Kevin Parker,5805028000049607006,Outbound,112.0,Attended Dialled,Completed,0.0,False
5805028000019100195,2023-11-29 13:12:00,Quincy Vincent,5805028000017753123,Outbound,12.0,Attended Dialled,Completed,0.0,False
5805028000029558081,2024-02-01 12:51:00,John Doe,5805028000008246201,Outbound,5.0,Attended Dialled,Completed,0.0,False
5805028000032970689,2024-02-20 15:47:00,Amy Green,5805028000032964170,Outbound,11.0,Attended Dialled,Completed,0.0,False
5805028000008558124,2023-09-22 12:27:00,Jane Smith,5805028000008496063,Outbound,6.0,Attended Dialled,Completed,0.0,False
5805028000018758495,2023-11-27 15:34:00,Kevin Parker,5805028000018036007,Outbound,5.0,Attended Dialled,Completed,0.0,False
5805028000014092526,2023-10-28 14:51:00,Jane Smith,5805028000014055367,Outbound,723.0,Attended Dialled,Completed,0.0,False
5805028000038858114,2024-03-20 18:34:00,Nina Scott,5805028000021085467,Outbound,3.0,Attended Dialled,Completed,0.0,False
5805028000055856402,2024-06-17 14:06:00,Charlie Davis,5805028000053550072,Outbound,12.0,Attended Dialled,Completed,0.0,False
5805028000035517432,2024-03-04 12:05:00,Ulysses Adams,5805028000035157432,Outbound,7.0,Attended Dialled,Completed,0.0,False
5805028000027880623,2024-01-23 15:39:00,Paula Underwood,5805028000016929226,Outbound,353.0,Attended Dialled,Completed,0.0,False
5805028000043288439,2024-04-11 18:23:00,Victor Barnes,5805028000043261052,Outbound,117.0,Attended Dialled,Completed,0.0,False
5805028000022051112,2023-12-19 12:38:00,Diana Evans,5805028000008246089,Missed,0.0,Missed,,,False
5805028000026307186,2024-01-16 17:32:00,Xander Dean,5805028000026041053,Outbound,6.0,Attended Dialled,Completed,0.0,False
5805028000007102432,2023-09-09 20:39:00,George King,5805028000006811408,Outbound,18.0,Attended Dialled,Completed,0.0,False
5805028000037262106,2024-03-13 17:42:00,Amy Green,5805028000015904048,Outbound,17.0,Attended Dialled,Completed,0.0,False
5805028000046690100,2024-04-26 10:11:00,Amy Green,5805028000039524079,Outbound,0.0,Unattended Dialled,Completed,0.0,False
5805028000029021080,2024-01-30 15:37:00,Quincy Vincent,5805028000028022895,Inbound,337.0,Received,,,False
5805028000041752590,2024-04-04 16:35:00,Nina Scott,5805028000026336242,Outbound,6.0,Attended Dialled,Completed,0.0,False
5805028000007825944,2023-09-18 13:16:00,Kevin Parker,5805028000005254789,Outbound,5.0,Attended Dialled,Completed,0.0,False
5805028000053196099,2024-06-03 13:59:00,Charlie Davis,5805028000037561700,Outbound,8.0,Attended Dialled,Completed,0.0,False
5805028000038873053,2024-03-20 17:00:00,Yara Edwards,5805028000038220006,Outbound,0.0,Unattended Dialled,Completed,0.0,False
5805028000051518598,2024-05-24 12:13:00,Kevin Parker,5805028000022130437,Outbound,0.0,Unattended Dialled,Completed,0.0,False
5805028000035987935,2024-03-07 18:00:00,Amy Green,5805028000035587392,Outbound,0.0,Unattended Dialled,Completed,0.0,False
5805028000046178152,2024-04-24 16:45:00,Paula Underwood,5805028000039381749,Outbound,117.0,Attended Dialled,Completed,0.0,False
5805028000002712002,2023-07-20 20:48:00,Jane Smith,5805028000002719033,Outbound,1318.0,Attended Dialled,Completed,0.0,False
5805028000043007059,2024-04-10 18:32:00,Ulysses Adams,5805028000041626270,Outbound,354.0,Attended Dialled,Completed,0.0,False
5805028000003133038,2023-07-26 10:36:00,Jane Smith,5805028000003105044,Outbound,67.0,Attended Dialled,Completed,0.0,False
5805028000027875487,2024-01-23 16:22:00,Kevin Parker,5805028000020322243,Outbound,0.0,Unattended Dialled,Completed,0.0,False
5805028000055460968,2024-06-16 13:31:00,Victor Barnes,5805028000021694290,Outbound,129.0,Attended Dialled,Completed,0.0,False
5805028000033285454,2024-02-21 16:48:00,Paula Underwood,5805028000020431055,Outbound,494.0,Attended Dialled,Completed,0.0,False
5805028000028916063,2024-01-30 10:37:00,Kevin Parker,5805028000007822911,Outbound,0.0,Unattended Dialled,Completed,0.0,False
5805028000039657497,2024-03-25 18:31:00,Julia Nelson,5805028000036951161,Outbound,6.0,Attended Dialled,Completed,0.0,False
5805028000012169070,2023-10-17 16:08:00,Charlie Davis,5805028000009550041,Outbound,61.0,Attended Dialled,Completed,0.0,False
5805028000035712095,2024-03-05 13:24:00,Ulysses Adams,5805028000035595227,Outbound,5.0,Attended Dialled,Completed,0.0,False
5805028000030219296,2024-02-06 15:27:00,John Doe,5805028000011648367,Outbound,0.0,Unattended Dialled,Completed,0.0,False
5805028000043899404,2024-04-15 18:04:00,Kevin Parker,5805028000022490013,Outbound,4.0,Attended Dialled,Completed,0.0,False
5805028000038085747,2024-03-18 15:16:00,Cara Iverson,5805028000023888789,Outbound,5.0,Attended Dialled,Completed,0.0,False
5805028000049210490,2024-05-10 13:09:00,Derek James,5805028000008097198,Outbound,6.0,Attended Dialled,Completed,0.0,False
5805028000041357784,2024-04-03 13:15:00,Ulysses Adams,5805028000040093251,Inbound,179.0,Received,,,False
5805028000023302507,2023-12-27 17:31:00,Kevin Parker,5805028000020431055,Outbound,6.0,Attended Dialled,Completed,0.0,False
5805028000018952119,2023-11-28 12:04:00,Kevin Parker,5805028000012165006,Outbound,252.0,Attended Dialled,Completed,0.0,False
5805028000007834303,2023-09-15 17:03:00,Diana Evans,5805028000007649149,Outbound,7.0,Attended Dialled,Completed,0.0,False
5805028000034481248,2024-02-27 11:45:00,Yara Edwards,5805028000034354085,Outbound,0.0,Unattended Dialled,Completed,0.0,False
5805028000030134586,2024-02-05 14:30:00,Amy Green,5805028000030137292,Missed,0.0,Missed,,,False
5805028000019624513,2023-12-04 17:57:00,Diana Evans,5805028000018758841,Outbound,4.0,Attended Dialled,Completed,0.0,False
5805028000035728261,2024-03-05 17:26:00,Amy Green,5805028000035594871,Outbound,668.0,Attended Dialled,Completed,0.0,False
5805028000001863091,2023-07-14 20:34:00,Alice Johnson,5805028000001848023,Outbound,1173.0,Attended Dialled,Completed,0.0,False
5805028000016957807,2023-11-15 13:54:00,John Doe,5805028000014079316,Outbound,0.0,Unattended Dialled,Completed,0.0,False
5805028000046864662,2024-04-27 16:19:00,Yara Edwards,5805028000046316316,Outbound,0.0,Unattended Dialled,Completed,0.0,False
5805028000024868457,2024-01-08 20:35:00,Wendy Clark,5805028000024714042,Outbound,139.0,Attended Dialled,Completed,0.0,False
5805028000020159363,2023-12-07 17:01:00,Diana Evans,5805028000017921187,Missed,0.0,Missed,,,False
5805028000042376075,2024-04-08 13:04:00,Derek James,5805028000017090120,Outbound,136.0,Attended Dialled,Completed,0.0,False
5805028000050304568,2024-05-16 18:33:00,Cara Iverson,5805028000050302298,Outbound,1888.0,Attended Dialled,Completed,0.0,False
5805028000047521033,2024-04-30 13:31:00,Charlie Davis,5805028000038738222,Outbound,1760.0,Attended Dialled,Completed,0.0,False
5805028000028228389,2024-01-25 17:39:00,John Doe,5805028000014293128,Inbound,359.0,Received,,,False
5805028000009344186,2023-09-29 11:14:00,Charlie Davis,5805028000009363369,Outbound,5.0,Attended Dialled,Completed,0.0,False
5805028000007971469,2023-09-18 17:17:00,Jane Smith,5805028000007861968,Outbound,0.0,Unattended Dialled,Completed,0.0,False
5805028000019812212,2023-12-06 13:35:00,Kevin Parker,5805028000018580540,Outbound,3.0,Attended Dialled,Completed,0.0,False
5805028000028128259,2024-01-24 17:12:00,Kevin Parker,5805028000017707796,Outbound,0.0,Unattended Dialled,Completed,0.0,False
5805028000027875504,2024-01-23 16:35:00,Kevin Parker,5805028000020322243,Missed,0.0,Missed,,,False
5805028000050315207,2024-05-16 11:28:00,Amy Green,5805028000050022413,Outbound,0.0,Unattended Dialled,Completed,0.0,False
5805028000037090873,2024-03-13 12:46:00,Julia Nelson,5805028000032277130,Outbound,0.0,Unattended Dialled,Completed,0.0,False
5805028000006513135,2023-09-02 11:27:00,John Doe,5805028000005154088,Outbound,179.0,Attended Dialled,Completed,0.0,False
5805028000018416224,2023-11-22 17:11:00,Diana Evans,5805028000002150769,Outbound,0.0,Unattended Dialled,Completed,0.0,False
5805028000040234180,2024-03-28 10:56:00,Ulysses Adams,5805028000039406101,Outbound,4.0,Attended Dialled,Completed,0.0,False
5805028000009685337,2023-10-02 13:07:00,Kevin Parker,5805028000009349208,Outbound,0.0,Unattended Dialled,Completed,0.0,False
5805028000054282163,2024-06-10 14:07:00,Cara Iverson,5805028000052665812,Outbound,807.0,Attended Dialled,Completed,0.0,False
5805028000005005081,2023-08-17 19:58:00,Jane Smith,5805028000004581669,Inbound,222.0,Received,,,False
5805028000024892462,2024-01-08 17:47:00,Wendy Clark,5805028000024714042,Outbound,28.0,Attended Dialled,Completed,0.0,False
5805028000013465117,2023-10-24 17:58:00,Diana Evans,5805028000003329100,Outbound,5.0,Attended Dialled,Completed,0.0,False
5805028000031679067,2024-02-13 12:11:00,Amy Green,5805028000031478029,Outbound,60.0,Attended Dialled,Completed,0.0,False
5805028000050592778,2024-05-18 15:30:00,Charlie Davis,5805028000003943363,Outbound,6.0,Attended Dialled,Completed,0.0,False
5805028000054300520,2024-06-10 15:41:00,Ian Miller,5805028000012504158,Outbound,74.0,Attended Dialled,Completed,0.0,False
5805028000054958006,2024-06-12 19:12:00,Quincy Vincent,5805028000042682317,Outbound,4.0,Attended Dialled,Completed,0.0,False
5805028000052391225,2024-05-29 12:06:00,Nina Scott,5805028000051867806,Outbound,6.0,Attended Dialled,Completed,0.0,False
5805028000014599076,2023-10-31 13:21:00,Kevin Parker,5805028000014079316,Outbound,871.0,Attended Dialled,Completed,0.0,False
5805028000011837120,2023-10-16 16:51:00,John Doe,5805028000008689210,Inbound,240.0,Received,,,False
5805028000003559317,2023-08-01 20:51:00,Jane Smith,5805028000003573197,Outbound,5.0,Attended Dialled,Completed,0.0,False
5805028000021225196,2023-12-13 17:52:00,Quincy Vincent,5805028000019629158,Outbound,659.0,Attended Dialled,Completed,0.0,False
5805028000002895464,2023-07-24 10:46:00,Alice Johnson,5805028000002940047,Outbound,12.0,Attended Dialled,Completed,0.0,False
5805028000029907591,2024-02-03 18:13:00,Yara Edwards,5805028000029130156,Outbound,46.0,Attended Dialled,Completed,0.0,False
5805028000018588993,2023-11-24 18:37:00,Nina Scott,5805028000016505898,Outbound,290.0,Attended Dialled,Completed,0.0,False
5805028000046449072,2024-04-25 14:42:00,Ben Hall,5805028000040571517,Outbound,1572.0,Attended Dialled,Completed,0.0,False
5805028000055343314,2024-06-14 16:24:00,Ian Miller,5805028000055208246,Outbound,5.0,Attended Dialled,Completed,0.0,False
5805028000004313065,2023-08-09 20:15:00,Charlie Davis,5805028000001348174,Outbound,5.0,Attended Dialled,Completed,0.0,False
5805028000027718531,2024-01-22 19:43:00,Quincy Vincent,5805028000027562394,Missed,0.0,Missed,,,False
5805028000007643018,2023-09-14 12:42:00,Diana Evans,5805028000003571383,Outbound,142.0,Attended Dialled,Completed,0.0,False
5805028000024871222,2024-01-08 15:29:00,Ulysses Adams,5805028000024148626,Outbound,72.0,Attended Dialled,Completed,0.0,False
5805028000030256265,2024-02-06 12:47:00,John Doe,5805028000028437096,Outbound,145.0,Attended Dialled,Completed,0.0,False
5805028000048935059,2024-05-08 17:18:00,Julia Nelson,5805028000040340336,Outbound,504.0,Attended Dialled,Completed,0.0,False
5805028000052371451,2024-05-29 15:27:00,Nina Scott,5805028000002579006,Outbound,47.0,Attended Dialled,Completed,0.0,False
5805028000027870339,2024-01-23 15:21:00,Charlie Davis,5805028000012658121,Outbound,749.0,Attended Dialled,Completed,0.0,False
5805028000047345360,2024-04-30 09:59:00,Paula Underwood,5805028000045718094,Outbound,7.0,Attended Dialled,Completed,0.0,False
5805028000039412898,2024-03-23 16:30:00,Paula Underwood,5805028000039363410,Outbound,927.0,Attended Dialled,Completed,0.0,False
5805028000043848958,2024-04-15 16:53:00,Ulysses Adams,5805028000043748232,Inbound,2339.0,Received,,,False
5805028000030144366,2024-02-05 12:55:00,John Doe,5805028000007822911,Outbound,152.0,Attended Dialled,Completed,0.0,False
5805028000031550382,2024-02-13 09:02:00,Ulysses Adams,5805028000028740032,Outbound,957.0,Attended Dialled,Completed,0.0,False
5805028000045853171,2024-04-23 14:18:00,Kevin Parker,5805028000017706361,Outbound,5.0,Attended Dialled,Completed,0.0,False
5805028000034460050,2024-02-27 10:17:00,Ulysses Adams,5805028000032829003,Outbound,0.0,Unattended Dialled,Completed,0.0,False
5805028000028595456,2024-01-28 18:15:00,Yara Edwards,5805028000003298106,Outbound,4.0,Attended Dialled,Completed,0.0,False
5805028000047762151,2024-05-02 18:27:00,Quincy Vincent,5805028000047729164,Outbound,146.0,Attended Dialled,Completed,0.0,False
5805028000019449130,2023-12-01 14:10:00,John Doe,5805028000012439017,Outbound,139.0,Attended Dialled,Completed,0.0,False
5805028000047726885,2024-05-02 18:13:00,Derek James,5805028000012448132,Outbound,0.0,Unattended Dialled,Completed,0.0,False
5805028000052799792,2024-05-31 15:31:00,Yara Edwards,5805028000052823052,Outbound,11.0,Attended Dialled,Completed,0.0,False
5805028000044019624,2024-04-16 13:39:00,Charlie Davis,5805028000043007272,Inbound,565.0,Received,,,False
5805028000022776054,2023-12-22 16:37:00,Nina Scott,5805028000022149595,Outbound,209.0,Attended Dialled,Completed,0.0,False
5805028000008776844,2023-09-25 13:25:00,Fiona Jackson,5805028000003659169,Missed,0.0,Missed,,,False
5805028000019745471,2023-12-05 18:03:00,John Doe,5805028000007855880,Inbound,225.0,Received,,,False
5805028000020305428,2023-12-08 15:23:00,John Doe,5805028000014944237,Inbound,439.0,Received,,,False
5805028000056824313,2024-06-21 13:38:00,Kevin Parker,5805028000028469251,Outbound,47.0,Attended Dialled,Completed,0.0,False
5805028000035788401,2024-03-06 09:32:00,Ulysses Adams,5805028000035595227,Outbound,987.0,Attended Dialled,Completed,0.0,False
5805028000045370349,2024-04-22 09:32:00,Derek James,5805028000040258511,Outbound,272.0,Attended Dialled,Completed,0.0,False
5805028000010580071,2023-10-09 15:06:00,Fiona Jackson,5805028000010410365,Missed,0.0,Missed,,,False
5805028000009192049,2023-09-27 16:04:00,John Doe,5805028000003597256,Outbound,6.0,Attended Dialled,Completed,0.0,False
5805028000021075951,2023-12-13 13:14:00,John Doe,5805028000015866449,Inbound,417.0,Received,,,False
5805028000039040467,2024-03-21 16:14:00,Kevin Parker,5805028000031509418,Outbound,123.0,Attended Dialled,Completed,0.0,False
5805028000039015188,2024-03-21 13:13:00,John Doe,5805028000012448132,Missed,0.0,Missed,,,False
5805028000024191000,2024-01-04 12:06:00,Nina Scott,5805028000023888789,Outbound,4.0,Attended Dialled,Completed,0.0,False
5805028000044490414,2024-04-17 11:21:00,Kevin Parker,5805028000021694805,Outbound,5.0,Attended Dialled,Completed,0.0,False
5805028000018153391,2023-11-21 16:03:00,Charlie Davis,5805028000009580061,Outbound,3.0,Attended Dialled,Completed,0.0,False
5805028000039394198,2024-03-22 18:42:00,Ben Hall,5805028000038526284,Outbound,0.0,Unattended Dialled,Completed,0.0,False
5805028000035160222,2024-02-29 18:10:00,Yara Edwards,5805028000033311929,Outbound,0.0,Unattended Dialled,Completed,0.0,False
5805028000021085279,2023-12-12 18:37:00,Charlie Davis,5805028000009826235,Outbound,6.0,Attended Dialled,Completed,0.0,False
5805028000037912410,2024-03-16 16:56:00,Yara Edwards,5805028000036392788,Outbound,11.0,Attended Dialled,Completed,0.0,False
5805028000005950246,2023-08-28 11:02:00,John Doe,5805028000003818105,Outbound,116.0,Attended Dialled,Completed,0.0,False
5805028000041171119,2024-04-02 14:39:00,Ben Hall,5805028000025202328,Outbound,5.0,Attended Dialled,Completed,0.0,False
5805028000026740389,2024-01-18 14:31:00,Julia Nelson,5805028000021923364,Outbound,5.0,Attended Dialled,Completed,0.0,False
5805028000009226294,2023-09-28 11:07:00,Julia Nelson,5805028000009191231,Outbound,5.0,Attended Dialled,Completed,0.0,False
5805028000051503717,2024-05-24 13:32:00,Nina Scott,5805028000023854468,Outbound,5.0,Attended Dialled,Completed,0.0,False
5805028000007834051,2023-09-15 11:19:00,Julia Nelson,5805028000005428225,Outbound,6.0,Attended Dialled,Completed,0.0,False
5805028000052355512,2024-05-29 15:50:00,Charlie Davis,5805028000025771061,Outbound,90.0,Attended Dialled,Completed,0.0,False
5805028000004283047,2023-08-09 15:49:00,Charlie Davis,5805028000003659169,Outbound,2242.0,Attended Dialled,Completed,0.0,False
5805028000031509016,2024-02-12 12:45:00,Julia Nelson,5805028000011727058,Outbound,5.0,Attended Dialled,Completed,0.0,False
5805028000042392020,2024-04-08 12:16:00,Yara Edwards,5805028000018983828,Outbound,7.0,Attended Dialled,Completed,0.0,False
5805028000053564839,2024-06-05 15:48:00,Amy Green,5805028000053259390,Outbound,18.0,Attended Dialled,Completed,0.0,False
5805028000009896123,2023-10-03 19:28:00,Diana Evans,5805028000006023058,Outbound,75.0,Attended Dialled,Completed,0.0,False
5805028000045957240,2024-04-23 19:13:00,Julia Nelson,5805028000037293210,Inbound,43.0,Received,,,False
5805028000046323827,2024-04-25 13:51:00,Victor Barnes,5805028000030143280,Outbound,0.0,Unattended Dialled,Completed,0.0,False
5805028000013268207,2023-10-23 14:59:00,Jane Smith,5805028000008804090,Outbound,738.0,Attended Dialled,Completed,0.0,False
5805028000045054260,2024-04-19 13:05:00,Paula Underwood,5805028000022673119,Outbound,135.0,Attended Dialled,Completed,0.0,False
5805028000033270207,2024-02-21 17:16:00,Amy Green,5805028000032964170,Outbound,13.0,Attended Dialled,Completed,0.0,False
5805028000047327347,2024-04-30 11:18:00,Derek James,5805028000036006065,Outbound,75.0,Attended Dialled,Completed,0.0,False
5805028000014285404,2023-10-30 13:04:00,Jane Smith,5805028000011759095,Outbound,1183.0,Attended Dialled,Completed,0.0,False
5805028000006021001,2023-08-28 12:23:00,Jane Smith,5805028000005453123,Outbound,1274.0,Attended Dialled,Completed,0.0,False
5805028000021924259,2023-12-18 17:24:00,John Doe,5805028000018580408,Outbound,248.0,Attended Dialled,Completed,0.0,False
5805028000052402682,2024-05-29 17:34:00,Ben Hall,5805028000025058077,Outbound,5.0,Attended Dialled,Completed,0.0,False
5805028000027409486,2024-01-20 12:38:00,Paula Underwood,5805028000006547316,Outbound,6.0,Attended Dialled,Completed,0.0,False
5805028000008806217,2023-09-24 11:04:00,Diana Evans,5805028000006633230,Outbound,0.0,Unattended Dialled,Completed,0.0,False
5805028000029380150,2024-01-31 18:06:00,John Doe,5805028000005939384,Outbound,5.0,Attended Dialled,Completed,0.0,False
5805028000056692364,2024-06-20 16:28:00,Kevin Parker,5805028000019434907,Outbound,38.0,Attended Dialled,Completed,0.0,False
5805028000051840973,2024-05-27 11:05:00,Paula Underwood,5805028000035335717,Outbound,5.0,Attended Dialled,Completed,0.0,False
5805028000046966025,2024-04-27 16:07:00,Yara Edwards,5805028000046003366,Outbound,0.0,Unattended Dialled,Completed,0.0,False
5805028000014575318,2023-10-31 17:17:00,Diana Evans,5805028000013957186,Missed,0.0,Missed,,,False
5805028000034921534,2024-02-29 10:52:00,John Doe,5805028000009354181,Outbound,108.0,Attended Dialled,Completed,0.0,False
5805028000048937053,2024-05-08 17:17:00,Julia Nelson,5805028000040340336,Outbound,0.0,Unattended Dialled,Completed,0.0,False
5805028000014494264,2023-10-31 10:14:00,Julia Nelson,5805028000013946200,Outbound,23.0,Attended Dialled,Completed,0.0,False
5805028000038722675,2024-03-20 15:57:00,Ulysses Adams,5805028000031509418,Outbound,8.0,Attended Dialled,Completed,0.0,False
5805028000041198574,2024-04-02 18:26:00,Ben Hall,5805028000025202328,Outbound,57.0,Attended Dialled,Completed,0.0,False
5805028000042451339,2024-04-08 15:31:00,Derek James,5805028000010031086,Outbound,94.0,Attended Dialled,Completed,0.0,False
5805028000036135263,2024-03-07 18:30:00,Yara Edwards,5805028000034704503,Outbound,4.0,Attended Dialled,Completed,0.0,False
5805028000050491045,2024-05-17 13:04:00,Ben Hall,5805028000035754216,Outbound,0.0,Unattended Dialled,Completed,0.0,False
5805028000027880705,2024-01-23 16:46:00,Yara Edwards,5805028000027706535,Outbound,428.0,Attended Dialled,Completed,0.0,False
5805028000012764132,2023-10-20 11:10:00,Kevin Parker,5805028000012210030,Outbound,5.0,Attended Dialled,Completed,0.0,False
5805028000023276059,2023-12-27 10:35:00,Ulysses Adams,5805028000021261280,Outbound,103.0,Attended Dialled,Completed,0.0,False
5805028000039784137,2024-03-26 12:03:00,Ben Hall,5805028000030468523,Outbound,658.0,Attended Dialled,Completed,0.0,False
5805028000050245191,2024-05-16 10:13:00,Charlie Davis,5805028000049771404,Outbound,687.0,Attended Dialled,Completed,0.0,False
5805028000019114606,2023-11-30 10:26:00,Nina Scott,5805028000018706062,Outbound,5.0,Attended Dialled,Completed,0.0,False
5805028000042261927,2024-04-07 19:40:00,Quincy Vincent,5805028000041357097,Outbound,5.0,Attended Dialled,Completed,0.0,False
5805028000028228102,2024-01-25 13:34:00,Quincy Vincent,5805028000028022895,Outbound,5.0,Attended Dialled,Completed,0.0,False
5805028000029557744,2024-02-01 19:10:00,Victor Barnes,5805028000008485160,Outbound,796.0,Attended Dialled,Completed,0.0,False
5805028000039654106,2024-03-25 13:34:00,Charlie Davis,5805028000011394067,Missed,0.0,Missed,,,False
5805028000017836193,2023-11-20 10:07:00,Nina Scott,5805028000017308282,Outbound,0.0,Unattended Dialled,Completed,0.0,False
5805028000028884135,2024-01-30 12:12:00,Kevin Parker,5805028000024369400,Outbound,5.0,Attended Dialled,Completed,0.0,False
5805028000013287084,2023-10-23 15:39:00,Diana Evans,5805028000010188233,Outbound,5.0,Attended Dialled,Completed,0.0,False
5805028000041518147,2024-04-03 18:27:00,Julia Nelson,5805028000014500034,Outbound,51.0,Attended Dialled,Completed,0.0,False
5805028000009229388,2023-09-28 14:44:00,George King,5805028000007223158,Outbound,166.0,Attended Dialled,Completed,0.0,False
5805028000007418090,2023-09-13 12:01:00,Diana Evans,5805028000007218219,Outbound,155.0,Attended Dialled,Completed,0.0,False
5805028000050278848,2024-05-16 18:52:00,Nina Scott,5805028000033413110,Missed,0.0,Missed,,,False
5805028000028410096,2024-01-26 13:54:00,John Doe,5805028000014660161,Outbound,0.0,Unattended Dialled,Completed,0.0,False
5805028000039637616,2024-03-25 18:33:00,Charlie Davis,5805028000011394067,Missed,0.0,Missed,,,False
5805028000027752389,2024-01-22 17:59:00,Ulysses Adams,5805028000024195789,Outbound,105.0,Attended Dialled,Completed,0.0,False
5805028000042833598,2024-04-10 13:59:00,Nina Scott,5805028000042698959,Outbound,0.0,Unattended Dialled,Completed,0.0,False
5805028000049782773,2024-05-14 11:18:00,Yara Edwards,5805028000011646219,Inbound,23.0,Received,,,False
5805028000052037042,2024-05-27 15:15:00,Victor Barnes,5805028000050304672,Outbound,128.0,Attended Dialled,Completed,0.0,False
5805028000008653032,2023-09-22 17:29:00,Jane Smith,5805028000007086588,Outbound,0.0,Unattended Dialled,Completed,0.0,False
5805028000028873251,2024-01-30 12:12:00,Kevin Parker,5805028000024369400,Inbound,1143.0,Received,,,False
5805028000056386304,2024-06-19 13:40:00,Victor Barnes,5805028000026053029,Outbound,199.0,Attended Dialled,Completed,0.0,False
5805028000029585614,2024-02-01 17:36:00,John Doe,5805028000017756471,Inbound,490.0,Received,,,False
5805028000010602281,2023-10-09 20:10:00,Diana Evans,5805028000009668134,Outbound,148.0,Attended Dialled,Completed,0.0,False
5805028000044858713,2024-04-18 14:32:00,Yara Edwards,5805028000044020750,Outbound,71.0,Attended Dialled,Completed,0.0,False
5805028000050006287,2024-05-14 18:00:00,Nina Scott,5805028000027839017,Outbound,5.0,Attended Dialled,Completed,0.0,False
5805028000016109045,2023-11-09 13:38:00,Kevin Parker,5805028000004593436,Outbound,5.0,Attended Dialled,Completed,0.0,False
5805028000026301250,2024-01-16 17:31:00,Xander Dean,5805028000026041053,Outbound,6.0,Attended Dialled,Completed,0.0,False
5805028000033773153,2024-02-23 17:02:00,Julia Nelson,5805028000028005256,Outbound,4.0,Attended Dialled,Completed,0.0,False
5805028000013637109,2023-10-25 17:19:00,Julia Nelson,5805028000008982290,Outbound,124.0,Attended Dialled,Completed,0.0,False
5805028000034431452,2024-02-27 10:52:00,Quincy Vincent,5805028000034025608,Outbound,7.0,Attended Dialled,Completed,0.0,False
5805028000035615926,2024-03-05 11:48:00,Yara Edwards,5805028000001882098,Missed,0.0,Missed,,,False
5805028000010734155,2023-10-10 15:17:00,Fiona Jackson,5805028000010414707,Missed,0.0,Missed,,,False
5805028000020739197,2023-12-11 16:36:00,John Doe,5805028000014660018,Outbound,288.0,Attended Dialled,Completed,0.0,False
5805028000045444295,2024-04-22 15:24:00,Amy Green,5805028000037561700,Outbound,0.0,Unattended Dialled,Completed,0.0,False
5805028000017208666,2023-11-16 15:27:00,John Doe,5805028000007866898,Inbound,207.0,Received,,,False
5805028000003428172,2023-07-29 15:14:00,Alice Johnson,5805028000003105044,Outbound,0.0,Unattended Dialled,Completed,0.0,False
5805028000045314755,2024-04-21 15:43:00,Paula Underwood,5805028000045320378,Outbound,14.0,Attended Dialled,Completed,0.0,False
5805028000045431048,2024-04-22 12:54:00,John Doe,5805028000017915511,Missed,0.0,Missed,,,False
5805028000029038275,2024-01-30 16:38:00,Zachary Foster,5805028000028436226,Outbound,0.0,Unattended Dialled,Completed,0.0,False
5805028000047326118,2024-04-29 17:55:00,Julia Nelson,5805028000047033994,Outbound,1169.0,Attended Dialled,Completed,0.0,False
5805028000044729310,2024-04-17 18:01:00,Derek James,5805028000031354796,Outbound,776.0,Attended Dialled,Completed,0.0,False
5805028000048466545,2024-05-07 12:09:00,Derek James,5805028000023888364,Outbound,82.0,Attended Dialled,Completed,0.0,False
5805028000051851023,2024-05-25 13:46:00,Eva Kent,5805028000050827073,Outbound,0.0,Unattended Dialled,Completed,0.0,False
5805028000050138252,2024-05-15 17:00:00,Julia Nelson,5805028000036649455,Outbound,114.0,Attended Dialled,Completed,0.0,False
5805028000011074105,2023-10-11 17:07:00,Julia Nelson,5805028000010617278,Outbound,1141.0,Attended Dialled,Completed,0.0,False
5805028000032975326,2024-02-20 13:11:00,Paula Underwood,5805028000020431055,Outbound,4.0,Attended Dialled,Completed,0.0,False
5805028000021104133,2023-12-12 15:55:00,Kevin Parker,5805028000017753123,Outbound,60.0,Attended Dialled,Completed,0.0,False
5805028000041357672,2024-04-03 11:55:00,Ulysses Adams,5805028000041408416,Inbound,168.0,Received,,,False
5805028000052188518,2024-05-28 16:17:00,Paula Underwood,5805028000031278052,Outbound,117.0,Attended Dialled,Completed,0.0,False
5805028000022040025,2023-12-19 10:16:00,John Doe,5805028000012259131,Outbound,53.0,Attended Dialled,Completed,0.0,False
5805028000050007133,2024-05-14 17:02:00,Victor Barnes,5805028000038234368,Outbound,30.0,Attended Dialled,Completed,0.0,False
5805028000010734255,2023-10-10 18:34:00,Diana Evans,5805028000010188233,Outbound,10.0,Attended Dialled,Completed,0.0,False
5805028000017659243,2023-11-18 17:01:00,Nina Scott,5805028000016506790,Outbound,124.0,Attended Dialled,Completed,0.0,False
5805028000027908118,2024-01-23 11:43:00,Nina Scott,5805028000027338003,Outbound,7.0,Attended Dialled,Completed,0.0,False
5805028000048791450,2024-05-08 11:10:00,Yara Edwards,5805028000036736113,Outbound,0.0,Unattended Dialled,Completed,0.0,False
5805028000029576191,2024-02-01 14:49:00,Yara Edwards,5805028000015904048,Outbound,4.0,Attended Dialled,Completed,0.0,False
5805028000009347327,2023-09-29 12:43:00,Fiona Jackson,5805028000006620232,Missed,0.0,Missed,,,False
5805028000046993275,2024-04-28 11:52:00,Nina Scott,5805028000047013193,Outbound,257.0,Attended Dialled,Completed,0.0,False
5805028000009226270,2023-09-28 10:15:00,Jane Smith,5805028000009230180,Outbound,1249.0,Attended Dialled,Completed,0.0,False
5805028000052167377,2024-05-28 13:55:00,Amy Green,5805028000048225948,Outbound,465.0,Attended Dialled,Completed,0.0,False
5805028000048043328,2024-05-04 12:29:00,Yara Edwards,5805028000048099400,Outbound,175.0,Attended Dialled,Completed,0.0,False
5805028000043128219,2024-04-11 10:20:00,Derek James,5805028000028600516,Outbound,114.0,Attended Dialled,Completed,0.0,False
5805028000050281759,2024-05-16 16:48:00,Amy Green,5805028000050001350,Outbound,0.0,Unattended Dialled,Completed,0.0,False
5805028000041334690,2024-04-03 13:11:00,Amy Green,5805028000040372378,Outbound,0.0,Unattended Dialled,Completed,0.0,False
5805028000018971852,2023-11-29 12:15:00,Ian Miller,5805028000017925790,Outbound,7.0,Attended Dialled,Completed,0.0,False
5805028000018408085,2023-11-22 17:05:00,Kevin Parker,5805028000015578172,Outbound,7.0,Attended Dialled,Completed,0.0,False
5805028000024508159,2024-01-05 16:23:00,John Doe,5805028000010631113,Outbound,6.0,Attended Dialled,Completed,0.0,False
5805028000016637379,2023-11-13 12:56:00,Ian Miller,5805028000016622217,Outbound,24.0,Attended Dialled,Completed,0.0,False
5805028000033311732,2024-02-22 11:06:00,Ulysses Adams,5805028000017707038,Outbound,211.0,Attended Dialled,Completed,0.0,False
5805028000031550147,2024-02-12 17:17:00,Victor Barnes,5805028000024546656,Outbound,193.0,Attended Dialled,Completed,0.0,False
5805028000027986928,2024-01-24 16:25:00,John Doe,5805028000013778159,Outbound,34.0,Attended Dialled,Completed,0.0,False
5805028000026304212,2024-01-16 18:13:00,Quincy Vincent,5805028000025986282,Outbound,10.0,Attended Dialled,Completed,0.0,False
5805028000014806006,2023-11-01 13:09:00,Charlie Davis,5805028000004910006,Outbound,5.0,Attended Dialled,Completed,0.0,False
5805028000053691089,2024-06-05 17:01:00,Derek James,5805028000017921187,Outbound,4.0,Attended Dialled,Completed,0.0,False
5805028000039771394,2024-03-26 13:19:00,Paula Underwood,5805028000019608861,Inbound,175.0,Received,,,False
5805028000037846031,2024-03-15 14:37:00,Cara Iverson,5805028000028292027,Outbound,122.0,Attended Dialled,Completed,0.0,False
5805028000045999184,2024-04-23 19:23:00,Ben Hall,5805028000045218090,Outbound,12.0,Attended Dialled,Completed,0.0,False
5805028000024142963,2024-01-03 21:24:00,Sam Young,5805028000023041634,Outbound,3033.0,Attended Dialled,Completed,0.0,False
5805028000052391057,2024-05-29 10:05:00,Ulysses Adams,5805028000005153065,Outbound,48.0,Attended Dialled,Completed,0.0,False
5805028000011602900,2023-10-15 13:43:00,Charlie Davis,5805028000011394067,Outbound,698.0,Attended Dialled,Completed,0.0,False
5805028000012575018,2023-10-19 12:18:00,Ian Miller,5805028000012562006,Outbound,10.0,Attended Dialled,Completed,0.0,False
5805028000040394715,2024-03-29 15:17:00,Victor Barnes,5805028000028536339,Outbound,160.0,Attended Dialled,Completed,0.0,False
5805028000006345370,2023-08-31 20:05:00,Jane Smith,5805028000005614074,Outbound,418.0,Attended Dialled,Completed,0.0,False
5805028000039027154,2024-03-21 11:20:00,Charlie Davis,5805028000033710188,Missed,0.0,Missed,,,False
5805028000038986052,2024-03-21 09:25:00,Ulysses Adams,5805028000028886300,Outbound,7.0,Attended Dialled,Completed,0.0,False
5805028000026040387,2024-01-15 13:24:00,Kevin Parker,5805028000017960616,Outbound,6.0,Attended Dialled,Completed,0.0,False
5805028000016927524,2023-11-15 13:51:00,Jane Smith,5805028000011759095,Outbound,413.0,Attended Dialled,Completed,0.0,False
5805028000047336627,2024-04-30 13:12:00,Quincy Vincent,5805028000044674634,Outbound,5.0,Attended Dialled,Completed,0.0,False
5805028000017337001,2023-11-16 17:52:00,Charlie Davis,5805028000008026061,Outbound,6.0,Attended Dialled,Completed,0.0,False
5805028000037119590,2024-03-13 14:23:00,Yara Edwards,5805028000037101500,Outbound,190.0,Attended Dialled,Completed,0.0,False
5805028000042651360,2024-04-09 13:55:00,Cara Iverson,5805028000042449229,Outbound,25.0,Attended Dialled,Completed,0.0,False
5805028000056590425,2024-06-20 12:30:00,Nina Scott,5805028000049792171,Inbound,86.0,Received,,,False
5805028000042698923,2024-04-09 19:07:00,Ulysses Adams,5805028000038234368,Outbound,186.0,Attended Dialled,Completed,0.0,False
5805028000050287328,2024-05-16 14:05:00,Charlie Davis,5805028000050016562,Outbound,733.0,Attended Dialled,Completed,0.0,False
5805028000018774704,2023-11-27 17:01:00,Julia Nelson,5805028000017918386,Outbound,149.0,Attended Dialled,Completed,0.0,False
5805028000008965090,2023-09-25 19:04:00,Diana Evans,5805028000003422640,Outbound,0.0,Unattended Dialled,Completed,0.0,False
5805028000044258322,2024-04-16 17:33:00,Amy Green,5805028000044017739,Outbound,37.0,Attended Dialled,Completed,0.0,False
5805028000026735121,2024-01-18 13:46:00,Victor Barnes,5805028000020771658,Inbound,483.0,Received,,,False
5805028000011075027,2023-10-11 15:38:00,John Doe,5805028000003329100,Missed,0.0,Missed,,,False
5805028000038393231,2024-03-19 17:24:00,Julia Nelson,5805028000011727058,Outbound,40.0,Attended Dialled,Completed,0.0,False
5805028000029555003,2024-02-01 11:25:00,John Doe,5805028000017646451,Outbound,5.0,Attended Dialled,Completed,0.0,False
5805028000045411004,2024-04-22 11:56:00,Victor Barnes,5805028000030143280,Outbound,0.0,Unattended Dialled,Completed,0.0,False
5805028000042150894,2024-04-06 18:08:00,Charlie Davis,5805028000042156585,Outbound,1314.0,Attended Dialled,Completed,0.0,False
5805028000032899123,2024-02-19 18:07:00,Quincy Vincent,5805028000032684151,Outbound,1244.0,Attended Dialled,Completed,0.0,False
5805028000016166144,2023-11-09 17:15:00,Diana Evans,5805028000003329100,Outbound,298.0,Attended Dialled,Completed,0.0,False
5805028000028002081,2024-01-23 18:00:00,Yara Edwards,5805028000026728182,Inbound,438.0,Received,,,False
5805028000049678011,2024-05-13 12:16:00,Julia Nelson,5805028000026015074,Outbound,302.0,Attended Dialled,Completed,0.0,False
5805028000015583560,2023-11-07 11:29:00,Mason Roberts,5805028000015298367,Outbound,950.0,Attended Dialled,Completed,0.0,False
5805028000025181240,2024-01-09 18:01:00,Julia Nelson,5805028000014077165,Outbound,113.0,Attended Dialled,Completed,0.0,False
5805028000029789178,2024-02-02 13:36:00,Amy Green,5805028000029782013,Missed,0.0,Missed,,,False
5805028000013978025,2023-10-27 10:12:00,Charlie Davis,5805028000012844088,Outbound,8.0,Attended Dialled,Completed,0.0,False
5805028000046826001,2024-04-26 14:14:00,Kevin Parker,5805028000036392961,Outbound,38.0,Attended Dialled,Completed,0.0,False
5805028000020284345,2023-12-08 12:22:00,Nina Scott,5805028000019914726,Outbound,0.0,Unattended Dialled,Completed,0.0,False
5805028000015172644,2023-11-04 12:11:00,Ian Miller,5805028000014793086,Outbound,12.0,Attended Dialled,Completed,0.0,False
5805028000018388747,2023-11-23 14:00:00,Ian Miller,5805028000018523007,Outbound,338.0,Attended Dialled,Completed,0.0,False
5805028000050395188,2024-05-17 10:33:00,Paula Underwood,5805028000049081001,Outbound,5.0,Attended Dialled,Completed,0.0,False
5805028000056466096,2024-06-19 17:23:00,Quincy Vincent,5805028000033422012,Outbound,6.0,Attended Dialled,Completed,0.0,False
5805028000054111525,2024-06-09 12:59:00,Cara Iverson,5805028000053993277,Outbound,17.0,Attended Dialled,Completed,0.0,False
5805028000035790403,2024-03-06 09:22:00,Ulysses Adams,5805028000035595227,Outbound,577.0,Attended Dialled,Completed,0.0,False
5805028000011263306,2023-10-12 15:06:00,John Doe,5805028000004581934,Outbound,232.0,Attended Dialled,Completed,0.0,False
5805028000045035551,2024-04-19 15:27:00,Ben Hall,5805028000040533342,Outbound,349.0,Attended Dialled,Completed,0.0,False
5805028000056555406,2024-06-20 12:22:00,Nina Scott,5805028000050812501,Outbound,46.0,Attended Dialled,Completed,0.0,False
5805028000006994027,2023-09-07 16:33:00,Jane Smith,5805028000006018243,Outbound,475.0,Attended Dialled,Completed,0.0,False
5805028000022252264,2023-12-20 15:10:00,John Doe,5805028000009044013,Outbound,43.0,Attended Dialled,Completed,0.0,False
5805028000032684362,2024-02-18 19:30:00,Quincy Vincent,5805028000031354796,Outbound,827.0,Attended Dialled,Completed,0.0,False
5805028000016425110,2023-11-10 16:01:00,Jane Smith,5805028000016420100,Outbound,1002.0,Attended Dialled,Completed,0.0,False
5805028000009986018,2023-10-04 18:23:00,Fiona Jackson,5805028000007089425,Missed,0.0,Missed,,,False
5805028000053387010,2024-06-04 14:17:00,Julia Nelson,5805028000052550064,Outbound,405.0,Attended Dialled,Completed,0.0,False
5805028000040248170,2024-03-28 10:48:00,Ulysses Adams,5805028000007866898,Outbound,6.0,Attended Dialled,Completed,0.0,False
5805028000056570540,2024-06-20 12:25:00,Nina Scott,5805028000049792171,Outbound,7.0,Attended Dialled,Completed,0.0,False
5805028000024170252,2024-01-03 14:11:00,Sam Young,5805028000021815043,Outbound,50.0,Attended Dialled,Completed,0.0,False
5805028000052195608,2024-05-28 16:31:00,Quincy Vincent,5805028000040804112,Outbound,0.0,Unattended Dialled,Completed,0.0,False
5805028000053117867,2024-06-03 12:36:00,Ulysses Adams,5805028000052392304,Outbound,5.0,Attended Dialled,Completed,0.0,False
5805028000002926522,2023-07-24 12:52:00,Alice Johnson,5805028000002895607,Outbound,29.0,Attended Dialled,Completed,0.0,False
5805028000021411068,2023-12-14 16:57:00,Quincy Vincent,5805028000008485160,Outbound,0.0,Unattended Dialled,Completed,0.0,False
5805028000021904285,2023-12-18 19:47:00,Diana Evans,5805028000021266636,Outbound,57.0,Attended Dialled,Completed,0.0,False
5805028000054114009,2024-06-08 15:11:00,Yara Edwards,5805028000054108040,Outbound,6.0,Attended Dialled,Completed,0.0,False
5805028000008035206,2023-09-19 10:28:00,Charlie Davis,5805028000002940571,Outbound,45.0,Attended Dialled,Completed,0.0,False
5805028000048584094,2024-05-07 15:45:00,Yara Edwards,5805028000048465070,Outbound,0.0,Unattended Dialled,Completed,0.0,False
5805028000051420339,2024-05-23 15:31:00,Yara Edwards,5805028000051367097,Outbound,5.0,Attended Dialled,Completed,0.0,False
5805028000055602221,2024-06-16 14:47:00,Victor Barnes,5805028000027703274,Outbound,874.0,Attended Dialled,Completed,0.0,False
5805028000007346049,2023-09-12 20:33:00,George King,5805028000006620232,Outbound,11.0,Attended Dialled,Completed,0.0,False
5805028000056379322,2024-06-19 13:45:00,Paula Underwood,5805028000027197242,Outbound,33.0,Attended Dialled,Completed,0.0,False
5805028000038383408,2024-03-19 17:30:00,Julia Nelson,5805028000035493617,Outbound,6.0,Attended Dialled,Completed,0.0,False
5805028000025278640,2024-01-10 16:20:00,Nina Scott,5805028000013778159,Missed,0.0,Missed,,,False
5805028000043606905,2024-04-13 12:42:00,Nina Scott,5805028000043396520,Outbound,0.0,Unattended Dialled,Completed,0.0,False
5805028000012370282,2023-10-18 13:42:00,John Doe,5805028000008246089,Missed,0.0,Missed,,,False
5805028000030137220,2024-02-05 11:58:00,Nina Scott,5805028000003853013,Missed,0.0,Missed,,,False
5805028000009787252,2023-10-03 11:15:00,Diana Evans,5805028000002150769,Outbound,160.0,Attended Dialled,Completed,0.0,False
5805028000018157135,2023-11-21 13:19:00,Ethan Harris,5805028000013847362,Outbound,5.0,Attended Dialled,Completed,0.0,False
5805028000051865687,2024-05-26 17:17:00,Yara Edwards,5805028000051559281,Outbound,5.0,Attended Dialled,Completed,0.0,False
5805028000023754162,2023-12-29 17:49:00,Quincy Vincent,5805028000019629158,Outbound,105.0,Attended Dialled,Completed,0.0,False
5805028000008574184,2023-09-22 15:35:00,Kevin Parker,5805028000002771017,Outbound,321.0,Attended Dialled,Completed,0.0,False
5805028000035797622,2024-03-06 10:33:00,Ulysses Adams,5805028000026035241,Missed,0.0,Missed,,,False
5805028000056188759,2024-06-18 17:33:00,Derek James,5805028000040664889,Outbound,680.0,Attended Dialled,Completed,0.0,False
5805028000051428162,2024-05-23 14:33:00,Nina Scott,5805028000005853351,Outbound,7.0,Attended Dialled,Completed,0.0,False
5805028000029368064,2024-01-31 16:21:00,Paula Underwood,5805028000027861303,Outbound,5.0,Attended Dialled,Completed,0.0,False
5805028000018959298,2023-11-28 14:31:00,Julia Nelson,5805028000018811437,Outbound,35.0,Attended Dialled,Completed,0.0,False
5805028000004765307,2023-08-15 20:39:00,Diana Evans,5805028000004130492,Outbound,348.0,Attended Dialled,Completed,0.0,False
5805028000028228078,2024-01-25 12:44:00,Paula Underwood,5805028000025850763,Outbound,6.0,Attended Dialled,Completed,0.0,False
5805028000023652126,2023-12-29 12:54:00,John Doe,5805028000005274669,Inbound,234.0,Received,,,False
5805028000024053229,2024-01-02 16:55:00,Nina Scott,5805028000021538901,Missed,0.0,Missed,,,False
5805028000003953063,2023-08-05 15:22:00,Charlie Davis,5805028000002822001,Outbound,0.0,Unattended Dialled,Completed,0.0,False
5805028000026081123,2024-01-15 16:16:00,Ian Miller,5805028000026042160,Outbound,7.0,Attended Dialled,Completed,0.0,False
5805028000011603572,2023-10-15 13:32:00,Kevin Parker,5805028000011727058,Outbound,5.0,Attended Dialled,Completed,0.0,False
5805028000047477077,2024-04-30 14:04:00,John Doe,5805028000013039245,Missed,0.0,Missed,,,False
5805028000047967310,2024-05-03 17:41:00,Derek James,5805028000021694805,Outbound,11.0,Attended Dialled,Completed,0.0,False
5805028000034480063,2024-02-27 09:48:00,Charlie Davis,5805028000031986152,Inbound,2034.0,Received,,,False
5805028000056196201,2024-06-18 13:55:00,Ulysses Adams,5805028000014083595,Outbound,360.0,Attended Dialled,Completed,0.0,False
5805028000043462334,2024-04-12 11:22:00,Charlie Davis,5805028000004405059,Outbound,474.0,Attended Dialled,Completed,0.0,False
5805028000019608591,2023-12-04 17:19:00,John Doe,5805028000004841041,Outbound,7.0,Attended Dialled,Completed,0.0,False
5805028000055588703,2024-06-16 19:07:00,Victor Barnes,5805028000028005170,Outbound,45.0,Attended Dialled,Completed,0.0,False
5805028000005255406,2023-08-21 10:19:00,John Doe,5805028000001880249,Missed,0.0,Missed,,,False
5805028000055821286,2024-06-17 13:49:00,Victor Barnes,5805028000039785065,Outbound,35.0,Attended Dialled,Completed,0.0,False
5805028000055622027,2024-06-16 15:04:00,Victor Barnes,5805028000017707796,Outbound,0.0,Unattended Dialled,Completed,0.0,False
5805028000005677128,2023-08-24 15:34:00,Diana Evans,5805028000003818105,Missed,0.0,Missed,,,False
5805028000051669426,2024-05-24 19:23:00,Julia Nelson,5805028000051542154,Outbound,48.0,Attended Dialled,Completed,0.0,False
5805028000022956705,2023-12-24 14:42:00,Ulysses Adams,5805028000021601774,Outbound,0.0,Unattended Dialled,Completed,0.0,False
5805028000008966526,2023-09-26 12:17:00,Diana Evans,5805028000008965025,Outbound,188.0,Attended Dialled,Completed,0.0,False
5805028000039588082,2024-03-25 10:30:00,Ian Miller,5805028000039523899,Outbound,311.0,Attended Dialled,Completed,0.0,False
5805028000054287855,2024-06-10 19:12:00,Derek James,5805028000038228682,Outbound,5.0,Attended Dialled,Completed,0.0,False
5805028000050960474,2024-05-21 15:43:00,Kevin Parker,5805028000023051156,Outbound,5.0,Attended Dialled,Completed,0.0,False
5805028000039661192,2024-03-25 15:19:00,Ulysses Adams,5805028000025589408,Outbound,4.0,Attended Dialled,Completed,0.0,False
5805028000041664394,2024-04-04 10:31:00,Quincy Vincent,5805028000037118344,Outbound,6.0,Attended Dialled,Completed,0.0,False
5805028000027239190,2024-01-19 16:19:00,Paula Underwood,5805028000005268612,Outbound,30.0,Attended Dialled,Completed,0.0,False
5805028000044018421,2024-04-16 12:08:00,Ulysses Adams,5805028000035088015,Outbound,75.0,Attended Dialled,Completed,0.0,False
5805028000045239380,2024-04-20 11:46:00,Yara Edwards,5805028000044508232,Outbound,4.0,Attended Dialled,Completed,0.0,False
5805028000013255705,2023-10-24 12:09:00,Ian Miller,5805028000012591006,Outbound,4.0,Attended Dialled,Completed,0.0,False
5805028000016491768,2023-11-11 18:04:00,Jane Smith,5805028000015298335,Outbound,0.0,Unattended Dialled,Completed,0.0,False
5805028000039928789,2024-03-27 13:23:00,Yara Edwards,5805028000039785065,Outbound,67.0,Attended Dialled,Completed,0.0,False
5805028000053692677,2024-06-06 12:55:00,Julia Nelson,5805028000053717036,Outbound,0.0,Unattended Dialled,Completed,0.0,False
5805028000012176025,2023-10-17 17:02:00,John Doe,5805028000005614074,Outbound,381.0,Attended Dialled,Completed,0.0,False
5805028000034704069,2024-02-27 18:46:00,Julia Nelson,5805028000030163124,Outbound,6.0,Attended Dialled,Completed,0.0,False
5805028000053124972,2024-06-03 15:27:00,Amy Green,5805028000030646220,Outbound,17.0,Attended Dialled,Completed,0.0,False
5805028000009232001,2023-09-27 19:25:00,Diana Evans,5805028000006303060,Outbound,248.0,Attended Dialled,Completed,0.0,False
5805028000017191437,2023-11-16 14:24:00,John Doe,5805028000014077034,Outbound,49.0,Attended Dialled,Completed,0.0,False
5805028000028002432,2024-01-24 11:03:00,Ulysses Adams,5805028000026254679,Outbound,5.0,Attended Dialled,Completed,0.0,False
5805028000051685063,2024-05-24 15:08:00,Nina Scott,5805028000005853351,Outbound,6.0,Attended Dialled,Completed,0.0,False
5805028000030977428,2024-02-08 18:27:00,Charlie Davis,5805028000029153131,Outbound,8.0,Attended Dialled,Completed,0.0,False
5805028000023544495,2023-12-28 16:24:00,Nina Scott,5805028000011520132,Outbound,59.0,Attended Dialled,Completed,0.0,False
5805028000034694274,2024-02-27 19:24:00,Yara Edwards,5805028000033902092,Outbound,3.0,Attended Dialled,Completed,0.0,False
5805028000004578863,2023-08-15 11:31:00,Diana Evans,5805028000003329100,Missed,0.0,Missed,,,False
5805028000039645441,2024-03-25 19:38:00,Quincy Vincent,5805028000036006065,Outbound,442.0,Attended Dialled,Completed,0.0,False
5805028000004559013,2023-08-11 16:09:00,Charlie Davis,5805028000001348174,Outbound,8.0,Attended Dialled,Completed,0.0,False
5805028000030443473,2024-02-07 12:08:00,Yara Edwards,5805028000030468523,Outbound,355.0,Attended Dialled,Completed,0.0,False
5805028000015207659,2023-11-04 13:01:00,Mason Roberts,5805028000007861173,Outbound,0.0,Unattended Dialled,Completed,0.0,False
5805028000032073340,2024-02-15 12:51:00,Charlie Davis,5805028000031986152,Outbound,387.0,Attended Dialled,Completed,0.0,False
5805028000030272553,2024-02-06 15:25:00,John Doe,5805028000004999128,Outbound,6.0,Attended Dialled,Completed,0.0,False
5805028000043899142,2024-04-15 15:16:00,Derek James,5805028000012658121,Outbound,354.0,Attended Dialled,Completed,0.0,False
5805028000007313001,2023-09-12 18:59:00,Charlie Davis,5805028000004705195,Outbound,55.0,Attended Dialled,Completed,0.0,False
5805028000027224181,2024-01-19 17:06:00,Paula Underwood,5805028000006547316,Outbound,5.0,Attended Dialled,Completed,0.0,False
5805028000033317627,2024-02-21 17:37:00,John Doe,5805028000028768648,Outbound,44.0,Attended Dialled,Completed,0.0,False
5805028000051021384,2024-05-21 16:05:00,Yara Edwards,5805028000050812781,Outbound,6.0,Attended Dialled,Completed,0.0,False
5805028000026062090,2024-01-15 13:31:00,John Doe,5805028000015304525,Outbound,1467.0,Attended Dialled,Completed,0.0,False
5805028000015298132,2023-11-04 16:31:00,Charlie Davis,5805028000015193616,Outbound,1723.0,Attended Dialled,Completed,0.0,False
5805028000041369576,2024-04-03 12:35:00,Yara Edwards,5805028000040797017,Outbound,184.0,Attended Dialled,Completed,0.0,False
5805028000029269100,2024-01-31 10:32:00,John Doe,5805028000015906242,Missed,0.0,Missed,,,False
5805028000018990078,2023-11-28 11:50:00,John Doe,5805028000007822911,Missed,0.0,Missed,,,False
5805028000017939355,2023-11-20 17:26:00,Julia Nelson,5805028000017090120,Outbound,43.0,Attended Dialled,Completed,0.0,False
5805028000046211233,2024-04-24 17:39:00,Ulysses Adams,5805028000034058586,Outbound,595.0,Attended Dialled,Completed,0.0,False
5805028000037925402,2024-03-16 16:47:00,Yara Edwards,5805028000036023406,Outbound,264.0,Attended Dialled,Completed,0.0,False
5805028000008023283,2023-09-19 13:18:00,Julia Nelson,5805028000001799001,Outbound,18.0,Attended Dialled,Completed,0.0,False
5805028000033438234,2024-02-22 15:06:00,Paula Underwood,5805028000033288573,Outbound,34.0,Attended Dialled,Completed,0.0,False
5805028000022508413,2023-12-21 16:11:00,Julia Nelson,5805028000014077165,Missed,0.0,Missed,,,False
5805028000049365096,2024-05-10 18:49:00,Amy Green,5805028000005612081,Outbound,16.0,Attended Dialled,Completed,0.0,False
5805028000022664403,2023-12-22 12:47:00,Rachel White,5805028000022636021,Outbound,0.0,Unattended Dialled,Completed,0.0,False
5805028000047718903,2024-05-02 17:47:00,Derek James,5805028000009362403,Outbound,165.0,Attended Dialled,Completed,0.0,False
5805028000054300188,2024-06-10 13:34:00,Victor Barnes,5805028000022424013,Outbound,1.0,Attended Dialled,Completed,0.0,False
5805028000008018370,2023-09-19 11:08:00,Julia Nelson,5805028000005428225,Outbound,5.0,Attended Dialled,Completed,0.0,False
5805028000033866637,2024-02-24 16:17:00,Charlie Davis,5805028000033276868,Missed,0.0,Missed,,,False
5805028000018777603,2023-11-27 17:00:00,Paula Underwood,5805028000018758079,Outbound,94.0,Attended Dialled,Completed,0.0,False
5805028000056174198,2024-06-18 12:53:00,Charlie Davis,5805028000052665718,Outbound,0.0,Unattended Dialled,Completed,0.0,False
5805028000043112693,2024-04-11 16:38:00,Derek James,5805028000035788728,Outbound,563.0,Attended Dialled,Completed,0.0,False
5805028000042994041,2024-04-10 17:55:00,Yara Edwards,5805028000041892854,Outbound,5.0,Attended Dialled,Completed,0.0,False
5805028000042291861,2024-04-08 10:21:00,Ian Miller,5805028000008982320,Outbound,470.0,Attended Dialled,Completed,0.0,False
5805028000028446495,2024-01-26 17:07:00,Julia Nelson,5805028000016931091,Missed,0.0,Missed,,,False
5805028000047205036,2024-04-29 12:25:00,Julia Nelson,5805028000045982466,Outbound,261.0,Attended Dialled,Completed,0.0,False
5805028000051863809,2024-05-27 14:00:00,Derek James,5805028000022524164,Inbound,25.0,Received,,,False
5805028000027703665,2024-01-22 20:17:00,Quincy Vincent,5805028000006946042,Outbound,11.0,Attended Dialled,Completed,0.0,False
5805028000010671235,2023-10-10 10:46:00,Ian Miller,5805028000010674209,Outbound,0.0,Unattended Dialled,Completed,0.0,False
5805028000054781476,2024-06-12 12:06:00,Derek James,5805028000042426632,Outbound,102.0,Attended Dialled,Completed,0.0,False
5805028000051425381,2024-05-23 14:18:00,Nina Scott,5805028000051103650,Outbound,493.0,Attended Dialled,Completed,0.0,False
5805028000035586482,2024-03-04 19:58:00,Quincy Vincent,5805028000034025608,Outbound,4.0,Attended Dialled,Completed,0.0,False
5805028000026882065,2024-01-18 16:04:00,Charlie Davis,5805028000026344026,Outbound,1303.0,Attended Dialled,Completed,0.0,False
5805028000047939086,2024-05-03 16:14:00,Yara Edwards,5805028000012889121,Outbound,6.0,Attended Dialled,Completed,0.0,False
5805028000041545078,2024-04-03 17:00:00,Ben Hall,5805028000041066058,Outbound,1862.0,Attended Dialled,Completed,0.0,False
5805028000041198310,2024-04-02 16:39:00,Ulysses Adams,5805028000033467046,Outbound,6.0,Attended Dialled,Completed,0.0,False
5805028000019436306,2023-12-01 16:02:00,Kevin Parker,5805028000018036007,Outbound,5.0,Attended Dialled,Completed,0.0,False
5805028000016620812,2023-11-13 17:04:00,Diana Evans,5805028000016273017,Outbound,15.0,Attended Dialled,Completed,0.0,False
5805028000039920358,2024-03-26 18:00:00,Quincy Vincent,5805028000034034013,Outbound,5.0,Attended Dialled,Completed,0.0,False
5805028000042832445,2024-04-10 12:51:00,Kevin Parker,5805028000029269362,Outbound,148.0,Attended Dialled,Completed,0.0,False
5805028000014813048,2023-11-01 12:40:00,Ian Miller,5805028000012267106,Outbound,14.0,Attended Dialled,Completed,0.0,False
5805028000039766250,2024-03-26 13:51:00,Amy Green,5805028000023888364,Outbound,15.0,Attended Dialled,Completed,0.0,False
5805028000041030404,2024-04-02 11:36:00,Ulysses Adams,5805028000012844088,Outbound,4.0,Attended Dialled,Completed,0.0,False
5805028000020286339,2023-12-08 13:28:00,Julia Nelson,5805028000013833652,Missed,0.0,Missed,,,False
5805028000040563947,2024-03-30 16:17:00,Ben Hall,5805028000040571517,Outbound,17.0,Attended Dialled,Completed,0.0,False
5805028000054795008,2024-06-12 10:03:00,Quincy Vincent,5805028000053695589,Outbound,353.0,Attended Dialled,Completed,0.0,False
5805028000034217296,2024-02-26 17:14:00,Yara Edwards,5805028000034158012,Outbound,243.0,Attended Dialled,Completed,0.0,False
5805028000016634411,2023-11-13 11:17:00,Kevin Parker,5805028000016506790,Outbound,1423.0,Attended Dialled,Completed,0.0,False
5805028000053716557,2024-06-06 16:12:00,Paula Underwood,5805028000053508116,Outbound,399.0,Attended Dialled,Completed,0.0,False
5805028000042338031,2024-04-08 10:47:00,Ian Miller,5805028000008801381,Outbound,0.0,Unattended Dialled,Completed,0.0,False
5805028000049080035,2024-05-09 16:03:00,Ben Hall,5805028000047472708,Outbound,5.0,Attended Dialled,Completed,0.0,False
5805028000031662025,2024-02-13 11:10:00,Ulysses Adams,5805028000018036007,Outbound,5.0,Attended Dialled,Completed,0.0,False
5805028000014083069,2023-10-27 18:04:00,Diana Evans,5805028000013283480,Outbound,5.0,Attended Dialled,Completed,0.0,False
5805028000019313018,2023-11-30 14:28:00,Kevin Parker,5805028000014055367,Outbound,5.0,Attended Dialled,Completed,0.0,False
5805028000039634475,2024-03-25 17:05:00,Amy Green,5805028000039557715,Outbound,14.0,Attended Dialled,Completed,0.0,False
5805028000053692641,2024-06-06 12:29:00,Kevin Parker,5805028000004561698,Outbound,403.0,Attended Dialled,Completed,0.0,False
5805028000054114695,2024-06-09 20:22:00,Quincy Vincent,5805028000053564474,Outbound,150.0,Attended Dialled,Completed,0.0,False
5805028000045962775,2024-04-24 12:31:00,Kevin Parker,5805028000038223148,Outbound,43.0,Attended Dialled,Completed,0.0,False
5805028000037097343,2024-03-12 19:35:00,Ben Hall,5805028000032565393,Outbound,13.0,Attended Dialled,Completed,0.0,False
5805028000051119903,2024-05-22 16:34:00,Amy Green,5805028000007778081,Outbound,15.0,Attended Dialled,Completed,0.0,False
5805028000036026689,2024-03-07 12:18:00,Julia Nelson,5805028000035602743,Outbound,394.0,Attended Dialled,Completed,0.0,False
5805028000049801905,2024-05-14 12:15:00,Charlie Davis,5805028000034694613,Outbound,1908.0,Attended Dialled,Completed,0.0,False
5805028000056690502,2024-06-20 17:03:00,Victor Barnes,5805028000040548184,Outbound,1.0,Attended Dialled,Completed,0.0,False
5805028000051675271,2024-05-24 18:41:00,Derek James,5805028000018692370,Outbound,213.0,Attended Dialled,Completed,0.0,False
5805028000016130187,2023-11-09 16:10:00,Charlie Davis,5805028000016119178,Outbound,85.0,Attended Dialled,Completed,0.0,False
5805028000040588731,2024-03-30 12:19:00,Yara Edwards,5805028000040548184,Outbound,5.0,Attended Dialled,Completed,0.0,False
5805028000029555190,2024-02-01 14:28:00,Kevin Parker,5805028000026136977,Outbound,98.0,Attended Dialled,Completed,0.0,False
5805028000026079149,2024-01-15 17:55:00,Ulysses Adams,5805028000018811695,Outbound,6.0,Attended Dialled,Completed,0.0,False
5805028000048360873,2024-05-06 17:16:00,Julia Nelson,5805028000047737630,Inbound,2180.0,Received,,,False
5805028000040346896,2024-03-29 13:16:00,Paula Underwood,5805028000025424014,Outbound,60.0,Attended Dialled,Completed,0.0,False
5805028000022930203,2023-12-24 12:27:00,Sam Young,5805028000021815043,Outbound,193.0,Attended Dialled,Completed,0.0,False
5805028000019910042,2023-12-06 14:25:00,Paula Underwood,5805028000019772429,Outbound,1531.0,Attended Dialled,Completed,0.0,False
5805028000054111688,2024-06-09 15:57:00,Eva Kent,5805028000053691216,Outbound,0.0,Unattended Dialled,Completed,0.0,False
5805028000054000120,2024-06-07 15:24:00,Nina Scott,5805028000015298335,Missed,0.0,Missed,,,False
5805028000002985095,2023-07-24 19:16:00,Alice Johnson,5805028000002897390,Outbound,4.0,Attended Dialled,Completed,0.0,False
5805028000036594963,2024-03-11 12:03:00,Victor Barnes,5805028000035471762,Outbound,16.0,Attended Dialled,Completed,0.0,False
5805028000003278295,2023-07-28 10:22:00,Alice Johnson,5805028000003309138,Outbound,22.0,Attended Dialled,Completed,0.0,False
5805028000014606273,2023-10-31 17:31:00,Diana Evans,5805028000013957186,Missed,0.0,Missed,,,False
5805028000010729031,2023-10-10 14:19:00,Julia Nelson,5805028000010281345,Outbound,5.0,Attended Dialled,Completed,0.0,False
5805028000046828965,2024-04-27 13:37:00,Charlie Davis,5805028000043596526,Outbound,11.0,Attended Dialled,Completed,0.0,False
5805028000042857369,2024-04-10 12:51:00,Ian Miller,5805028000041342272,Outbound,0.0,Unattended Dialled,Completed,0.0,False
5805028000043095843,2024-04-11 16:23:00,Kevin Parker,5805028000039523899,Outbound,5.0,Attended Dialled,Completed,0.0,False
5805028000023303643,2023-12-27 18:38:00,John Doe,5805028000017918386,Outbound,261.0,Attended Dialled,Completed,0.0,False
5805028000051228203,2024-05-22 17:49:00,Derek James,5805028000022490013,Outbound,227.0,Attended Dialled,Completed,0.0,False
5805028000019114618,2023-11-30 10:45:00,Ian Miller,5805028000001880503,Outbound,6.0,Attended Dialled,Completed,0.0,False
5805028000046680232,2024-04-26 11:25:00,Ben Hall,5805028000015167311,Outbound,7.0,Attended Dialled,Completed,0.0,False
5805028000048913053,2024-05-08 15:07:00,Ulysses Adams,5805028000042810680,Outbound,231.0,Attended Dialled,Completed,0.0,False
5805028000012941454,2023-10-20 20:20:00,Julia Nelson,5805028000012889487,Outbound,5.0,Attended Dialled,Completed,0.0,False
5805028000031393164,2024-02-10 17:41:00,Nina Scott,5805028000031354113,Outbound,4.0,Attended Dialled,Completed,0.0,False
5805028000033101106,2024-02-20 18:03:00,Ben Hall,5805028000007974158,Outbound,4.0,Attended Dialled,Completed,0.0,False
5805028000018413333,2023-11-22 19:29:00,Julia Nelson,5805028000018316132,Outbound,1370.0,Attended Dialled,Completed,0.0,False
5805028000053244305,2024-06-03 18:36:00,Quincy Vincent,5805028000010428390,Outbound,5.0,Attended Dialled,Completed,0.0,False
5805028000037951962,2024-03-17 11:57:00,Julia Nelson,5805028000036778065,Outbound,0.0,Unattended Dialled,Completed,0.0,False
5805028000035335262,2024-03-01 19:45:00,Amy Green,5805028000034891589,Outbound,348.0,Attended Dialled,Completed,0.0,False
5805028000043740608,2024-04-13 18:38:00,Nina Scott,5805028000009352033,Outbound,471.0,Attended Dialled,Completed,0.0,False
5805028000050149165,2024-05-15 18:27:00,Quincy Vincent,5805028000050015292,Outbound,6.0,Attended Dialled,Completed,0.0,False
5805028000055334248,2024-06-14 16:04:00,Ulysses Adams,5805028000039296313,Outbound,4.0,Attended Dialled,Completed,0.0,False
5805028000014915327,2023-11-02 11:35:00,John Doe,5805028000003923336,Outbound,5.0,Attended Dialled,Completed,0.0,False
5805028000004336044,2023-08-09 20:20:00,Diana Evans,5805028000003695181,Outbound,0.0,Unattended Dialled,Completed,0.0,False
5805028000039905002,2024-03-26 15:04:00,Quincy Vincent,5805028000013431015,Outbound,5.0,Attended Dialled,Completed,0.0,False
5805028000054944568,2024-06-13 12:07:00,Victor Barnes,5805028000040804112,Outbound,0.0,Unattended Dialled,Completed,0.0,False
5805028000045998150,2024-04-23 19:01:00,Ulysses Adams,5805028000008097198,Outbound,5.0,Attended Dialled,Completed,0.0,False
5805028000043599001,2024-04-12 16:14:00,Derek James,5805028000035788728,Inbound,160.0,Received,,,False
5805028000030161247,2024-02-05 13:03:00,Kevin Parker,5805028000028339228,Outbound,292.0,Attended Dialled,Completed,0.0,False
5805028000010201237,2023-10-05 18:59:00,Ian Miller,5805028000010188233,Outbound,125.0,Attended Dialled,Completed,0.0,False
5805028000005162839,2023-08-21 09:59:00,Ethan Harris,5805028000001880249,Outbound,0.0,Unattended Dialled,Completed,0.0,False
5805028000034936367,2024-02-28 19:27:00,Quincy Vincent,5805028000026249044,Missed,0.0,Missed,,,False
5805028000052208435,2024-05-28 13:46:00,Ulysses Adams,5805028000052115103,Outbound,221.0,Attended Dialled,Completed,0.0,False
5805028000040133020,2024-03-27 16:25:00,Ulysses Adams,5805028000013040006,Outbound,0.0,Unattended Dialled,Completed,0.0,False
5805028000042268271,2024-04-07 10:48:00,Ulysses Adams,5805028000012844088,Outbound,31.0,Attended Dialled,Completed,0.0,False
5805028000012122001,2023-10-17 14:00:00,Fiona Jackson,5805028000011182065,Missed,0.0,Missed,,,False
5805028000044020313,2024-04-16 11:57:00,Cara Iverson,5805028000043861874,Outbound,0.0,Unattended Dialled,Completed,0.0,False
5805028000053716572,2024-06-06 16:38:00,Nina Scott,5805028000053697486,Outbound,0.0,Unattended Dialled,Completed,0.0,False
5805028000011833182,2023-10-16 17:49:00,Julia Nelson,5805028000009364503,Outbound,83.0,Attended Dialled,Completed,0.0,False
5805028000027738332,2024-01-22 18:52:00,Quincy Vincent,5805028000022250509,Outbound,630.0,Attended Dialled,Completed,0.0,False
5805028000042445232,2024-04-08 15:03:00,Nina Scott,5805028000001882098,Outbound,1211.0,Attended Dialled,Completed,0.0,False
5805028000056828066,2024-06-21 11:05:00,Ulysses Adams,5805028000042810680,Outbound,5.0,Attended Dialled,Completed,0.0,False
5805028000044051127,2024-04-16 11:57:00,Cara Iverson,5805028000043861874,Outbound,0.0,Unattended Dialled,Completed,0.0,False
5805028000007509061,2023-09-13 16:38:00,Hannah Lee,5805028000006620093,Missed,0.0,Missed,,,False
5805028000021104347,2023-12-12 18:37:00,Diana Evans,5805028000020305964,Outbound,6.0,Attended Dialled,Completed,0.0,False
5805028000038210850,2024-03-19 13:06:00,Yara Edwards,5805028000038222444,Outbound,49.0,Attended Dialled,Completed,0.0,False
5805028000042682209,2024-04-09 13:54:00,Cara Iverson,5805028000042449229,Outbound,11.0,Attended Dialled,Completed,0.0,False
5805028000032085614,2024-02-15 15:17:00,Victor Barnes,5805028000022951626,Outbound,105.0,Attended Dialled,Completed,0.0,False
5805028000024527774,2024-01-06 12:36:00,Charlie Davis,5805028000024508636,Outbound,151.0,Attended Dialled,Completed,0.0,False
5805028000008547030,2023-09-22 11:28:00,Ian Miller,5805028000008485160,Outbound,0.0,Unattended Dialled,Completed,0.0,False
5805028000051111013,2024-05-21 17:08:00,Ulysses Adams,5805028000011531077,Outbound,36.0,Attended Dialled,Completed,0.0,False
5805028000033270993,2024-02-22 12:36:00,Nina Scott,5805028000031077461,Outbound,63.0,Attended Dialled,Completed,0.0,False
5805028000024146594,2024-01-03 19:09:00,Paula Underwood,5805028000024157419,Outbound,112.0,Attended Dialled,Completed,0.0,False
5805028000004331246,2023-08-10 13:13:00,Charlie Davis,5805028000004356125,Outbound,1.0,Attended Dialled,Completed,0.0,False
5805028000020150205,2023-12-07 14:11:00,John Doe,5805028000017641723,Outbound,374.0,Attended Dialled,Completed,0.0,False
5805028000022529313,2023-12-21 15:22:00,Quincy Vincent,5805028000020586170,Outbound,9.0,Attended Dialled,Completed,0.0,False
5805028000031401628,2024-02-12 12:32:00,Ulysses Adams,5805028000031072166,Outbound,78.0,Attended Dialled,Completed,0.0,False
5805028000052533225,2024-05-30 12:37:00,Paula Underwood,5805028000033288573,Inbound,127.0,Received,,,False
5805028000011057101,2023-10-11 16:06:00,Julia Nelson,5805028000010870053,Outbound,7.0,Attended Dialled,Completed,0.0,False
5805028000053976557,2024-06-08 11:21:00,Ben Hall,5805028000052813356,Outbound,12.0,Attended Dialled,Completed,0.0,False
5805028000013399143,2023-10-24 14:54:00,Diana Evans,5805028000013161564,Outbound,4.0,Attended Dialled,Completed,0.0,False
5805028000033771096,2024-02-23 17:08:00,John Doe,5805028000019629158,Outbound,41.0,Attended Dialled,Completed,0.0,False
5805028000040468086,2024-03-29 16:27:00,Victor Barnes,5805028000033498867,Outbound,0.0,Unattended Dialled,Completed,0.0,False
5805028000018156798,2023-11-21 17:51:00,Charlie Davis,5805028000018154673,Outbound,943.0,Attended Dialled,Completed,0.0,False
5805028000051498664,2024-05-24 12:38:00,Nina Scott,5805028000051559281,Outbound,5.0,Attended Dialled,Completed,0.0,False
5805028000024646342,2024-01-07 19:02:00,Julia Nelson,5805028000024643260,Outbound,5.0,Attended Dialled,Completed,0.0,False
5805028000019723188,2023-12-05 10:24:00,Diana Evans,5805028000003329100,Outbound,5.0,Attended Dialled,Completed,0.0,False
5805028000045993223,2024-04-23 19:23:00,Julia Nelson,5805028000028005256,Outbound,9.0,Attended Dialled,Completed,0.0,False
5805028000024901044,2024-01-08 14:12:00,Rachel White,5805028000024513834,Outbound,5.0,Attended Dialled,Completed,0.0,False
5805028000051377463,2024-05-23 15:46:00,Paula Underwood,5805028000025424014,Outbound,7.0,Attended Dialled,Completed,0.0,False
5805028000044831668,2024-04-18 17:33:00,Derek James,5805028000040212085,Outbound,7.0,Attended Dialled,Completed,0.0,False
5805028000033101726,2024-02-21 11:26:00,Nina Scott,5805028000022682403,Outbound,61.0,Attended Dialled,Completed,0.0,False
5805028000019242076,2023-11-30 13:55:00,Ian Miller,5805028000018771096,Inbound,191.0,Received,,,False
5805028000042437711,2024-04-08 18:11:00,Ulysses Adams,5805028000042294555,Outbound,2289.0,Attended Dialled,Completed,0.0,False
5805028000048367379,2024-05-06 12:56:00,Derek James,5805028000021694805,Outbound,64.0,Attended Dialled,Completed,0.0,False
5805028000032730331,2024-02-19 11:23:00,Yara Edwards,5805028000032539965,Missed,0.0,Missed,,,False
5805028000032760737,2024-02-19 16:54:00,Victor Barnes,5805028000029937990,Outbound,115.0,Attended Dialled,Completed,0.0,False
5805028000003688074,2023-08-03 12:10:00,Jane Smith,5805028000003709107,Outbound,523.0,Attended Dialled,Completed,0.0,False
5805028000042697481,2024-04-09 17:49:00,Kevin Parker,5805028000037102113,Outbound,3.0,Attended Dialled,Completed,0.0,False
5805028000018756434,2023-11-27 16:57:00,Julia Nelson,5805028000018316132,Outbound,127.0,Attended Dialled,Completed,0.0,False
5805028000038741804,2024-03-20 15:47:00,Yara Edwards,5805028000038221585,Missed,0.0,Missed,,,False
5805028000047472821,2024-05-01 12:31:00,Yara Edwards,5805028000047531654,Outbound,9.0,Attended Dialled,Completed,0.0,False
5805028000033891615,2024-02-24 16:47:00,Charlie Davis,5805028000033276868,Outbound,1241.0,Attended Dialled,Completed,0.0,False
5805028000008439107,2023-09-21 18:08:00,George King,5805028000007822911,Missed,0.0,Missed,,,False
5805028000009200082,2023-09-27 16:31:00,Ian Miller,5805028000008661326,Outbound,0.0,Unattended Dialled,Completed,0.0,False
5805028000043136956,2024-04-11 16:01:00,Cara Iverson,5805028000042271494,Outbound,0.0,Unattended Dialled,Completed,0.0,False
5805028000037540463,2024-03-14 19:08:00,Amy Green,5805028000015904048,Outbound,16.0,Attended Dialled,Completed,0.0,False
5805028000037119020,2024-03-12 16:50:00,Amy Green,5805028000017537784,Outbound,12.0,Attended Dialled,Completed,0.0,False
5805028000014659074,2023-11-01 10:46:00,Mason Roberts,5805028000008246201,Outbound,0.0,Unattended Dialled,Completed,0.0,False
5805028000012914316,2023-10-20 16:25:00,Julia Nelson,5805028000012562006,Outbound,11.0,Attended Dialled,Completed,0.0,False
5805028000032789515,2024-02-19 15:34:00,Charlie Davis,5805028000009486059,Outbound,205.0,Attended Dialled,Completed,0.0,False
5805028000045395326,2024-04-22 12:23:00,Kevin Parker,5805028000037052004,Outbound,192.0,Attended Dialled,Completed,0.0,False
5805028000013399117,2023-10-24 14:47:00,Jane Smith,5805028000012259131,Outbound,0.0,Unattended Dialled,Completed,0.0,False
5805028000022796342,2023-12-23 12:07:00,John Doe,5805028000022158627,Missed,0.0,Missed,,,False
5805028000032069232,2024-02-15 09:49:00,John Doe,5805028000025018030,Outbound,0.0,Unattended Dialled,Completed,0.0,False
5805028000043113518,2024-04-11 13:53:00,Derek James,5805028000030831549,Outbound,87.0,Attended Dialled,Completed,0.0,False
5805028000052384791,2024-05-29 17:52:00,Cara Iverson,5805028000052372522,Outbound,1153.0,Attended Dialled,Completed,0.0,False
5805028000030851916,2024-02-08 18:07:00,Ulysses Adams,5805028000006638037,Outbound,6.0,Attended Dialled,Completed,0.0,False
5805028000020951213,2023-12-12 12:37:00,Diana Evans,5805028000020773949,Outbound,265.0,Attended Dialled,Completed,0.0,False
5805028000004758214,2023-08-15 19:13:00,Charlie Davis,5805028000004729127,Outbound,581.0,Attended Dialled,Completed,0.0,False
5805028000023883886,2024-01-02 12:28:00,Kevin Parker,5805028000023187013,Outbound,872.0,Attended Dialled,Completed,0.0,False
5805028000007641015,2023-09-14 12:36:00,Diana Evans,5805028000001880503,Outbound,5.0,Attended Dialled,Completed,0.0,False
5805028000015792001,2023-11-07 15:59:00,Charlie Davis,5805028000014077034,Outbound,6.0,Attended Dialled,Completed,0.0,False
5805028000049099134,2024-05-09 18:50:00,Victor Barnes,5805028000033666233,Outbound,35.0,Attended Dialled,Completed,0.0,False
5805028000044679549,2024-04-17 18:26:00,Cara Iverson,5805028000044034579,Outbound,6.0,Attended Dialled,Completed,0.0,False
5805028000016745245,2023-11-14 13:15:00,Ian Miller,5805028000016719013,Outbound,601.0,Attended Dialled,Completed,0.0,False
5805028000049802151,2024-05-13 17:04:00,Kevin Parker,5805028000040563811,Missed,0.0,Missed,,,False
5805028000034696409,2024-02-28 12:45:00,Ian Miller,5805028000034354085,Outbound,6.0,Attended Dialled,Completed,0.0,False
5805028000004606315,2023-08-13 11:33:00,Charlie Davis,5805028000003957683,Missed,0.0,Missed,,,False
5805028000012338142,2023-10-18 11:14:00,Kevin Parker,5805028000012014001,Outbound,5.0,Attended Dialled,Completed,0.0,False
5805028000024346502,2024-01-05 10:00:00,John Doe,5805028000016065119,Outbound,1518.0,Attended Dialled,Completed,0.0,False
5805028000007865508,2023-09-16 12:59:00,Jane Smith,5805028000007769046,Missed,0.0,Missed,,,False
5805028000029048264,2024-01-30 16:43:00,Kevin Parker,5805028000018821259,Outbound,0.0,Unattended Dialled,Completed,0.0,False
5805028000029583918,2024-02-02 09:31:00,Charlie Davis,5805028000028545340,Missed,0.0,Missed,,,False
5805028000023872800,2024-01-02 11:46:00,Kevin Parker,5805028000010410365,Outbound,59.0,Attended Dialled,Completed,0.0,False
5805028000040023444,2024-03-27 15:26:00,Nina Scott,5805028000039533496,Missed,0.0,Missed,,,False
5805028000022543311,2023-12-21 15:14:00,Nina Scott,5805028000022130365,Outbound,0.0,Unattended Dialled,Completed,0.0,False
5805028000052188707,2024-05-28 18:18:00,Charlie Davis,5805028000037286003,Outbound,206.0,Attended Dialled,Completed,0.0,False
5805028000031764188,2024-02-13 18:12:00,John Doe,5805028000030210015,Inbound,233.0,Received,,,False
5805028000045323592,2024-04-21 17:48:00,Cara Iverson,5805028000044034579,Outbound,89.0,Attended Dialled,Completed,0.0,False
5805028000018986954,2023-11-29 14:01:00,Kevin Parker,5805028000012591006,Outbound,161.0,Attended Dialled,Completed,0.0,False
5805028000004903039,2023-08-17 13:47:00,Charlie Davis,5805028000004088585,Outbound,33.0,Attended Dialled,Completed,0.0,False
5805028000020154187,2023-12-07 17:07:00,Paula Underwood,5805028000018799188,Outbound,571.0,Attended Dialled,Completed,0.0,False
5805028000036618216,2024-03-10 13:02:00,Yara Edwards,5805028000036628015,Outbound,0.0,Unattended Dialled,Completed,0.0,False
5805028000032566884,2024-02-18 13:36:00,Quincy Vincent,5805028000031354796,Outbound,480.0,Attended Dialled,Completed,0.0,False
5805028000053392220,2024-06-04 18:02:00,John Doe,5805028000053249516,Missed,0.0,Missed,,,False
5805028000029406050,2024-01-31 15:51:00,Yara Edwards,5805028000028540319,Outbound,6.0,Attended Dialled,Completed,0.0,False
5805028000028584024,2024-01-27 17:43:00,Nina Scott,5805028000028549510,Outbound,4.0,Attended Dialled,Completed,0.0,False
5805028000041912901,2024-04-05 15:50:00,Julia Nelson,5805028000040340336,Outbound,174.0,Attended Dialled,Completed,0.0,False
5805028000044489373,2024-04-17 09:29:00,Ben Hall,5805028000041214212,Outbound,5.0,Attended Dialled,Completed,0.0,False
5805028000050984079,2024-05-21 10:42:00,Paula Underwood,5805028000050138042,Outbound,67.0,Attended Dialled,Completed,0.0,False
5805028000031751650,2024-02-14 11:07:00,Julia Nelson,5805028000021760036,Inbound,37.0,Received,,,False
5805028000014085959,2023-10-29 13:49:00,Diana Evans,5805028000002940571,Outbound,9.0,Attended Dialled,Completed,0.0,False
5805028000040434001,2024-03-29 15:48:00,Cara Iverson,5805028000039806199,Outbound,4.0,Attended Dialled,Completed,0.0,False
5805028000037136091,2024-03-12 17:47:00,Ben Hall,5805028000033659128,Outbound,5.0,Attended Dialled,Completed,0.0,False
5805028000040023468,2024-03-27 15:40:00,Quincy Vincent,5805028000040016608,Outbound,6.0,Attended Dialled,Completed,0.0,False
5805028000030992195,2024-02-08 18:49:00,Victor Barnes,5805028000021694290,Outbound,8.0,Attended Dialled,Completed,0.0,False
5805028000019105617,2023-11-30 09:47:00,Kevin Parker,5805028000017544078,Outbound,4.0,Attended Dialled,Completed,0.0,False
5805028000050447041,2024-05-17 12:15:00,Ben Hall,5805028000041744166,Outbound,1563.0,Attended Dialled,Completed,0.0,False
5805028000023304182,2023-12-27 11:13:00,Julia Nelson,5805028000021923364,Outbound,5.0,Attended Dialled,Completed,0.0,False
5805028000042821999,2024-04-10 15:36:00,Victor Barnes,5805028000007082497,Outbound,22.0,Attended Dialled,Completed,0.0,False
5805028000017544793,2023-11-18 12:27:00,Mason Roberts,5805028000008783181,Outbound,28.0,Attended Dialled,Completed,0.0,False
5805028000015863324,2023-11-08 15:09:00,Ian Miller,5805028000011961190,Outbound,7.0,Attended Dialled,Completed,0.0,False
5805028000025298503,2024-01-10 15:45:00,John Doe,5805028000017646690,Outbound,141.0,Attended Dialled,Completed,0.0,False
5805028000017228461,2023-11-16 17:02:00,John Doe,5805028000007093904,Outbound,89.0,Attended Dialled,Completed,0.0,False
5805028000012480038,2023-10-19 11:23:00,Jane Smith,5805028000004747367,Missed,0.0,Missed,,,False
5805028000014407080,2023-10-30 16:29:00,Julia Nelson,5805028000013946200,Missed,0.0,Missed,,,False
5805028000022032024,2023-12-19 10:11:00,Quincy Vincent,5805028000006946042,Outbound,5.0,Attended Dialled,Completed,0.0,False
5805028000050550346,2024-05-14 16:18:00,Quincy Vincent,5805028000042682317,Outbound,3591.0,Attended Dialled,Completed,0.0,False
5805028000052166731,2024-05-28 17:30:00,Ben Hall,5805028000040565648,Outbound,0.0,Unattended Dialled,Completed,0.0,False
5805028000026302765,2024-01-17 10:12:00,Kevin Parker,5805028000018408794,Outbound,6.0,Attended Dialled,Completed,0.0,False
5805028000026240432,2024-01-16 11:08:00,Xander Dean,5805028000026249044,Outbound,314.0,Attended Dialled,Completed,0.0,False
5805028000031690063,2024-02-13 12:01:00,Nina Scott,5805028000022428046,Outbound,5.0,Attended Dialled,Completed,0.0,False
5805028000041947563,2024-04-05 11:13:00,Paula Underwood,5805028000041805273,Outbound,891.0,Attended Dialled,Completed,0.0,False
5805028000019410621,2023-12-02 11:50:00,Paula Underwood,5805028000017641723,Inbound,47.0,Received,,,False
5805028000043450231,2024-04-12 10:37:00,Nina Scott,5805028000043396520,Outbound,0.0,Unattended Dialled,Completed,0.0,False
5805028000038722601,2024-03-20 15:09:00,John Doe,5805028000027199302,Outbound,21.0,Attended Dialled,Completed,0.0,False
5805028000045393293,2024-04-22 12:01:00,Victor Barnes,5805028000045296949,Outbound,17.0,Attended Dialled,Completed,0.0,False
5805028000006957016,2023-09-07 10:32:00,Jane Smith,5805028000001880249,Outbound,0.0,Unattended Dialled,Completed,0.0,False
5805028000048763369,2024-05-08 10:43:00,Ulysses Adams,5805028000007649149,Outbound,5.0,Attended Dialled,Completed,0.0,False
5805028000008979379,2023-09-26 12:45:00,Julia Nelson,5805028000008970226,Outbound,1502.0,Attended Dialled,Completed,0.0,False
5805028000019603451,2023-12-04 12:00:00,Julia Nelson,5805028000018036007,Outbound,6.0,Attended Dialled,Completed,0.0,False
5805028000041051416,2024-04-02 11:20:00,Ulysses Adams,5805028000026041053,Outbound,500.0,Attended Dialled,Completed,0.0,False
5805028000036605160,2024-03-10 12:13:00,Charlie Davis,5805028000033276868,Missed,0.0,Missed,,,False
5805028000021592105,2023-12-15 11:04:00,Sam Young,5805028000021062552,Outbound,165.0,Attended Dialled,Completed,0.0,False
5805028000033148913,2024-02-21 12:19:00,John Doe,5805028000029941080,Outbound,42.0,Attended Dialled,Completed,0.0,False
5805028000037047102,2024-03-12 13:06:00,Yara Edwards,5805028000003456878,Outbound,170.0,Attended Dialled,Completed,0.0,False
5805028000031077357,2024-02-09 13:22:00,Victor Barnes,5805028000029941080,Outbound,32.0,Attended Dialled,Completed,0.0,False
5805028000014090978,2023-10-29 10:47:00,Kevin Parker,5805028000004559484,Outbound,6.0,Attended Dialled,Completed,0.0,False
5805028000028158963,2024-01-25 12:04:00,Kevin Parker,5805028000025977898,Inbound,39.0,Received,,,False
5805028000040207996,2024-03-28 17:05:00,Quincy Vincent,5805028000035351969,Outbound,6.0,Attended Dialled,Completed,0.0,False
5805028000050973450,2024-05-21 15:32:00,Yara Edwards,5805028000050857282,Outbound,5.0,Attended Dialled,Completed,0.0,False
5805028000052391632,2024-05-29 20:34:00,Quincy Vincent,5805028000042682317,Outbound,6.0,Attended Dialled,Completed,0.0,False
5805028000017231270,2023-11-16 12:36:00,Charlie Davis,5805028000014491145,Outbound,117.0,Attended Dialled,Completed,0.0,False
5805028000026497107,2024-01-17 15:39:00,Xander Dean,5805028000026336242,Outbound,5.0,Attended Dialled,Completed,0.0,False
5805028000033296241,2024-02-21 16:11:00,Amy Green,5805028000003961526,Outbound,0.0,Unattended Dialled,Completed,0.0,False
5805028000027986995,2024-01-24 16:30:00,Ulysses Adams,5805028000006023058,Outbound,564.0,Attended Dialled,Completed,0.0,False
5805028000034912286,2024-02-28 18:29:00,John Doe,5805028000033423831,Outbound,5.0,Attended Dialled,Completed,0.0,False
5805028000035730042,2024-03-05 14:36:00,Ben Hall,5805028000033500423,Outbound,594.0,Attended Dialled,Completed,0.0,False
5805028000013572230,2023-10-25 13:22:00,Kevin Parker,5805028000012751043,Outbound,4.0,Attended Dialled,Completed,0.0,False
5805028000018555792,2023-11-24 12:16:00,Diana Evans,5805028000003329100,Outbound,6.0,Attended Dialled,Completed,0.0,False
5805028000019622702,2023-12-04 19:12:00,Diana Evans,5805028000006638037,Outbound,5.0,Attended Dialled,Completed,0.0,False
5805028000039653436,2024-03-25 18:34:00,Julia Nelson,5805028000036392961,Outbound,159.0,Attended Dialled,Completed,0.0,False
5805028000026344087,2024-01-17 09:54:00,Kevin Parker,5805028000018815246,Outbound,542.0,Attended Dialled,Completed,0.0,False
5805028000051103778,2024-05-22 18:03:00,Derek James,5805028000026035241,Outbound,526.0,Attended Dialled,Completed,0.0,False
5805028000030980084,2024-02-08 15:45:00,Ulysses Adams,5805028000019919415,Outbound,5.0,Attended Dialled,Completed,0.0,False
5805028000051090795,2024-05-22 15:32:00,Victor Barnes,5805028000045564309,Outbound,145.0,Attended Dialled,Completed,0.0,False
5805028000012197001,2023-10-17 17:34:00,Julia Nelson,5805028000011330054,Outbound,246.0,Attended Dialled,Completed,0.0,False
5805028000034687482,2024-02-28 13:03:00,John Doe,5805028000018811232,Outbound,6.0,Attended Dialled,Completed,0.0,False
5805028000021790126,2023-12-18 12:08:00,Rachel White,5805028000021694805,Outbound,189.0,Attended Dialled,Completed,0.0,False
5805028000025035293,2024-01-09 12:13:00,Kevin Parker,5805028000022954337,Outbound,254.0,Attended Dialled,Completed,0.0,False
5805028000003205056,2023-07-27 15:22:00,Jane Smith,5805028000003219087,Outbound,802.0,Attended Dialled,Completed,0.0,False
5805028000022773001,2023-12-22 15:35:00,John Doe,5805028000008246089,Outbound,7.0,Attended Dialled,Completed,0.0,False
5805028000036358154,2024-03-08 15:30:00,John Doe,5805028000024296179,Inbound,467.0,Received,,,False
5805028000054940968,2024-06-13 14:28:00,Paula Underwood,5805028000054434656,Outbound,6.0,Attended Dialled,Completed,0.0,False
5805028000034675299,2024-02-28 11:36:00,Ian Miller,5805028000034704503,Outbound,8.0,Attended Dialled,Completed,0.0,False
5805028000016633025,2023-11-13 09:36:00,John Doe,5805028000007327089,Missed,0.0,Missed,,,False
5805028000049929049,2024-05-14 14:04:00,Ben Hall,5805028000040571517,Outbound,9.0,Attended Dialled,Completed,0.0,False
5805028000053785532,2024-06-06 20:01:00,Eva Kent,5805028000053717036,Outbound,0.0,Unattended Dialled,Completed,0.0,False
5805028000015873457,2023-11-08 15:05:00,Kevin Parker,5805028000011961190,Outbound,413.0,Attended Dialled,Completed,0.0,False
5805028000025323675,2024-01-10 18:30:00,Victor Barnes,5805028000020771658,Outbound,127.0,Attended Dialled,Completed,0.0,False
5805028000049358004,2024-05-10 17:53:00,Ian Miller,5805028000049341037,Outbound,622.0,Attended Dialled,Completed,0.0,False
5805028000052652193,2024-05-30 15:04:00,Eva Kent,5805028000050827073,Outbound,187.0,Attended Dialled,Completed,0.0,False
5805028000022051124,2023-12-19 12:32:00,Paula Underwood,5805028000021407418,Outbound,884.0,Attended Dialled,Completed,0.0,False
5805028000004604025,2023-08-11 17:15:00,Charlie Davis,5805028000001348174,Outbound,0.0,Unattended Dialled,Completed,0.0,False
5805028000030255150,2024-02-06 11:32:00,Julia Nelson,5805028000025121037,Outbound,86.0,Attended Dialled,Completed,0.0,False
5805028000041358687,2024-04-03 11:39:00,Charlie Davis,5805028000030831549,Inbound,116.0,Received,,,False
5805028000042439727,2024-04-08 20:14:00,Victor Barnes,5805028000040368109,Outbound,0.0,Unattended Dialled,Completed,0.0,False
5805028000026486137,2024-01-17 16:14:00,Paula Underwood,5805028000025297476,Missed,0.0,Missed,,,False
5805028000022276294,2023-12-20 13:16:00,Diana Evans,5805028000018811695,Outbound,7.0,Attended Dialled,Completed,0.0,False
5805028000033520095,2024-02-22 17:04:00,Paula Underwood,5805028000033288573,Missed,0.0,Missed,,,False
5805028000026237411,2024-01-16 12:27:00,Kevin Parker,5805028000018580540,Outbound,155.0,Attended Dialled,Completed,0.0,False
5805028000019410306,2023-12-01 14:56:00,Kevin Parker,5805028000018583738,Outbound,511.0,Attended Dialled,Completed,0.0,False
5805028000032789573,2024-02-19 16:37:00,John Doe,5805028000017921187,Inbound,459.0,Received,,,False
5805028000007509073,2023-09-13 16:39:00,Hannah Lee,5805028000006620093,Outbound,102.0,Attended Dialled,Completed,0.0,False
5805028000037977345,2024-03-16 15:19:00,Yara Edwards,5805028000037937208,Outbound,5.0,Attended Dialled,Completed,0.0,False
5805028000014077483,2023-10-28 13:49:00,John Doe,5805028000008982290,Outbound,7.0,Attended Dialled,Completed,0.0,False
5805028000028332533,2024-01-26 13:01:00,Kevin Parker,5805028000021372341,Outbound,80.0,Attended Dialled,Completed,0.0,False
5805028000028613475,2024-01-29 09:03:00,Ulysses Adams,5805028000017915511,Outbound,112.0,Attended Dialled,Completed,0.0,False
5805028000027198134,2024-01-19 15:58:00,Ulysses Adams,5805028000021266636,Outbound,8.0,Attended Dialled,Completed,0.0,False
5805028000008603189,2023-09-22 15:33:00,John Doe,5805028000005102024,Outbound,24.0,Attended Dialled,Completed,0.0,False
5805028000007834711,2023-09-16 18:06:00,George King,5805028000006620232,Outbound,16.0,Attended Dialled,Completed,0.0,False
5805028000005658243,2023-08-24 14:35:00,Jane Smith,5805028000005670016,Outbound,6.0,Attended Dialled,Completed,0.0,False
5805028000009501064,2023-09-29 17:18:00,Charlie Davis,5805028000009486059,Outbound,306.0,Attended Dialled,Completed,0.0,False
5805028000032729491,2024-02-19 12:41:00,Yara Edwards,5805028000027751732,Missed,0.0,Missed,,,False
5805028000021250769,2023-12-14 13:05:00,Paula Underwood,5805028000020309712,Outbound,8.0,Attended Dialled,Completed,0.0,False
5805028000042691236,2024-04-09 13:54:00,Cara Iverson,5805028000042449229,Outbound,24.0,Attended Dialled,Completed,0.0,False
5805028000007711001,2023-09-14 16:17:00,Jane Smith,5805028000007653015,Missed,0.0,Missed,,,False
5805028000018999784,2023-11-29 11:02:00,Charlie Davis,5805028000018983666,Outbound,12.0,Attended Dialled,Completed,0.0,False
5805028000047529077,2024-04-30 14:00:00,Yara Edwards,5805028000012889121,Outbound,7.0,Attended Dialled,Completed,0.0,False
5805028000018441849,2023-11-23 11:34:00,Kevin Parker,5805028000016622217,Outbound,124.0,Attended Dialled,Completed,0.0,False
5805028000034672057,2024-02-27 18:39:00,Amy Green,5805028000033500423,Outbound,27.0,Attended Dialled,Completed,0.0,False
5805028000021078045,2023-12-12 14:57:00,Kevin Parker,5805028000016748004,Missed,0.0,Missed,,,False
5805028000003720245,2023-08-03 17:36:00,Diana Evans,5805028000003695181,Outbound,0.0,Unattended Dialled,Completed,0.0,False
5805028000006736025,2023-09-05 10:30:00,Diana Evans,5805028000006513452,Outbound,375.0,Attended Dialled,Completed,0.0,False
5805028000005854451,2023-08-26 13:29:00,Charlie Davis,5805028000005854301,Outbound,5.0,Attended Dialled,Completed,0.0,False
5805028000047723935,2024-05-02 18:18:00,Derek James,5805028000027986054,Outbound,15.0,Attended Dialled,Completed,0.0,False
5805028000037833308,2024-03-15 17:30:00,Ulysses Adams,5805028000035934066,Outbound,36.0,Attended Dialled,Completed,0.0,False
5805028000049181628,2024-05-10 14:03:00,Derek James,5805028000037531303,Outbound,6.0,Attended Dialled,Completed,0.0,False
5805028000038371053,2024-03-19 14:38:00,Julia Nelson,5805028000032277130,Outbound,47.0,Attended Dialled,Completed,0.0,False
5805028000009898082,2023-10-03 17:58:00,Diana Evans,5805028000002150769,Outbound,3.0,Attended Dialled,Completed,0.0,False
5805028000020084020,2023-12-07 10:56:00,Quincy Vincent,5805028000019629158,Outbound,1802.0,Attended Dialled,Completed,0.0,False
5805028000013181324,2023-10-22 10:51:00,Kevin Parker,5805028000013176197,Outbound,23.0,Attended Dialled,Completed,0.0,False
5805028000008230018,2023-09-20 14:44:00,Diana Evans,5805028000008176026,Outbound,12.0,Attended Dialled,Completed,0.0,False
5805028000033102876,2024-02-21 12:25:00,John Doe,5805028000029941080,Outbound,195.0,Attended Dialled,Completed,0.0,False
5805028000028014697,2024-01-24 14:14:00,Paula Underwood,5805028000027861303,Outbound,672.0,Attended Dialled,Completed,0.0,False
5805028000001399237,2023-07-10 10:53:00,Alice Johnson,5805028000001399190,Outbound,135.0,Attended Dialled,Completed,0.0,False
5805028000018986104,2023-11-28 11:49:00,Paula Underwood,5805028000007822911,Missed,0.0,Missed,,,False
5805028000048763570,2024-05-08 11:38:00,Ben Hall,5805028000047637331,Outbound,0.0,Unattended Dialled,Completed,0.0,False
5805028000016418076,2023-11-10 16:59:00,Diana Evans,5805028000015178866,Outbound,299.0,Attended Dialled,Completed,0.0,False
5805028000054791221,2024-06-12 11:47:00,Derek James,5805028000050138042,Outbound,6.0,Attended Dialled,Completed,0.0,False
5805028000037053030,2024-03-12 13:09:00,Nina Scott,5805028000037056001,Outbound,6.0,Attended Dialled,Completed,0.0,False
5805028000034233340,2024-02-26 19:47:00,Victor Barnes,5805028000033866923,Outbound,1676.0,Attended Dialled,Completed,0.0,False
5805028000052826243,2024-05-31 13:59:00,Ulysses Adams,5805028000052115103,Outbound,8.0,Attended Dialled,Completed,0.0,False
5805028000037090439,2024-03-12 19:26:00,Ben Hall,5805028000033500423,Outbound,307.0,Attended Dialled,Completed,0.0,False
5805028000052561037,2024-05-30 09:54:00,Ulysses Adams,5805028000052178427,Outbound,13.0,Attended Dialled,Completed,0.0,False
5805028000045729098,2024-04-23 10:39:00,Yara Edwards,5805028000045720001,Outbound,31.0,Attended Dialled,Completed,0.0,False
5805028000028421025,2024-01-26 13:28:00,Kevin Parker,5805028000018811437,Outbound,327.0,Attended Dialled,Completed,0.0,False
5805028000013135890,2023-10-23 14:35:00,John Doe,5805028000009386657,Missed,0.0,Missed,,,False
5805028000025477104,2024-01-11 12:15:00,Kevin Parker,5805028000022010334,Outbound,10.0,Attended Dialled,Completed,0.0,False
5805028000039108093,2024-03-21 18:20:00,Yara Edwards,5805028000039034367,Outbound,0.0,Unattended Dialled,Completed,0.0,False
5805028000047932157,2024-05-03 17:08:00,Ben Hall,5805028000047637331,Outbound,0.0,Unattended Dialled,Completed,0.0,False
5805028000054280849,2024-06-10 19:00:00,Derek James,5805028000037084013,Outbound,219.0,Attended Dialled,Completed,0.0,False
5805028000053979746,2024-06-08 16:10:00,Paula Underwood,5805028000054008747,Outbound,1054.0,Attended Dialled,Completed,0.0,False
5805028000028021604,2024-01-24 13:16:00,John Doe,5805028000017756471,Outbound,69.0,Attended Dialled,Completed,0.0,False
5805028000015008020,2023-11-02 14:07:00,John Doe,5805028000013654209,Outbound,814.0,Attended Dialled,Completed,0.0,False
5805028000015005907,2023-11-03 12:16:00,John Doe,5805028000004999128,Outbound,4.0,Attended Dialled,Completed,0.0,False
5805028000007094341,2023-09-09 11:38:00,Jane Smith,5805028000007093246,Outbound,2049.0,Attended Dialled,Completed,0.0,False
5805028000043630029,2024-04-12 16:54:00,Ulysses Adams,5805028000034010248,Outbound,1943.0,Attended Dialled,Completed,0.0,False
5805028000055628297,2024-06-16 18:38:00,Cara Iverson,5805028000019420803,Outbound,5.0,Attended Dialled,Completed,0.0,False
5805028000022309270,2023-12-20 13:21:00,Sam Young,5805028000021888202,Outbound,1811.0,Attended Dialled,Completed,0.0,False
5805028000023276589,2023-12-27 18:49:00,Ulysses Adams,5805028000009072093,Outbound,5.0,Attended Dialled,Completed,0.0,False
5805028000018823285,2023-11-27 09:29:00,Paula Underwood,5805028000018719284,Outbound,1137.0,Attended Dialled,Completed,0.0,False
5805028000042334252,2024-04-08 11:33:00,Ian Miller,5805028000008804090,Outbound,8.0,Attended Dialled,Completed,0.0,False
5805028000039131159,2024-03-21 20:17:00,Victor Barnes,5805028000037925644,Outbound,81.0,Attended Dialled,Completed,0.0,False
5805028000026718003,2024-01-18 11:25:00,Nina Scott,5805028000017088078,Outbound,0.0,Unattended Dialled,Completed,0.0,False
5805028000038386325,2024-03-19 17:23:00,Julia Nelson,5805028000011727058,Missed,0.0,Missed,,,False
5805028000031341070,2024-02-10 13:11:00,Paula Underwood,5805028000001882098,Outbound,4.0,Attended Dialled,Completed,0.0,False
5805028000030503605,2024-02-07 14:49:00,Victor Barnes,5805028000027431939,Outbound,0.0,Unattended Dialled,Completed,0.0,False
5805028000046549045,2024-04-25 18:41:00,Quincy Vincent,5805028000026600204,Outbound,115.0,Attended Dialled,Completed,0.0,False
5805028000026510301,2024-01-17 17:54:00,Rachel White,5805028000026242012,Outbound,5.0,Attended Dialled,Completed,0.0,False
5805028000052384619,2024-05-29 16:43:00,Amy Green,5805028000052379169,Outbound,244.0,Attended Dialled,Completed,0.0,False
5805028000018596663,2023-11-24 11:54:00,Ian Miller,5805028000018580540,Outbound,17.0,Attended Dialled,Completed,0.0,False
5805028000033148962,2024-02-21 13:00:00,Paula Underwood,5805028000029099001,Missed,0.0,Missed,,,False
5805028000019836106,2023-12-06 13:33:00,Kevin Parker,5805028000019410072,Outbound,5.0,Attended Dialled,Completed,0.0,False
5805028000025300254,2024-01-10 11:20:00,Kevin Parker,5805028000019000303,Outbound,159.0,Attended Dialled,Completed,0.0,False
5805028000034473521,2024-02-27 14:12:00,Paula Underwood,5805028000026302509,Inbound,325.0,Received,,,False
5805028000010672285,2023-10-10 12:31:00,Diana Evans,5805028000010196357,Outbound,6.0,Attended Dialled,Completed,0.0,False
5805028000022035128,2023-12-19 11:49:00,Ian Miller,5805028000021923364,Outbound,8.0,Attended Dialled,Completed,0.0,False
5805028000042698935,2024-04-09 19:10:00,Cara Iverson,5805028000040947100,Outbound,0.0,Unattended Dialled,Completed,0.0,False
5805028000028584208,2024-01-28 12:38:00,Julia Nelson,5805028000027706535,Outbound,64.0,Attended Dialled,Completed,0.0,False
5805028000043747274,2024-04-13 14:07:00,Nina Scott,5805028000039015030,Outbound,301.0,Attended Dialled,Completed,0.0,False
5805028000019315003,2023-11-30 14:32:00,John Doe,5805028000007093904,Missed,0.0,Missed,,,False
5805028000008975445,2023-09-26 14:02:00,Julia Nelson,5805028000003153184,Outbound,0.0,Unattended Dialled,Completed,0.0,False
5805028000042697538,2024-04-09 18:12:00,Charlie Davis,5805028000009360523,Outbound,5.0,Attended Dialled,Completed,0.0,False
5805028000027201259,2024-01-19 15:59:00,Paula Underwood,5805028000005268612,Missed,0.0,Missed,,,False
5805028000003582516,2023-08-02 15:34:00,Diana Evans,5805028000003597256,Outbound,6.0,Attended Dialled,Completed,0.0,False
5805028000047218067,2024-04-29 12:49:00,Julia Nelson,5805028000039647087,Outbound,17.0,Attended Dialled,Completed,0.0,False
5805028000054533653,2024-06-11 18:12:00,Ben Hall,5805028000025058077,Outbound,14.0,Attended Dialled,Completed,0.0,False
5805028000043871220,2024-04-15 12:54:00,Paula Underwood,5805028000041805273,Missed,0.0,Missed,,,False
5805028000019407144,2023-12-01 12:44:00,Nina Scott,5805028000017893944,Outbound,0.0,Unattended Dialled,Completed,0.0,False
5805028000008024413,2023-09-19 13:34:00,Diana Evans,5805028000003559433,Missed,0.0,Missed,,,False
5805028000035720243,2024-03-05 16:54:00,Amy Green,5805028000035616925,Outbound,0.0,Unattended Dialled,Completed,0.0,False
5805028000028179084,2024-01-24 20:43:00,Paula Underwood,5805028000013442077,Outbound,12.0,Attended Dialled,Completed,0.0,False
5805028000046842317,2024-04-26 17:14:00,Ben Hall,5805028000044674634,Outbound,11.0,Attended Dialled,Completed,0.0,False
5805028000048462667,2024-05-07 13:38:00,Ben Hall,5805028000040571517,Outbound,11.0,Attended Dialled,Completed,0.0,False
5805028000036581210,2024-03-10 15:11:00,Kevin Parker,5805028000031970016,Outbound,7.0,Attended Dialled,Completed,0.0,False
5805028000007702099,2023-09-14 17:42:00,Jane Smith,5805028000002719033,Outbound,6.0,Attended Dialled,Completed,0.0,False
5805028000013181780,2023-10-23 12:59:00,Ian Miller,5805028000008977364,Outbound,0.0,Unattended Dialled,Completed,0.0,False
5805028000049576245,2024-05-12 16:29:00,Cara Iverson,5805028000047762445,Outbound,0.0,Unattended Dialled,Completed,0.0,False
5805028000041921496,2024-04-05 12:00:00,Kevin Parker,5805028000033864962,Outbound,300.0,Attended Dialled,Completed,0.0,False
5805028000035713375,2024-03-05 15:12:00,Paula Underwood,5805028000022310029,Outbound,6.0,Attended Dialled,Completed,0.0,False
5805028000039637519,2024-03-25 17:44:00,Quincy Vincent,5805028000031354976,Outbound,10.0,Attended Dialled,Completed,0.0,False
5805028000046981377,2024-04-28 14:41:00,Quincy Vincent,5805028000043810067,Outbound,5.0,Attended Dialled,Completed,0.0,False
5805028000039266154,2024-03-22 11:00:00,Amy Green,5805028000039138189,Outbound,18.0,Attended Dialled,Completed,0.0,False
5805028000037831083,2024-03-15 14:57:00,Amy Green,5805028000037408167,Missed,0.0,Missed,,,False
5805028000042146638,2024-04-06 18:44:00,Yara Edwards,5805028000004705095,Outbound,7.0,Attended Dialled,Completed,0.0,False
5805028000018405245,2023-11-22 16:51:00,Nina Scott,5805028000017105108,Outbound,0.0,Unattended Dialled,Completed,0.0,False
5805028000040238315,2024-03-28 12:32:00,Ulysses Adams,5805028000024657261,Outbound,175.0,Attended Dialled,Completed,0.0,False
5805028000041050414,2024-04-02 13:30:00,Ulysses Adams,5805028000019769330,Outbound,90.0,Attended Dialled,Completed,0.0,False
5805028000041918708,2024-04-05 12:41:00,Amy Green,5805028000041930317,Outbound,95.0,Attended Dialled,Completed,0.0,False
5805028000018823527,2023-11-27 15:36:00,Kevin Parker,5805028000018583738,Missed,0.0,Missed,,,False
5805028000037850228,2024-03-15 16:20:00,Victor Barnes,5805028000035059171,Outbound,82.0,Attended Dialled,Completed,0.0,False
5805028000035470250,2024-03-03 12:58:00,Victor Barnes,5805028000023276021,Outbound,120.0,Attended Dialled,Completed,0.0,False
5805028000043090632,2024-04-11 16:01:00,Julia Nelson,5805028000036951161,Outbound,56.0,Attended Dialled,Completed,0.0,False
5805028000021823101,2023-12-18 12:02:00,Kevin Parker,5805028000018961523,Outbound,100.0,Attended Dialled,Completed,0.0,False
5805028000021049957,2023-12-13 11:51:00,Quincy Vincent,5805028000008485160,Outbound,0.0,Unattended Dialled,Completed,0.0,False
5805028000009223375,2023-09-28 11:51:00,John Doe,5805028000009224092,Missed,0.0,Missed,,,False
5805028000007843611,2023-09-16 15:05:00,Charlie Davis,5805028000004488175,Outbound,4.0,Attended Dialled,Completed,0.0,False
5805028000050852496,2024-05-20 17:34:00,Ulysses Adams,5805028000011531077,Outbound,44.0,Attended Dialled,Completed,0.0,False
5805028000010054268,2023-10-05 10:48:00,Diana Evans,5805028000009701425,Outbound,7.0,Attended Dialled,Completed,0.0,False
5805028000051425453,2024-05-23 15:26:00,Ben Hall,5805028000005262341,Outbound,4.0,Attended Dialled,Completed,0.0,False
5805028000008983033,2023-09-25 18:29:00,Kevin Parker,5805028000008684403,Outbound,1138.0,Attended Dialled,Completed,0.0,False
5805028000055488381,2024-06-15 16:56:00,Yara Edwards,5805028000019420803,Outbound,321.0,Attended Dialled,Completed,0.0,False
5805028000029015125,2024-01-30 15:13:00,Paula Underwood,5805028000005268612,Inbound,121.0,Received,,,False
5805028000007971335,2023-09-18 13:24:00,Ian Miller,5805028000002940630,Outbound,10.0,Attended Dialled,Completed,0.0,False
5805028000053114276,2024-06-02 12:31:00,Paula Underwood,5805028000052167295,Missed,0.0,Missed,,,False
5805028000043596013,2024-04-12 16:30:00,Derek James,5805028000030831549,Outbound,159.0,Attended Dialled,Completed,0.0,False
5805028000019214077,2023-11-30 12:55:00,Ian Miller,5805028000018983828,Outbound,13.0,Attended Dialled,Completed,0.0,False
5805028000021686676,2023-12-17 12:41:00,Charlie Davis,5805028000021567713,Outbound,5.0,Attended Dialled,Completed,0.0,False
5805028000039791491,2024-03-26 14:13:00,Ben Hall,5805028000039766172,Outbound,1979.0,Attended Dialled,Completed,0.0,False
5805028000055602112,2024-06-16 13:14:00,Cara Iverson,5805028000055479618,Outbound,12.0,Attended Dialled,Completed,0.0,False
5805028000018702214,2023-11-25 10:56:00,John Doe,5805028000015304525,Outbound,120.0,Attended Dialled,Completed,0.0,False
5805028000031641216,2024-02-13 12:59:00,Charlie Davis,5805028000028469251,Outbound,466.0,Attended Dialled,Completed,0.0,False
5805028000023867091,2023-12-30 10:57:00,Sam Young,5805028000023036240,Outbound,155.0,Attended Dialled,Completed,0.0,False
5805028000047649031,2024-05-01 15:11:00,Charlie Davis,5805028000042458819,Missed,0.0,Missed,,,False
5805028000008566042,2023-09-22 12:46:00,Fiona Jackson,5805028000003153184,Missed,0.0,Missed,,,False
5805028000012380066,2023-10-18 11:18:00,Kevin Parker,5805028000012014001,Outbound,1024.0,Attended Dialled,Completed,0.0,False
5805028000022015226,2023-12-19 13:09:00,Diana Evans,5805028000002150769,Outbound,79.0,Attended Dialled,Completed,0.0,False
5805028000009708450,2023-10-02 13:48:00,Ian Miller,5805028000002822001,Outbound,0.0,Unattended Dialled,Completed,0.0,False
5805028000042437534,2024-04-08 17:40:00,Ulysses Adams,5805028000011757347,Outbound,69.0,Attended Dialled,Completed,0.0,False
5805028000036814224,2024-03-11 17:57:00,Victor Barnes,5805028000022920131,Outbound,56.0,Attended Dialled,Completed,0.0,False
5805028000053565743,2024-06-05 14:53:00,Derek James,5805028000042700966,Inbound,95.0,Received,,,False
5805028000037809021,2024-03-15 14:07:00,Paula Underwood,5805028000019608861,Outbound,519.0,Attended Dialled,Completed,0.0,False
5805028000028905310,2024-01-30 13:12:00,Kevin Parker,5805028000012761057,Outbound,244.0,Attended Dialled,Completed,0.0,False
5805028000046311929,2024-04-25 15:37:00,Ulysses Adams,5805028000046299508,Outbound,143.0,Attended Dialled,Completed,0.0,False
5805028000048936016,2024-05-08 17:03:00,Amy Green,5805028000048465070,Outbound,0.0,Unattended Dialled,Completed,0.0,False
5805028000009555311,2023-09-30 15:44:00,Diana Evans,5805028000003329100,Outbound,5.0,Attended Dialled,Completed,0.0,False
5805028000053659841,2024-06-06 14:37:00,Charlie Davis,5805028000043450632,Missed,0.0,Missed,,,False
5805028000052170452,2024-05-28 14:07:00,Ulysses Adams,5805028000043396520,Outbound,7.0,Attended Dialled,Completed,0.0,False
5805028000006364177,2023-08-31 11:16:00,Jane Smith,5805028000001880249,Outbound,72.0,Attended Dialled,Completed,0.0,False
5805028000050592313,2024-05-15 16:33:00,Ulysses Adams,5805028000007769046,Outbound,5.0,Attended Dialled,Completed,0.0,False
5805028000009349618,2023-09-29 14:31:00,Charlie Davis,5805028000009362403,Outbound,1376.0,Attended Dialled,Completed,0.0,False
5805028000040748263,2024-04-01 12:40:00,Nina Scott,5805028000040782113,Outbound,5.0,Attended Dialled,Completed,0.0,False
5805028000039898810,2024-03-27 09:53:00,Ian Miller,5805028000039887501,Outbound,8.0,Attended Dialled,Completed,0.0,False
5805028000027202389,2024-01-19 16:20:00,Nina Scott,5805028000026745218,Outbound,1667.0,Attended Dialled,Completed,0.0,False
5805028000022131320,2023-12-19 17:14:00,Julia Nelson,5805028000020448826,Outbound,4.0,Attended Dialled,Completed,0.0,False
5805028000031763274,2024-02-13 20:50:00,Charlie Davis,5805028000011531077,Outbound,3.0,Attended Dialled,Completed,0.0,False
5805028000037270040,2024-03-13 15:21:00,Victor Barnes,5805028000036604489,Outbound,52.0,Attended Dialled,Completed,0.0,False
5805028000007245074,2023-09-12 09:21:00,Diana Evans,5805028000005783053,Outbound,5.0,Attended Dialled,Completed,0.0,False
5805028000046137159,2024-04-24 11:49:00,Cara Iverson,5805028000045349509,Outbound,6.0,Attended Dialled,Completed,0.0,False
5805028000009364433,2023-09-29 12:19:00,Julia Nelson,5805028000008336069,Outbound,46.0,Attended Dialled,Completed,0.0,False
5805028000021593548,2023-12-15 18:50:00,Sam Young,5805028000006508050,Outbound,0.0,Unattended Dialled,Completed,0.0,False
5805028000051103492,2024-05-22 15:16:00,Victor Barnes,5805028000011906024,Outbound,143.0,Attended Dialled,Completed,0.0,False
5805028000038234125,2024-03-18 17:48:00,Julia Nelson,5805028000005428225,Outbound,935.0,Attended Dialled,Completed,0.0,False
5805028000024915025,2024-01-08 14:19:00,Ulysses Adams,5805028000024657261,Outbound,6.0,Attended Dialled,Completed,0.0,False
5805028000013664154,2023-10-25 17:27:00,Jane Smith,5805028000013442077,Outbound,538.0,Attended Dialled,Completed,0.0,False
5805028000006013013,2023-08-28 12:58:00,Diana Evans,5805028000005772191,Outbound,8.0,Attended Dialled,Completed,0.0,False
5805028000021601479,2023-12-15 16:39:00,Paula Underwood,5805028000020431055,Inbound,709.0,Received,,,False
5805028000032956319,2024-02-20 14:49:00,Yara Edwards,5805028000005670016,Outbound,0.0,Unattended Dialled,Completed,0.0,False
5805028000019434726,2023-12-02 16:09:00,Paula Underwood,5805028000019420803,Outbound,10.0,Attended Dialled,Completed,0.0,False
5805028000053691764,2024-06-06 12:13:00,Ulysses Adams,5805028000051102422,Outbound,1.0,Attended Dialled,Completed,0.0,False
5805028000034886477,2024-02-28 18:33:00,Yara Edwards,5805028000033296461,Outbound,7.0,Attended Dialled,Completed,0.0,False
5805028000035913265,2024-03-06 17:05:00,Ian Miller,5805028000033498754,Outbound,10.0,Attended Dialled,Completed,0.0,False
5805028000018547899,2023-11-24 12:52:00,Ian Miller,5805028000018583738,Outbound,1037.0,Attended Dialled,Completed,0.0,False
5805028000025053091,2024-01-09 11:58:00,Kevin Parker,5805028000021898509,Outbound,259.0,Attended Dialled,Completed,0.0,False
5805028000045224793,2024-04-20 17:12:00,Ben Hall,5805028000035754216,Outbound,23.0,Attended Dialled,Completed,0.0,False
5805028000049558743,2024-05-13 08:29:00,Charlie Davis,5805028000009360523,Missed,0.0,Missed,,,False
5805028000013981347,2023-10-27 14:51:00,Diana Evans,5805028000009044013,Outbound,84.0,Attended Dialled,Completed,0.0,False
5805028000048074439,2024-05-04 14:18:00,Paula Underwood,5805028000047200545,Outbound,0.0,Unattended Dialled,Completed,0.0,False
5805028000031512387,2024-02-12 19:29:00,Ulysses Adams,5805028000007090663,Inbound,102.0,Received,,,False
5805028000045315483,2024-04-21 11:16:00,Yara Edwards,5805028000043907829,Outbound,86.0,Attended Dialled,Completed,0.0,False
5805028000019797227,2023-12-06 12:23:00,Kevin Parker,5805028000018811437,Outbound,80.0,Attended Dialled,Completed,0.0,False
5805028000015299684,2023-11-05 17:58:00,Jane Smith,5805028000015298335,Missed,0.0,Missed,,,False
5805028000005774080,2023-08-24 21:42:00,Jane Smith,5805028000001986077,Outbound,1076.0,Attended Dialled,Completed,0.0,False
5805028000045993818,2024-04-24 12:27:00,Ulysses Adams,5805028000035157432,Outbound,5.0,Attended Dialled,Completed,0.0,False
5805028000055845110,2024-06-17 12:31:00,Nina Scott,5805028000055503741,Outbound,7.0,Attended Dialled,Completed,0.0,False
5805028000022158220,2023-12-19 15:58:00,Diana Evans,5805028000022017201,Outbound,8.0,Attended Dialled,Completed,0.0,False
5805028000028584410,2024-01-28 15:14:00,Yara Edwards,5805028000026242084,Outbound,356.0,Attended Dialled,Completed,0.0,False
5805028000008804875,2023-09-25 14:38:00,Kevin Parker,5805028000008586057,Outbound,1333.0,Attended Dialled,Completed,0.0,False
5805028000026258852,2024-01-16 15:34:00,Paula Underwood,5805028000026228533,Outbound,0.0,Unattended Dialled,Completed,0.0,False
5805028000006917037,2023-09-07 09:15:00,Jane Smith,5805028000001880249,Missed,0.0,Missed,,,False
5805028000013165905,2023-10-23 14:54:00,Diana Evans,5805028000010276200,Outbound,15.0,Attended Dialled,Completed,0.0,False
5805028000002618075,2023-07-20 13:57:00,Jane Smith,5805028000002520001,Outbound,778.0,Attended Dialled,Completed,0.0,False
5805028000050313626,2024-05-16 16:32:00,John Doe,5805028000045566423,Missed,0.0,Missed,,,False
5805028000025856633,2024-01-12 18:58:00,Ulysses Adams,5805028000018036007,Outbound,10.0,Attended Dialled,Completed,0.0,False
5805028000049214611,2024-05-10 14:37:00,Derek James,5805028000026035241,Outbound,123.0,Attended Dialled,Completed,0.0,False
5805028000013161606,2023-10-23 14:49:00,Kevin Parker,5805028000012448132,Outbound,418.0,Attended Dialled,Completed,0.0,False
5805028000028156886,2024-01-25 12:54:00,Nina Scott,5805028000027338003,Outbound,4.0,Attended Dialled,Completed,0.0,False
5805028000030157131,2024-02-05 11:38:00,Ian Miller,5805028000003853013,Outbound,1098.0,Attended Dialled,Completed,0.0,False
5805028000034460328,2024-02-27 13:36:00,Yara Edwards,5805028000009821333,Outbound,13.0,Attended Dialled,Completed,0.0,False
5805028000045566096,2024-04-22 17:13:00,Victor Barnes,5805028000040782113,Outbound,1040.0,Attended Dialled,Completed,0.0,False
5805028000046316994,2024-04-25 15:31:00,Ben Hall,5805028000040212085,Outbound,10.0,Attended Dialled,Completed,0.0,False
5805028000054762727,2024-06-12 13:58:00,Kevin Parker,5805028000029205090,Outbound,15.0,Attended Dialled,Completed,0.0,False
5805028000035793334,2024-03-06 10:43:00,Ian Miller,5805028000035791404,Outbound,10.0,Attended Dialled,Completed,0.0,False
5805028000018573048,2023-11-23 15:39:00,John Doe,5805028000006303060,Outbound,5.0,Attended Dialled,Completed,0.0,False
5805028000019837063,2023-12-06 11:29:00,Ian Miller,5805028000005005266,Outbound,6.0,Attended Dialled,Completed,0.0,False
5805028000039295239,2024-03-22 10:59:00,Amy Green,5805028000039138189,Outbound,15.0,Attended Dialled,Completed,0.0,False
5805028000027868358,2024-01-23 15:58:00,Ulysses Adams,5805028000017915511,Outbound,239.0,Attended Dialled,Completed,0.0,False
5805028000009786409,2023-10-03 12:24:00,Charlie Davis,5805028000009826235,Outbound,111.0,Attended Dialled,Completed,0.0,False
5805028000039525596,2024-03-25 10:26:00,Nina Scott,5805028000023888364,Outbound,7.0,Attended Dialled,Completed,0.0,False
5805028000013255033,2023-10-23 10:48:00,Kevin Parker,5805028000011766183,Outbound,0.0,Unattended Dialled,Completed,0.0,False
5805028000029372662,2024-02-01 10:23:00,John Doe,5805028000001404153,Outbound,37.0,Attended Dialled,Completed,0.0,False
5805028000041750507,2024-04-04 16:44:00,Cara Iverson,5805028000039806199,Outbound,0.0,Unattended Dialled,Completed,0.0,False
5805028000008128065,2023-09-19 19:06:00,Charlie Davis,5805028000004488175,Outbound,8.0,Attended Dialled,Completed,0.0,False
5805028000037557130,2024-03-14 17:26:00,Ian Miller,5805028000037507242,Outbound,345.0,Attended Dialled,Completed,0.0,False
5805028000039413294,2024-03-22 18:14:00,John Doe,5805028000031354976,Outbound,13.0,Attended Dialled,Completed,0.0,False
5805028000043243498,2024-04-11 18:48:00,Charlie Davis,5805028000040954179,Outbound,425.0,Attended Dialled,Completed,0.0,False
5805028000013442129,2023-10-24 17:57:00,Diana Evans,5805028000007866898,Missed,0.0,Missed,,,False
5805028000037925608,2024-03-17 10:49:00,Victor Barnes,5805028000036604489,Outbound,11.0,Attended Dialled,Completed,0.0,False
5805028000027901485,2024-01-23 14:39:00,Kevin Parker,5805028000017915511,Missed,0.0,Missed,,,False
5805028000014594011,2023-10-31 12:23:00,Jane Smith,5805028000013574227,Missed,0.0,Missed,,,False
5805028000035723184,2024-03-05 16:33:00,Paula Underwood,5805028000019608861,Missed,0.0,Missed,,,False
5805028000010407583,2023-10-07 15:55:00,Julia Nelson,5805028000010174116,Outbound,1667.0,Attended Dialled,Completed,0.0,False
5805028000033126542,2024-02-21 13:07:00,John Doe,5805028000007822911,Outbound,120.0,Attended Dialled,Completed,0.0,False
5805028000035122267,2024-02-29 19:58:00,Quincy Vincent,5805028000031354976,Outbound,178.0,Attended Dialled,Completed,0.0,False
5805028000013945134,2023-10-27 11:12:00,Jane Smith,5805028000007983009,Outbound,473.0,Attended Dialled,Completed,0.0,False
5805028000053562587,2024-06-05 13:32:00,Julia Nelson,5805028000052665812,Inbound,359.0,Received,,,False
5805028000029765049,2024-02-02 11:42:00,Amy Green,5805028000029782013,Outbound,367.0,Attended Dialled,Completed,0.0,False
5805028000055509392,2024-06-15 18:17:00,Yara Edwards,5805028000054441200,Outbound,0.0,Unattended Dialled,Completed,0.0,False
5805028000034209089,2024-02-26 15:14:00,Quincy Vincent,5805028000034034013,Outbound,1965.0,Attended Dialled,Completed,0.0,False
5805028000041617425,2024-04-04 10:02:00,Ben Hall,5805028000041214212,Outbound,10.0,Attended Dialled,Completed,0.0,False
5805028000050017552,2024-05-15 09:54:00,Yara Edwards,5805028000050001350,Outbound,0.0,Unattended Dialled,Completed,0.0,False
5805028000039948195,2024-03-26 17:55:00,Ulysses Adams,5805028000036004356,Outbound,94.0,Attended Dialled,Completed,0.0,False
5805028000041195584,2024-04-02 17:05:00,Cara Iverson,5805028000039806199,Outbound,4.0,Attended Dialled,Completed,0.0,False
5805028000004315088,2023-08-10 12:46:00,Diana Evans,5805028000004130492,Outbound,195.0,Attended Dialled,Completed,0.0,False
5805028000010954279,2023-10-11 12:06:00,John Doe,5805028000004323001,Outbound,0.0,Unattended Dialled,Completed,0.0,False
5805028000045069627,2024-04-19 18:55:00,Derek James,5805028000012448132,Outbound,0.0,Unattended Dialled,Completed,0.0,False
5805028000029570221,2024-02-01 14:52:00,Kevin Parker,5805028000028339228,Outbound,451.0,Attended Dialled,Completed,0.0,False
5805028000055607144,2024-06-16 13:41:00,Victor Barnes,5805028000039785065,Outbound,22.0,Attended Dialled,Completed,0.0,False
5805028000054948772,2024-06-13 12:14:00,Victor Barnes,5805028000040804112,Outbound,0.0,Unattended Dialled,Completed,0.0,False
5805028000012164089,2023-10-17 16:35:00,John Doe,5805028000005614074,Outbound,1919.0,Attended Dialled,Completed,0.0,False
5805028000009683661,2023-10-02 16:29:00,Diana Evans,5805028000009701425,Outbound,321.0,Attended Dialled,Completed,0.0,False
5805028000014221001,2023-10-29 11:52:00,Mason Roberts,5805028000007974158,Outbound,7.0,Attended Dialled,Completed,0.0,False
5805028000004589649,2023-08-13 13:54:00,Jane Smith,5805028000004593436,Outbound,44.0,Attended Dialled,Completed,0.0,False
5805028000017214173,2023-11-16 11:59:00,Julia Nelson,5805028000014989229,Outbound,4.0,Attended Dialled,Completed,0.0,False
5805028000039295251,2024-03-22 10:57:00,Charlie Davis,5805028000033276868,Inbound,976.0,Received,,,False
5805028000055204962,2024-06-14 15:20:00,Victor Barnes,5805028000053017296,Outbound,167.0,Attended Dialled,Completed,0.0,False
5805028000024516116,2024-01-05 15:40:00,Paula Underwood,5805028000020309712,Outbound,10.0,Attended Dialled,Completed,0.0,False
5805028000022248535,2023-12-20 15:06:00,Ian Miller,5805028000022303437,Outbound,299.0,Attended Dialled,Completed,0.0,False
5805028000021068393,2023-12-12 18:43:00,Diana Evans,5805028000016748004,Outbound,19.0,Attended Dialled,Completed,0.0,False
5805028000033874781,2024-02-24 17:22:00,Yara Edwards,5805028000033681049,Outbound,351.0,Attended Dialled,Completed,0.0,False
5805028000038054761,2024-03-18 13:56:00,Kevin Parker,5805028000032413100,Outbound,4.0,Attended Dialled,Completed,0.0,False
5805028000037977655,2024-03-17 11:21:00,Victor Barnes,5805028000021815043,Outbound,148.0,Attended Dialled,Completed,0.0,False
5805028000053700166,2024-06-05 17:46:00,Derek James,5805028000039296313,Outbound,0.0,Unattended Dialled,Completed,0.0,False
5805028000026367069,2024-01-17 14:20:00,Quincy Vincent,5805028000026258683,Outbound,10.0,Attended Dialled,Completed,0.0,False
5805028000040244910,2024-03-28 15:34:00,John Doe,5805028000033413110,Outbound,228.0,Attended Dialled,Completed,0.0,False
5805028000032085787,2024-02-15 16:36:00,Julia Nelson,5805028000007822911,Missed,0.0,Missed,,,False
5805028000019214180,2023-11-30 13:49:00,Nina Scott,5805028000018423649,Outbound,2.0,Attended Dialled,Completed,0.0,False
5805028000006016207,2023-08-28 18:47:00,Diana Evans,5805028000004323001,Outbound,0.0,Unattended Dialled,Completed,0.0,False
5805028000040258290,2024-03-28 14:04:00,Yara Edwards,5805028000040212085,Outbound,429.0,Attended Dialled,Completed,0.0,False
5805028000020322487,2023-12-08 16:06:00,Charlie Davis,5805028000009580061,Outbound,5.0,Attended Dialled,Completed,0.0,False
5805028000026383145,2024-01-17 14:13:00,Ulysses Adams,5805028000025325868,Outbound,0.0,Unattended Dialled,Completed,0.0,False
5805028000042838658,2024-04-10 15:03:00,Ben Hall,5805028000041214212,Outbound,4.0,Attended Dialled,Completed,0.0,False
5805028000014286303,2023-10-30 13:15:00,Mason Roberts,5805028000013173018,Outbound,4.0,Attended Dialled,Completed,0.0,False
5805028000053953161,2024-06-07 16:05:00,Kevin Parker,5805028000052976585,Missed,0.0,Missed,,,False
5805028000049782004,2024-05-13 15:21:00,Derek James,5805028000040258511,Outbound,13.0,Attended Dialled,Completed,0.0,False
5805028000025521526,2024-01-11 16:42:00,John Doe,5805028000018580408,Outbound,1717.0,Attended Dialled,Completed,0.0,False
5805028000007687056,2023-09-14 17:15:00,Diana Evans,5805028000007649149,Outbound,2068.0,Attended Dialled,Completed,0.0,False
5805028000044481540,2024-04-17 11:35:00,Yara Edwards,5805028000044342562,Inbound,34.0,Received,,,False
5805028000028993116,2024-01-30 15:47:00,Ulysses Adams,5805028000003954013,Outbound,5.0,Attended Dialled,Completed,0.0,False
5805028000008015318,2023-09-19 11:27:00,Ian Miller,5805028000005932267,Outbound,0.0,Unattended Dialled,Completed,0.0,False
5805028000011125008,2023-10-11 19:19:00,Diana Evans,5805028000010188233,Outbound,9.0,Attended Dialled,Completed,0.0,False
5805028000029929296,2024-02-03 10:48:00,Zachary Foster,5805028000029935160,Outbound,36.0,Attended Dialled,Completed,0.0,False
5805028000022515132,2023-12-21 12:34:00,Ian Miller,5805028000021592848,Outbound,627.0,Attended Dialled,Completed,0.0,False
5805028000029272312,2024-01-31 13:26:00,John Doe,5805028000018811232,Outbound,6.0,Attended Dialled,Completed,0.0,False
5805028000047127763,2024-04-29 11:45:00,Julia Nelson,5805028000045269524,Outbound,316.0,Attended Dialled,Completed,0.0,False
5805028000055837075,2024-06-17 11:29:00,Nina Scott,5805028000055524176,Outbound,0.0,Unattended Dialled,Completed,0.0,False
5805028000003957546,2023-08-06 15:32:00,Jane Smith,5805028000003422640,Outbound,0.0,Unattended Dialled,Completed,0.0,False
5805028000028159361,2024-01-25 09:56:00,Nina Scott,5805028000023302373,Outbound,221.0,Attended Dialled,Completed,0.0,False
5805028000053787589,2024-06-07 10:21:00,Cara Iverson,5805028000015328418,Outbound,195.0,Attended Dialled,Completed,0.0,False
5805028000006556165,2023-09-02 12:50:00,Jane Smith,5805028000005932267,Outbound,0.0,Unattended Dialled,Completed,0.0,False
5805028000021567833,2023-12-16 11:12:00,Julia Nelson,5805028000021542848,Outbound,3066.0,Attended Dialled,Completed,0.0,False
5805028000037948699,2024-03-17 11:21:00,Julia Nelson,5805028000035493617,Missed,0.0,Missed,,,False
5805028000009208199,2023-09-27 18:23:00,Fiona Jackson,5805028000007846891,Missed,0.0,Missed,,,False
5805028000035291049,2024-03-01 14:06:00,John Doe,5805028000029239573,Outbound,0.0,Unattended Dialled,Completed,0.0,False
5805028000028540570,2024-01-27 15:18:00,Yara Edwards,5805028000028427538,Outbound,46.0,Attended Dialled,Completed,0.0,False
5805028000045858048,2024-04-23 14:08:00,Victor Barnes,5805028000030170257,Outbound,0.0,Unattended Dialled,Completed,0.0,False
5805028000016136248,2023-11-09 17:18:00,Ian Miller,5805028000015904048,Outbound,8.0,Attended Dialled,Completed,0.0,False
5805028000014225057,2023-10-29 13:23:00,Mason Roberts,5805028000013431015,Outbound,6.0,Attended Dialled,Completed,0.0,False
5805028000043903351,2024-04-15 18:40:00,Derek James,5805028000026410069,Outbound,269.0,Attended Dialled,Completed,0.0,False
5805028000054000350,2024-06-07 17:57:00,Cara Iverson,5805028000052665812,Outbound,0.0,Unattended Dialled,Completed,0.0,False
5805028000050807278,2024-05-20 11:47:00,Ulysses Adams,5805028000049349025,Outbound,10.0,Attended Dialled,Completed,0.0,False
5805028000044209417,2024-04-16 17:37:00,Amy Green,5805028000041169277,Outbound,571.0,Attended Dialled,Completed,0.0,False
5805028000045981833,2024-04-24 13:15:00,Ulysses Adams,5805028000032759616,Inbound,728.0,Received,,,False
5805028000019821074,2023-12-06 12:03:00,Ian Miller,5805028000019434414,Outbound,87.0,Attended Dialled,Completed,0.0,False
5805028000036147068,2024-03-07 16:22:00,Ben Hall,5805028000033659128,Outbound,7.0,Attended Dialled,Completed,0.0,False
5805028000032965351,2024-02-20 13:03:00,Ben Hall,5805028000025202328,Outbound,1354.0,Attended Dialled,Completed,0.0,False
5805028000011093035,2023-10-11 16:08:00,Diana Evans,5805028000010188233,Outbound,5.0,Attended Dialled,Completed,0.0,False
5805028000012528044,2023-10-19 10:28:00,Kevin Parker,5805028000003930715,Outbound,1278.0,Attended Dialled,Completed,0.0,False
5805028000047472157,2024-04-30 15:30:00,Paula Underwood,5805028000041648001,Outbound,93.0,Attended Dialled,Completed,0.0,False
5805028000018756255,2023-11-27 10:40:00,Diana Evans,5805028000017738439,Outbound,62.0,Attended Dialled,Completed,0.0,False
5805028000028616289,2024-01-29 09:07:00,John Doe,5805028000017837213,Outbound,72.0,Attended Dialled,Completed,0.0,False
5805028000037951474,2024-03-16 15:19:00,Yara Edwards,5805028000037937208,Outbound,378.0,Attended Dialled,Completed,0.0,False
5805028000035517381,2024-03-04 10:05:00,John Doe,5805028000007866898,Outbound,4.0,Attended Dialled,Completed,0.0,False
5805028000042810842,2024-04-10 14:16:00,Victor Barnes,5805028000021694290,Outbound,21.0,Attended Dialled,Completed,0.0,False
5805028000035164681,2024-03-01 11:46:00,Amy Green,5805028000035162605,Outbound,551.0,Attended Dialled,Completed,0.0,False
5805028000009962111,2023-10-04 17:16:00,Diana Evans,5805028000009072093,Outbound,125.0,Attended Dialled,Completed,0.0,False
5805028000023516032,2023-12-28 11:05:00,John Doe,5805028000007093904,Outbound,0.0,Unattended Dialled,Completed,0.0,False
5805028000014806037,2023-11-01 13:43:00,Kevin Parker,5805028000008783552,Outbound,911.0,Attended Dialled,Completed,0.0,False
5805028000042700620,2024-04-09 17:26:00,Amy Green,5805028000028163165,Outbound,21.0,Attended Dialled,Completed,0.0,False
5805028000023853037,2023-12-30 10:15:00,Paula Underwood,5805028000023544260,Outbound,0.0,Unattended Dialled,Completed,0.0,False
5805028000030894566,2024-02-08 13:48:00,Yara Edwards,5805028000030831549,Outbound,266.0,Attended Dialled,Completed,0.0,False
5805028000056558431,2024-06-20 11:35:00,Yara Edwards,5805028000055628150,Outbound,0.0,Unattended Dialled,Completed,0.0,False
5805028000008590046,2023-09-22 13:13:00,Diana Evans,5805028000005608130,Outbound,37.0,Attended Dialled,Completed,0.0,False
5805028000041511299,2024-04-03 18:07:00,Charlie Davis,5805028000041026204,Outbound,0.0,Unattended Dialled,Completed,0.0,False
5805028000054760082,2024-06-12 09:38:00,Ben Hall,5805028000025058077,Outbound,421.0,Attended Dialled,Completed,0.0,False
5805028000050438200,2024-05-17 14:34:00,Kevin Parker,5805028000045269524,Outbound,5.0,Attended Dialled,Completed,0.0,False
5805028000005833148,2023-08-25 17:42:00,Jane Smith,5805028000003219087,Outbound,848.0,Attended Dialled,Completed,0.0,False
5805028000012881062,2023-10-20 15:10:00,Fiona Jackson,5805028000011961190,Missed,0.0,Missed,,,False
5805028000016334089,2023-11-10 14:27:00,Jane Smith,5805028000012259131,Missed,0.0,Missed,,,False
5805028000047945099,2024-05-03 15:29:00,Derek James,5805028000035996841,Outbound,4.0,Attended Dialled,Completed,0.0,False
5805028000026485095,2024-01-17 16:52:00,Victor Barnes,5805028000022396353,Outbound,779.0,Attended Dialled,Completed,0.0,False
5805028000009382517,2023-09-29 15:17:00,Kevin Parker,5805028000009349208,Outbound,69.0,Attended Dialled,Completed,0.0,False
5805028000039363928,2024-03-23 12:24:00,Cara Iverson,5805028000026041053,Outbound,1082.0,Attended Dialled,Completed,0.0,False
5805028000013202955,2023-10-23 11:41:00,Ian Miller,5805028000008496063,Outbound,0.0,Unattended Dialled,Completed,0.0,False
5805028000041605485,2024-04-04 10:02:00,Ben Hall,5805028000041214212,Outbound,5.0,Attended Dialled,Completed,0.0,False
5805028000046826132,2024-04-26 15:33:00,Kevin Parker,5805028000031687220,Outbound,8.0,Attended Dialled,Completed,0.0,False
5805028000041747096,2024-04-04 13:29:00,Kevin Parker,5805028000013860278,Inbound,469.0,Received,,,False
5805028000020146331,2023-12-07 16:47:00,John Doe,5805028000003930715,Inbound,20.0,Received,,,False
5805028000032073271,2024-02-15 10:33:00,John Doe,5805028000027057061,Outbound,6.0,Attended Dialled,Completed,0.0,False
5805028000056833326,2024-06-21 13:36:00,Kevin Parker,5805028000018811437,Outbound,0.0,Unattended Dialled,Completed,0.0,False
5805028000052016214,2024-05-27 15:59:00,Paula Underwood,5805028000031791151,Outbound,15.0,Attended Dialled,Completed,0.0,False
5805028000023690195,2023-12-29 13:50:00,Paula Underwood,5805028000023686189,Outbound,2042.0,Attended Dialled,Completed,0.0,False
5805028000040779287,2024-04-01 13:28:00,Quincy Vincent,5805028000037118344,Outbound,5.0,Attended Dialled,Completed,0.0,False
5805028000055848441,2024-06-17 15:53:00,Nina Scott,5805028000040548184,Outbound,10.0,Attended Dialled,Completed,0.0,False
5805028000036163041,2024-03-07 18:19:00,Ulysses Adams,5805028000054755989,Outbound,7.0,Attended Dialled,Completed,0.0,False
5805028000016643267,2023-11-13 12:37:00,Mason Roberts,5805028000016505898,Outbound,2962.0,Attended Dialled,Completed,0.0,False
5805028000007084883,2023-09-11 18:12:00,Charlie Davis,5805028000007102201,Outbound,368.0,Attended Dialled,Completed,0.0,False
5805028000012352380,2023-10-18 15:14:00,Jane Smith,5805028000007983009,Outbound,140.0,Attended Dialled,Completed,0.0,False
5805028000045052260,2024-04-19 12:01:00,Derek James,5805028000033681049,Outbound,6.0,Attended Dialled,Completed,0.0,False
5805028000028742162,2024-01-29 14:29:00,Paula Underwood,5805028000005268612,Outbound,25.0,Attended Dialled,Completed,0.0,False
5805028000001404188,2023-07-10 19:04:00,Alice Johnson,5805028000001361061,Outbound,98.0,Attended Dialled,Completed,0.0,False
5805028000049190489,2024-05-10 14:43:00,Derek James,5805028000037948002,Outbound,98.0,Attended Dialled,Completed,0.0,False
5805028000012575030,2023-10-19 12:36:00,Ian Miller,5805028000012504158,Outbound,298.0,Attended Dialled,Completed,0.0,False
5805028000021253152,2023-12-13 17:17:00,Ian Miller,5805028000020141494,Outbound,7.0,Attended Dialled,Completed,0.0,False
5805028000019733164,2023-12-05 12:01:00,Kevin Parker,5805028000018695477,Outbound,6.0,Attended Dialled,Completed,0.0,False
5805028000027426937,2024-01-21 14:44:00,Yara Edwards,5805028000027331104,Outbound,0.0,Unattended Dialled,Completed,0.0,False
5805028000051096672,2024-05-22 16:07:00,Derek James,5805028000038221585,Outbound,9.0,Attended Dialled,Completed,0.0,False
5805028000018978351,2023-11-28 14:24:00,Kevin Parker,5805028000013833652,Missed,0.0,Missed,,,False
5805028000052829129,2024-05-31 12:31:00,Charlie Davis,5805028000011610537,Missed,0.0,Missed,,,False
5805028000053693928,2024-06-06 12:20:00,Ulysses Adams,5805028000006638037,Outbound,4.0,Attended Dialled,Completed,0.0,False
5805028000047492078,2024-04-30 13:56:00,Ulysses Adams,5805028000020305964,Outbound,69.0,Attended Dialled,Completed,0.0,False
5805028000012333126,2023-10-18 11:15:00,John Doe,5805028000012014001,Missed,0.0,Missed,,,False
5805028000054795338,2024-06-12 13:45:00,Yara Edwards,5805028000054792491,Outbound,6.0,Attended Dialled,Completed,0.0,False
5805028000047955195,2024-05-03 17:53:00,Derek James,5805028000042156585,Outbound,64.0,Attended Dialled,Completed,0.0,False
5805028000001375141,2023-07-09 12:04:00,Alice Johnson,5805028000001361061,Outbound,944.0,Attended Dialled,Completed,0.0,False
5805028000045846093,2024-04-23 14:41:00,Kevin Parker,5805028000030169494,Outbound,5.0,Attended Dialled,Completed,0.0,False
5805028000051410208,2024-05-23 13:23:00,Julia Nelson,5805028000043261709,Outbound,0.0,Unattended Dialled,Completed,0.0,False
5805028000021676268,2023-12-16 16:39:00,Diana Evans,5805028000021601774,Outbound,95.0,Attended Dialled,Completed,0.0,False
5805028000028764471,2024-01-29 18:36:00,Amy Green,5805028000028748621,Outbound,420.0,Attended Dialled,Completed,0.0,False
5805028000042458991,2024-04-09 10:15:00,Yara Edwards,5805028000042454851,Outbound,5.0,Attended Dialled,Completed,0.0,False
5805028000044030113,2024-04-16 10:17:00,Ulysses Adams,5805028000041455005,Outbound,645.0,Attended Dialled,Completed,0.0,False
5805028000037420001,2024-03-14 09:02:00,Ulysses Adams,5805028000036639525,Outbound,1334.0,Attended Dialled,Completed,0.0,False
5805028000046169098,2024-04-24 15:27:00,Derek James,5805028000033515426,Outbound,46.0,Attended Dialled,Completed,0.0,False
5805028000033674027,2024-02-23 11:37:00,Ulysses Adams,5805028000008097198,Outbound,96.0,Attended Dialled,Completed,0.0,False
5805028000051697258,2024-05-24 17:23:00,John Doe,5805028000008337185,Missed,0.0,Missed,,,False
5805028000013869603,2023-10-26 20:01:00,Diana Evans,5805028000007218219,Outbound,4.0,Attended Dialled,Completed,0.0,False
5805028000050311038,2024-05-16 10:20:00,Quincy Vincent,5805028000009680131,Outbound,7.0,Attended Dialled,Completed,0.0,False
5805028000009189233,2023-09-27 18:25:00,John Doe,5805028000005438064,Outbound,66.0,Attended Dialled,Completed,0.0,False
5805028000050014701,2024-05-15 14:13:00,Kevin Parker,5805028000040563811,Outbound,4.0,Attended Dialled,Completed,0.0,False
5805028000050133369,2024-05-15 17:55:00,Yara Edwards,5805028000050002245,Outbound,0.0,Unattended Dialled,Completed,0.0,False
5805028000044713399,2024-04-17 18:26:00,Cara Iverson,5805028000044034579,Outbound,20.0,Attended Dialled,Completed,0.0,False
5805028000015698013,2023-11-07 13:07:00,Diana Evans,5805028000010188233,Outbound,251.0,Attended Dialled,Completed,0.0,False
5805028000018771607,2023-11-27 16:37:00,Kevin Parker,5805028000010209006,Outbound,67.0,Attended Dialled,Completed,0.0,False
5805028000035596050,2024-03-04 15:21:00,Ulysses Adams,5805028000034058586,Outbound,72.0,Attended Dialled,Completed,0.0,False
5805028000036649008,2024-03-10 11:05:00,Yara Edwards,5805028000036392961,Outbound,320.0,Attended Dialled,Completed,0.0,False
5805028000012327199,2023-10-18 12:49:00,Julia Nelson,5805028000012207006,Outbound,87.0,Attended Dialled,Completed,0.0,False
5805028000015162025,2023-11-03 13:26:00,Kevin Parker,5805028000015013787,Outbound,1153.0,Attended Dialled,Completed,0.0,False
5805028000043136186,2024-04-11 09:11:00,Ulysses Adams,5805028000042854929,Outbound,3174.0,Attended Dialled,Completed,0.0,False
5805028000042599353,2024-04-09 11:21:00,Quincy Vincent,5805028000040727093,Outbound,12.0,Attended Dialled,Completed,0.0,False
5805028000025989993,2024-01-15 12:43:00,Kevin Parker,5805028000016929226,Outbound,648.0,Attended Dialled,Completed,0.0,False
5805028000013056296,2023-10-21 12:06:00,Julia Nelson,5805028000012904577,Outbound,1434.0,Attended Dialled,Completed,0.0,False
5805028000036189008,2024-03-08 10:10:00,Charlie Davis,5805028000033276868,Outbound,101.0,Attended Dialled,Completed,0.0,False
5805028000045040208,2024-04-19 10:43:00,Nina Scott,5805028000043745576,Outbound,0.0,Unattended Dialled,Completed,0.0,False
5805028000030868330,2024-02-08 11:53:00,Victor Barnes,5805028000030660098,Outbound,20.0,Attended Dialled,Completed,0.0,False
5805028000028128336,2024-01-24 18:21:00,Kevin Parker,5805028000024714042,Outbound,572.0,Attended Dialled,Completed,0.0,False
5805028000030488405,2024-02-07 13:34:00,Nina Scott,5805028000028538883,Missed,0.0,Missed,,,False
5805028000052188278,2024-05-28 13:26:00,Derek James,5805028000028862345,Outbound,81.0,Attended Dialled,Completed,0.0,False
5805028000029235434,2024-01-31 13:58:00,Ulysses Adams,5805028000010515033,Outbound,220.0,Attended Dialled,Completed,0.0,False
5805028000052829352,2024-05-31 15:01:00,Eva Kent,5805028000050575781,Outbound,107.0,Attended Dialled,Completed,0.0,False
5805028000018565568,2023-11-24 09:17:00,Kevin Parker,5805028000015315004,Outbound,5.0,Attended Dialled,Completed,0.0,False
5805028000004729054,2023-08-15 16:24:00,Jane Smith,5805028000004310131,Outbound,0.0,Unattended Dialled,Completed,0.0,False
5805028000054993653,2024-06-13 12:24:00,Paula Underwood,5805028000048762355,Missed,0.0,Missed,,,False
5805028000029421110,2024-01-31 17:06:00,Kevin Parker,5805028000028560052,Outbound,971.0,Attended Dialled,Completed,0.0,False
5805028000022513129,2023-12-21 12:27:00,Kevin Parker,5805028000018408794,Outbound,5.0,Attended Dialled,Completed,0.0,False
5805028000021274711,2023-12-14 13:12:00,Ian Miller,5805028000005188569,Outbound,6.0,Attended Dialled,Completed,0.0,False
5805028000051234134,2024-05-22 18:25:00,Derek James,5805028000038227640,Outbound,269.0,Attended Dialled,Completed,0.0,False
5805028000041169444,2024-04-02 16:53:00,Amy Green,5805028000040548134,Outbound,18.0,Attended Dialled,Completed,0.0,False
5805028000053960183,2024-06-07 16:07:00,Kevin Parker,5805028000047649184,Outbound,109.0,Attended Dialled,Completed,0.0,False
5805028000018559597,2023-11-24 10:27:00,Kevin Parker,5805028000014924113,Outbound,4.0,Attended Dialled,Completed,0.0,False
5805028000045991987,2024-04-24 15:07:00,Amy Green,5805028000045957966,Outbound,466.0,Attended Dialled,Completed,0.0,False
5805028000025164122,2024-01-09 17:12:00,Quincy Vincent,5805028000022250509,Outbound,6.0,Attended Dialled,Completed,0.0,False
5805028000010599203,2023-10-09 16:27:00,John Doe,5805028000003597256,Outbound,22.0,Attended Dialled,Completed,0.0,False
5805028000055196572,2024-06-14 10:40:00,Julia Nelson,5805028000055208246,Outbound,5.0,Attended Dialled,Completed,0.0,False
5805028000028763013,2024-01-29 12:03:00,John Doe,5805028000007327089,Outbound,0.0,Unattended Dialled,Completed,0.0,False
5805028000054001804,2024-06-08 15:13:00,Yara Edwards,5805028000054108040,Outbound,5.0,Attended Dialled,Completed,0.0,False
5805028000010962200,2023-10-11 11:44:00,Ian Miller,5805028000010924006,Outbound,5.0,Attended Dialled,Completed,0.0,False
5805028000008679030,2023-09-22 16:49:00,Jane Smith,5805028000007087462,Outbound,0.0,Unattended Dialled,Completed,0.0,False
5805028000054722013,2024-06-11 19:54:00,Derek James,5805028000021888202,Outbound,556.0,Attended Dialled,Completed,0.0,False
5805028000030861838,2024-02-08 15:54:00,Charlie Davis,5805028000024369400,Inbound,34.0,Received,,,False
5805028000039767326,2024-03-26 13:32:00,John Doe,5805028000033890322,Outbound,676.0,Attended Dialled,Completed,0.0,False
5805028000017949376,2023-11-20 17:38:00,Jane Smith,5805028000017105108,Outbound,0.0,Unattended Dialled,Completed,0.0,False
5805028000019410265,2023-12-01 13:35:00,Quincy Vincent,5805028000010428390,Outbound,3138.0,Attended Dialled,Completed,0.0,False
5805028000028401389,2024-01-26 15:44:00,Kevin Parker,5805028000006809252,Outbound,250.0,Attended Dialled,Completed,0.0,False
5805028000051498703,2024-05-24 13:37:00,Victor Barnes,5805028000001782077,Outbound,0.0,Unattended Dialled,Completed,0.0,False
5805028000025816136,2024-01-12 15:32:00,Paula Underwood,5805028000018811232,Outbound,5.0,Attended Dialled,Completed,0.0,False
5805028000050592918,2024-05-18 17:26:00,Nina Scott,5805028000050595003,Outbound,598.0,Attended Dialled,Completed,0.0,False
5805028000031380698,2024-02-11 15:13:00,Julia Nelson,5805028000029560598,Outbound,5.0,Attended Dialled,Completed,0.0,False
5805028000051021396,2024-05-21 16:11:00,Ulysses Adams,5805028000005783053,Outbound,5.0,Attended Dialled,Completed,0.0,False
5805028000011260078,2023-10-12 12:48:00,John Doe,5805028000004581934,Missed,0.0,Missed,,,False
5805028000052993962,2024-06-02 10:26:00,Yara Edwards,5805028000053119047,Outbound,0.0,Unattended Dialled,Completed,0.0,False
5805028000047967255,2024-05-03 16:32:00,Yara Edwards,5805028000047521447,Outbound,5.0,Attended Dialled,Completed,0.0,False
5805028000054543249,2024-06-11 14:58:00,Kevin Parker,5805028000027839017,Outbound,7.0,Attended Dialled,Completed,0.0,False
5805028000053774331,2024-06-06 17:24:00,Nina Scott,5805028000053702958,Outbound,0.0,Unattended Dialled,Completed,0.0,False
5805028000055204746,2024-06-14 13:07:00,Charlie Davis,5805028000053987053,Missed,0.0,Missed,,,False
5805028000054472428,2024-06-11 11:00:00,Ian Miller,5805028000054248749,Outbound,0.0,Unattended Dialled,Completed,0.0,False
5805028000015876385,2023-11-08 15:34:00,Fiona Jackson,5805028000011961190,Missed,0.0,Missed,,,False
5805028000008032263,2023-09-19 14:30:00,John Doe,5805028000003473428,Outbound,486.0,Attended Dialled,Completed,0.0,False
5805028000008124025,2023-09-19 17:12:00,George King,5805028000008017270,Outbound,938.0,Attended Dialled,Completed,0.0,False
5805028000008018253,2023-09-18 17:14:00,Diana Evans,5805028000003468691,Outbound,1.0,Attended Dialled,Completed,0.0,False
5805028000050135020,2024-05-15 14:23:00,Amy Green,5805028000022490538,Outbound,15.0,Attended Dialled,Completed,0.0,False
5805028000008264093,2023-09-20 17:32:00,John Doe,5805028000005254908,Outbound,852.0,Attended Dialled,Completed,0.0,False
5805028000004587190,2023-08-12 13:03:00,Charlie Davis,5805028000001348174,Outbound,12.0,Attended Dialled,Completed,0.0,False
5805028000048351916,2024-05-06 16:22:00,Julia Nelson,5805028000047737630,Outbound,56.0,Attended Dialled,Completed,0.0,False
5805028000040519005,2024-03-29 18:03:00,Amy Green,5805028000040456198,Outbound,13.0,Attended Dialled,Completed,0.0,False
5805028000024157577,2024-01-03 17:29:00,Julia Nelson,5805028000022785013,Outbound,4.0,Attended Dialled,Completed,0.0,False
5805028000017925378,2023-11-20 16:44:00,Jane Smith,5805028000016527001,Outbound,0.0,Unattended Dialled,Completed,0.0,False
5805028000007500100,2023-09-13 17:12:00,Charlie Davis,5805028000002100030,Outbound,83.0,Attended Dialled,Completed,0.0,False
5805028000028228114,2024-01-25 13:17:00,Kevin Parker,5805028000008097198,Inbound,1105.0,Received,,,False
5805028000021920228,2023-12-18 17:10:00,Diana Evans,5805028000002150769,Outbound,18.0,Attended Dialled,Completed,0.0,False
5805028000054823651,2024-06-12 15:47:00,Julia Nelson,5805028000036649455,Outbound,11.0,Attended Dialled,Completed,0.0,False
5805028000014576496,2023-10-31 18:17:00,Mason Roberts,5805028000014325023,Outbound,8.0,Attended Dialled,Completed,0.0,False
5805028000038217821,2024-03-19 13:50:00,Yara Edwards,5805028000038227640,Outbound,0.0,Unattended Dialled,Completed,0.0,False
5805028000038723374,2024-03-20 11:10:00,Nina Scott,5805028000035388571,Outbound,3.0,Attended Dialled,Completed,0.0,False
5805028000053961188,2024-06-07 15:44:00,Kevin Parker,5805028000045358207,Outbound,5.0,Attended Dialled,Completed,0.0,False
5805028000025850729,2024-01-13 10:39:00,Charlie Davis,5805028000025303001,Outbound,0.0,Unattended Dialled,Completed,0.0,False
5805028000046517135,2024-04-25 18:52:00,Yara Edwards,5805028000045339956,Outbound,5.0,Attended Dialled,Completed,0.0,False
5805028000004131562,2023-08-09 12:49:00,Diana Evans,5805028000003954013,Outbound,5.0,Attended Dialled,Completed,0.0,False
5805028000025480154,2024-01-11 14:18:00,Victor Barnes,5805028000021583634,Outbound,75.0,Attended Dialled,Completed,0.0,False
5805028000016643445,2023-11-13 16:46:00,Diana Evans,5805028000008205056,Outbound,403.0,Attended Dialled,Completed,0.0,False
5805028000020739093,2023-12-11 14:45:00,Ian Miller,5805028000020743088,Outbound,46.0,Attended Dialled,Completed,0.0,False
5805028000049542774,2024-05-12 18:08:00,Quincy Vincent,5805028000044674634,Outbound,4.0,Attended Dialled,Completed,0.0,False
5805028000036004113,2024-03-06 19:56:00,Yara Edwards,5805028000035587392,Outbound,0.0,Unattended Dialled,Completed,0.0,False
5805028000009323015,2023-09-28 17:03:00,Diana Evans,5805028000006023058,Inbound,131.0,Received,,,False
5805028000006343347,2023-08-31 12:04:00,Fiona Jackson,5805028000005833296,Outbound,1554.0,Attended Dialled,Completed,0.0,False
5805028000027644107,2024-01-22 13:40:00,Julia Nelson,5805028000011413224,Inbound,68.0,Received,,,False
5805028000034490093,2024-02-27 10:02:00,Nina Scott,5805028000033422012,Outbound,937.0,Attended Dialled,Completed,0.0,False
5805028000003550351,2023-08-02 16:44:00,Jane Smith,5805028000002333161,Outbound,7.0,Attended Dialled,Completed,0.0,False
5805028000040032096,2024-03-27 12:20:00,Charlie Davis,5805028000033276868,Missed,0.0,Missed,,,False
5805028000023548272,2023-12-28 14:36:00,Quincy Vincent,5805028000021906609,Outbound,6.0,Attended Dialled,Completed,0.0,False
5805028000041321485,2024-04-03 12:05:00,Ian Miller,5805028000041328047,Outbound,0.0,Unattended Dialled,Completed,0.0,False
5805028000015394049,2023-11-06 11:08:00,Jane Smith,5805028000013945362,Missed,0.0,Missed,,,False
5805028000043484730,2024-04-12 16:11:00,Victor Barnes,5805028000042811188,Outbound,41.0,Attended Dialled,Completed,0.0,False
5805028000031517253,2024-02-12 15:39:00,Amy Green,5805028000031527116,Outbound,62.0,Attended Dialled,Completed,0.0,False
5805028000036591834,2024-03-11 12:40:00,John Doe,5805028000016525223,Outbound,3.0,Attended Dialled,Completed,0.0,False
5805028000026098142,2024-01-15 16:11:00,Ian Miller,5805028000006547316,Outbound,15.0,Attended Dialled,Completed,0.0,False
5805028000011774267,2023-10-16 11:14:00,Kevin Parker,5805028000011628831,Outbound,5.0,Attended Dialled,Completed,0.0,False
5805028000018427967,2023-11-23 14:31:00,Ian Miller,5805028000018523155,Outbound,1017.0,Attended Dialled,Completed,0.0,False
5805028000007256220,2023-09-12 16:27:00,George King,5805028000007223158,Outbound,74.0,Attended Dialled,Completed,0.0,False
5805028000054010509,2024-06-08 12:04:00,Charlie Davis,5805028000015298335,Outbound,948.0,Attended Dialled,Completed,0.0,False
5805028000014594310,2023-10-31 18:24:00,Mason Roberts,5805028000013431015,Outbound,11.0,Attended Dialled,Completed,0.0,False
5805028000020315788,2023-12-08 16:44:00,Nina Scott,5805028000018156648,Outbound,0.0,Unattended Dialled,Completed,0.0,False
5805028000035351185,2024-03-01 19:02:00,Amy Green,5805028000034693259,Outbound,7.0,Attended Dialled,Completed,0.0,False
5805028000038742514,2024-03-20 14:01:00,Quincy Vincent,5805028000031354796,Outbound,6.0,Attended Dialled,Completed,0.0,False
5805028000018557769,2023-11-24 15:49:00,John Doe,5805028000003456878,Inbound,132.0,Received,,,False
5805028000008596210,2023-09-22 13:40:00,John Doe,5805028000005602101,Outbound,5.0,Attended Dialled,Completed,0.0,False
5805028000031340630,2024-02-12 11:09:00,John Doe,5805028000028768648,Outbound,230.0,Attended Dialled,Completed,0.0,False
5805028000048366641,2024-05-06 15:04:00,John Doe,5805028000035351969,Missed,0.0,Missed,,,False
5805028000021699811,2023-12-17 19:53:00,Sam Young,5805028000021705433,Missed,0.0,Missed,,,False
5805028000055351055,2024-06-14 16:12:00,Derek James,5805028000029660580,Inbound,236.0,Received,,,False
5805028000047232136,2024-04-29 13:57:00,Quincy Vincent,5805028000036006065,Outbound,74.0,Attended Dialled,Completed,0.0,False
5805028000020754162,2023-12-11 16:35:00,John Doe,5805028000014079316,Outbound,17.0,Attended Dialled,Completed,0.0,False
5805028000035375198,2024-03-01 18:29:00,Ian Miller,5805028000029405591,Missed,0.0,Missed,,,False
5805028000034431869,2024-02-27 14:22:00,Ulysses Adams,5805028000007866898,Inbound,80.0,Received,,,False
5805028000015438033,2023-11-06 12:02:00,Jane Smith,5805028000015304525,Outbound,2473.0,Attended Dialled,Completed,0.0,False
5805028000049672126,2024-05-13 13:34:00,Cara Iverson,5805028000049465665,Outbound,5.0,Attended Dialled,Completed,0.0,False
5805028000047731369,2024-05-02 15:05:00,Paula Underwood,5805028000040383107,Outbound,55.0,Attended Dialled,Completed,0.0,False
5805028000018560579,2023-11-24 09:59:00,Kevin Parker,5805028000011330054,Outbound,17.0,Attended Dialled,Completed,0.0,False
5805028000021670082,2023-12-16 12:55:00,Ian Miller,5805028000021535589,Outbound,9.0,Attended Dialled,Completed,0.0,False
5805028000045991481,2024-04-24 09:30:00,Ulysses Adams,5805028000031383659,Outbound,5.0,Attended Dialled,Completed,0.0,False
5805028000027430710,2024-01-20 20:01:00,Yara Edwards,5805028000025303001,Outbound,59.0,Attended Dialled,Completed,0.0,False
5805028000022130059,2023-12-19 15:01:00,John Doe,5805028000010531027,Outbound,4.0,Attended Dialled,Completed,0.0,False
5805028000042391082,2024-04-08 13:00:00,Derek James,5805028000017090120,Outbound,182.0,Attended Dialled,Completed,0.0,False
5805028000027863290,2024-01-23 13:07:00,Kevin Parker,5805028000020431055,Outbound,126.0,Attended Dialled,Completed,0.0,False
5805028000020412021,2023-12-08 17:33:00,Ian Miller,5805028000015904048,Outbound,7.0,Attended Dialled,Completed,0.0,False
5805028000005559030,2023-08-23 17:30:00,Diana Evans,5805028000005005266,Missed,0.0,Missed,,,False
5805028000019812131,2023-12-06 12:45:00,Paula Underwood,5805028000012751043,Inbound,120.0,Received,,,False
5805028000044870902,2024-04-18 16:25:00,Derek James,5805028000017837213,Outbound,4.0,Attended Dialled,Completed,0.0,False
5805028000049178437,2024-05-10 13:34:00,Ian Miller,5805028000048951656,Outbound,7.0,Attended Dialled,Completed,0.0,False
5805028000019410721,2023-12-02 14:28:00,Charlie Davis,5805028000019407799,Outbound,25.0,Attended Dialled,Completed,0.0,False
5805028000014678153,2023-11-01 10:15:00,Charlie Davis,5805028000014659028,Outbound,12.0,Attended Dialled,Completed,0.0,False
5805028000023883129,2023-12-30 11:49:00,Ian Miller,5805028000023543006,Outbound,0.0,Unattended Dialled,Completed,0.0,False
5805028000034688069,2024-02-27 19:07:00,Ben Hall,5805028000029130156,Outbound,199.0,Attended Dialled,Completed,0.0,False
5805028000019582948,2023-12-05 10:27:00,Diana Evans,5805028000019112283,Outbound,5.0,Attended Dialled,Completed,0.0,False
5805028000041783388,2024-04-04 16:10:00,Kevin Parker,5805028000041408416,Outbound,476.0,Attended Dialled,Completed,0.0,False
5805028000037424161,2024-03-14 12:57:00,Ulysses Adams,5805028000007822300,Outbound,1.0,Attended Dialled,Completed,0.0,False
5805028000020135161,2023-12-07 15:54:00,John Doe,5805028000007082779,Outbound,197.0,Attended Dialled,Completed,0.0,False
5805028000005936054,2023-08-27 20:58:00,Jane Smith,5805028000005670016,Outbound,1.0,Attended Dialled,Completed,0.0,False
5805028000053979532,2024-06-08 12:53:00,Nina Scott,5805028000053570465,Outbound,6.0,Attended Dialled,Completed,0.0,False
5805028000026237399,2024-01-16 12:16:00,John Doe,5805028000003818105,Outbound,5.0,Attended Dialled,Completed,0.0,False
5805028000044004417,2024-04-16 11:21:00,Ulysses Adams,5805028000008982320,Outbound,5.0,Attended Dialled,Completed,0.0,False
5805028000007087833,2023-09-11 15:54:00,John Doe,5805028000003597256,Outbound,1782.0,Attended Dialled,Completed,0.0,False
5805028000039015109,2024-03-21 09:31:00,Ian Miller,5805028000038491128,Outbound,1369.0,Attended Dialled,Completed,0.0,False
5805028000013847338,2023-10-26 14:51:00,Jane Smith,5805028000013654177,Outbound,564.0,Attended Dialled,Completed,0.0,False
5805028000018564658,2023-11-24 14:29:00,John Doe,5805028000017641723,Missed,0.0,Missed,,,False
5805028000048419942,2024-05-07 13:40:00,Yara Edwards,5805028000048420293,Outbound,0.0,Unattended Dialled,Completed,0.0,False
5805028000033493208,2024-02-22 18:50:00,Yara Edwards,5805028000033528294,Outbound,191.0,Attended Dialled,Completed,0.0,False
5805028000039919499,2024-03-27 10:15:00,Ulysses Adams,5805028000029239515,Missed,0.0,Missed,,,False
5805028000022306385,2023-12-20 15:04:00,Paula Underwood,5805028000018771096,Outbound,149.0,Attended Dialled,Completed,0.0,False
5805028000041084443,2024-04-02 12:25:00,John Doe,5805028000004110397,Outbound,6.0,Attended Dialled,Completed,0.0,False
5805028000018756313,2023-11-27 12:33:00,Kevin Parker,5805028000018758079,Outbound,5.0,Attended Dialled,Completed,0.0,False
5805028000052664307,2024-05-30 16:43:00,Julia Nelson,5805028000052391815,Outbound,7.0,Attended Dialled,Completed,0.0,False
5805028000055855070,2024-06-17 11:29:00,Nina Scott,5805028000055524176,Outbound,0.0,Unattended Dialled,Completed,0.0,False
5805028000029272086,2024-01-31 11:11:00,Kevin Parker,5805028000024709067,Missed,0.0,Missed,,,False
5805028000049178687,2024-05-10 14:46:00,Derek James,5805028000027714096,Outbound,311.0,Attended Dialled,Completed,0.0,False
5805028000018582001,2023-11-23 15:37:00,John Doe,5805028000009072093,Outbound,5.0,Attended Dialled,Completed,0.0,False
5805028000056470154,2024-06-19 18:20:00,Nina Scott,5805028000014052783,Missed,0.0,Missed,,,False
5805028000056690471,2024-06-20 16:51:00,Yara Edwards,5805028000056725120,Outbound,34.0,Attended Dialled,Completed,0.0,False
5805028000009788364,2023-10-03 11:26:00,Ian Miller,5805028000009826235,Outbound,236.0,Attended Dialled,Completed,0.0,False
5805028000043630255,2024-04-12 20:28:00,Victor Barnes,5805028000020452572,Outbound,9.0,Attended Dialled,Completed,0.0,False
5805028000006015239,2023-08-29 11:55:00,Diana Evans,5805028000005786198,Missed,0.0,Missed,,,False
5805028000007358016,2023-09-12 20:14:00,George King,5805028000006620232,Outbound,12.0,Attended Dialled,Completed,0.0,False
5805028000018079045,2023-11-21 10:15:00,Kevin Parker,5805028000010428390,Outbound,30.0,Attended Dialled,Completed,0.0,False
5805028000031359537,2024-02-11 16:55:00,Quincy Vincent,5805028000022303437,Outbound,66.0,Attended Dialled,Completed,0.0,False
5805028000027994526,2024-01-24 13:04:00,Ulysses Adams,5805028000014617035,Outbound,374.0,Attended Dialled,Completed,0.0,False
5805028000021903083,2023-12-18 15:43:00,John Doe,5805028000007866898,Outbound,5.0,Attended Dialled,Completed,0.0,False
5805028000021535071,2023-12-15 10:07:00,Paula Underwood,5805028000020282533,Outbound,37.0,Attended Dialled,Completed,0.0,False
5805028000051868240,2024-05-26 14:32:00,Cara Iverson,5805028000039557715,Outbound,15.0,Attended Dialled,Completed,0.0,False
5805028000031763208,2024-02-13 18:54:00,Yara Edwards,5805028000007649149,Outbound,426.0,Attended Dialled,Completed,0.0,False
5805028000043278598,2024-04-11 19:31:00,Amy Green,5805028000042810313,Outbound,36.0,Attended Dialled,Completed,0.0,False
5805028000056321260,2024-06-19 10:29:00,Victor Barnes,5805028000002560080,Outbound,59.0,Attended Dialled,Completed,0.0,False
5805028000032277346,2024-02-16 10:12:00,Charlie Davis,5805028000007846891,Outbound,16.0,Attended Dialled,Completed,0.0,False
5805028000033299326,2024-02-21 16:57:00,Amy Green,5805028000032963053,Outbound,14.0,Attended Dialled,Completed,0.0,False
5805028000056875200,2024-06-21 12:57:00,Paula Underwood,5805028000054434656,Outbound,183.0,Attended Dialled,Completed,0.0,False
5805028000023512274,2023-12-28 14:41:00,Ulysses Adams,5805028000023526170,Outbound,102.0,Attended Dialled,Completed,0.0,False
5805028000048598107,2024-05-07 15:14:00,Derek James,5805028000038221585,Inbound,178.0,Received,,,False
5805028000011822076,2023-10-16 17:37:00,Ian Miller,5805028000010276048,Outbound,17.0,Attended Dialled,Completed,0.0,False
5805028000018799549,2023-11-27 16:59:00,Kevin Parker,5805028000015996001,Outbound,61.0,Attended Dialled,Completed,0.0,False
5805028000007107114,2023-09-08 13:51:00,Diana Evans,5805028000007010124,Outbound,239.0,Attended Dialled,Completed,0.0,False
5805028000036156198,2024-03-07 19:05:00,Victor Barnes,5805028000008485160,Outbound,549.0,Attended Dialled,Completed,0.0,False
5805028000020740242,2023-12-11 17:57:00,Diana Evans,5805028000020743167,Outbound,7.0,Attended Dialled,Completed,0.0,False
5805028000027985723,2024-01-24 14:50:00,Kevin Parker,5805028000017928485,Outbound,243.0,Attended Dialled,Completed,0.0,False
5805028000014284298,2023-10-30 14:58:00,Kevin Parker,5805028000013815269,Outbound,5.0,Attended Dialled,Completed,0.0,False
5805028000053693154,2024-06-05 17:11:00,Charlie Davis,5805028000033276868,Missed,0.0,Missed,,,False
5805028000007834815,2023-09-17 12:02:00,George King,5805028000006511066,Outbound,0.0,Unattended Dialled,Completed,0.0,False
5805028000039550819,2024-03-25 10:31:00,John Doe,5805028000029099001,Outbound,319.0,Attended Dialled,Completed,0.0,False
5805028000052373750,2024-05-29 14:32:00,Kevin Parker,5805028000026130607,Outbound,166.0,Attended Dialled,Completed,0.0,False
5805028000028613049,2024-01-28 15:13:00,Yara Edwards,5805028000026228533,Outbound,0.0,Unattended Dialled,Completed,0.0,False
5805028000020141204,2023-12-07 14:51:00,Paula Underwood,5805028000019410072,Outbound,20.0,Attended Dialled,Completed,0.0,False
5805028000047205686,2024-04-29 17:21:00,Ulysses Adams,5805028000042461074,Outbound,8.0,Attended Dialled,Completed,0.0,False
5805028000045835137,2024-04-23 14:12:00,Amy Green,5805028000045008156,Outbound,77.0,Attended Dialled,Completed,0.0,False
5805028000034137223,2024-02-26 10:58:00,Julia Nelson,5805028000005378077,Outbound,106.0,Attended Dialled,Completed,0.0,False
5805028000008091020,2023-09-19 17:32:00,George King,5805028000008017270,Outbound,534.0,Attended Dialled,Completed,0.0,False
5805028000007825070,2023-09-15 11:48:00,Julia Nelson,5805028000005378077,Outbound,1365.0,Attended Dialled,Completed,0.0,False
5805028000052182585,2024-05-28 19:46:00,Ulysses Adams,5805028000039296313,Outbound,0.0,Unattended Dialled,Completed,0.0,False
5805028000019805212,2023-12-06 13:37:00,Diana Evans,5805028000017729755,Outbound,6.0,Attended Dialled,Completed,0.0,False
5805028000015690150,2023-11-07 15:01:00,Julia Nelson,5805028000013946200,Outbound,226.0,Attended Dialled,Completed,0.0,False
5805028000054170079,2024-06-09 12:59:00,Cara Iverson,5805028000053993277,Outbound,1174.0,Attended Dialled,Completed,0.0,False
5805028000046454277,2024-04-25 17:06:00,Derek James,5805028000035788728,Outbound,6.0,Attended Dialled,Completed,0.0,False
5805028000039900745,2024-03-27 12:57:00,Charlie Davis,5805028000033276868,Outbound,317.0,Attended Dialled,Completed,0.0,False
5805028000052823470,2024-05-31 16:46:00,Derek James,5805028000035157432,Outbound,0.0,Unattended Dialled,Completed,0.0,False
5805028000018771389,2023-11-27 12:03:00,Diana Evans,5805028000003930715,Missed,0.0,Missed,,,False
5805028000049764853,2024-05-14 11:15:00,Julia Nelson,5805028000013780216,Outbound,6.0,Attended Dialled,Completed,0.0,False
5805028000053565446,2024-06-05 12:17:00,Julia Nelson,5805028000052542319,Outbound,5.0,Attended Dialled,Completed,0.0,False
5805028000042320406,2024-04-08 10:33:00,Amy Green,5805028000042262066,Outbound,20.0,Attended Dialled,Completed,0.0,False
5805028000018777290,2023-11-27 11:52:00,Kevin Parker,5805028000015013787,Outbound,35.0,Attended Dialled,Completed,0.0,False
