Id,Contact Owner Name,Created Time,Modified Time,Invalid Contact Dates
5805028000000939010,Nina Scott,2023-07-04 10:11:00,2024-04-16 16:14:00,False
5805028000000961001,Bob Brown,2023-07-03 20:17:00,2023-10-05 10:44:00,False
5805028000000971007,Julia Nelson,2023-07-04 11:46:00,2023-12-19 16:14:00,False
5805028000000983028,Bob Brown,2023-07-04 09:34:00,2023-07-17 19:43:00,False
5805028000001023002,Alice Johnson,2023-07-05 15:36:00,2023-07-17 19:43:00,False
5805028000001347003,Bob Brown,2023-07-08 11:38:00,2024-04-12 13:05:00,False
5805028000001348174,Jane Smith,2023-07-09 16:00:00,2023-10-11 18:20:00,False
5805028000001350049,Jane Smith,2023-07-08 08:55:00,2023-08-22 11:04:00,False
5805028000001361026,Bob Brown,2023-07-08 23:48:00,2023-07-17 19:42:00,False
5805028000001361061,Alice Johnson,2023-07-09 11:56:00,2023-07-17 19:42:00,False
5805028000001399190,Bob Brown,2023-07-10 09:38:00,2023-07-17 19:42:00,False
5805028000001404153,Nina Scott,2023-07-10 18:41:00,2024-04-29 19:10:00,False
5805028000001455025,Jane Smith,2023-07-11 12:39:00,2024-01-26 19:25:00,False
5805028000001486090,Bob Brown,2023-07-12 10:50:00,2023-07-17 19:41:00,False
5805028000001578037,Bob Brown,2023-07-12 19:19:00,2023-07-17 19:41:00,False
5805028000001676001,Bob Brown,2023-07-13 12:07:00,2023-07-17 19:41:00,False
5805028000001782001,Kevin Parker,2023-07-13 20:20:00,2023-09-29 00:38:00,False
5805028000001782077,Victor Barnes,2023-07-14 07:07:00,2024-05-17 21:29:00,False
5805028000001797053,Julia Nelson,2023-07-14 08:05:00,2023-09-19 11:52:00,False
5805028000001799001,Ian Miller,2023-07-13 21:13:00,2024-03-20 12:52:00,False
5805028000001812161,Bob Brown,2023-07-14 12:39:00,2023-07-17 19:40:00,False
5805028000001848023,George King,2023-07-14 20:24:00,2024-03-27 11:04:00,False
5805028000001880249,Jane Smith,2023-07-15 13:27:00,2023-08-30 12:46:00,False
5805028000001880503,Yara Edwards,2023-07-17 02:02:00,2024-05-26 11:24:00,False
5805028000001882098,Bob Brown,2023-07-15 02:15:00,2024-02-01 16:50:00,False
5805028000001883045,Bob Brown,2023-07-14 17:27:00,2023-07-17 19:40:00,False
5805028000001986077,Julia Nelson,2023-07-17 18:01:00,2024-02-15 23:47:00,False
5805028000002100030,Charlie Davis,2023-07-18 06:03:00,2023-09-13 17:47:00,False
5805028000002150769,Ulysses Adams,2023-07-18 09:46:00,2024-04-13 09:21:00,False
5805028000002294001,Bob Brown,2023-07-18 11:57:00,2023-10-12 22:28:00,False
5805028000002294737,Bob Brown,2023-07-18 16:33:00,2023-07-18 17:02:00,False
5805028000002302109,Julia Nelson,2023-07-18 21:11:00,2023-09-20 10:59:00,False
5805028000002302219,Jane Smith,2023-07-18 21:11:00,2023-08-21 19:17:00,False
5805028000002333161,Jane Smith,2023-07-19 11:54:00,2023-08-22 08:46:00,False
5805028000002350048,Ian Miller,2023-07-18 19:51:00,2024-01-04 10:15:00,False
5805028000002520001,Jane Smith,2023-07-19 23:12:00,2024-06-09 14:06:00,False
5805028000002560080,Victor Barnes,2023-07-20 11:36:00,2024-06-19 11:51:00,False
5805028000002579006,Nina Scott,2023-07-20 10:04:00,2024-05-30 19:59:00,False
5805028000002579058,Jane Smith,2023-07-20 11:38:00,2023-08-21 10:44:00,False
5805028000002618040,Jane Smith,2023-07-20 13:26:00,2023-07-20 13:49:00,False
5805028000002719033,Jane Smith,2023-07-20 20:46:00,2023-08-30 09:56:00,False
5805028000002736002,Bob Brown,2023-07-21 09:16:00,2023-07-21 09:17:00,False
5805028000002741001,Bob Brown,2023-07-21 08:12:00,2023-07-21 12:02:00,False
5805028000002771017,Kevin Parker,2023-07-21 10:57:00,2023-09-15 14:37:00,False
5805028000002822001,Julia Nelson,2023-07-21 14:16:00,2023-10-03 11:31:00,False
5805028000002895607,Bob Brown,2023-07-24 12:30:00,2024-01-15 19:29:00,False
5805028000002897203,Bob Brown,2023-07-22 22:23:00,2023-07-22 22:23:00,False
5805028000002897390,Bob Brown,2023-07-24 12:03:00,2024-04-29 14:44:00,False
5805028000002902161,Bob Brown,2023-07-22 21:34:00,2023-07-28 06:58:00,False
5805028000002906306,Bob Brown,2023-07-23 17:39:00,2023-07-23 17:40:00,False
5805028000002940047,Bob Brown,2023-07-22 15:27:00,2023-07-22 15:27:00,False
5805028000002940500,Bob Brown,2023-07-24 08:16:00,2023-07-24 08:16:00,False
5805028000002940571,Ulysses Adams,2023-07-24 12:06:00,2023-10-31 12:13:00,False
5805028000002940630,Julia Nelson,2023-07-24 12:55:00,2023-10-05 10:35:00,False
5805028000002942557,Bob Brown,2023-07-23 21:34:00,2024-01-12 18:33:00,False
5805028000002995197,Bob Brown,2023-07-25 08:53:00,2023-07-25 08:53:00,False
5805028000003007037,Jane Smith,2023-07-24 19:00:00,2023-09-18 17:46:00,False
5805028000003014152,Julia Nelson,2023-07-25 11:04:00,2024-05-31 00:26:00,False
5805028000003093106,Bob Brown,2023-07-26 16:59:00,2024-04-15 22:49:00,False
5805028000003105044,Bob Brown,2023-07-26 10:03:00,2023-07-26 10:03:00,False
5805028000003107068,Mason Roberts,2023-07-26 12:56:00,2023-10-29 10:00:00,False
5805028000003112233,Bob Brown,2023-07-26 15:32:00,2023-09-14 13:38:00,False
5805028000003112295,Bob Brown,2023-07-26 23:20:00,2023-07-26 23:20:00,False
5805028000003153184,Julia Nelson,2023-07-26 16:47:00,2023-10-04 23:15:00,False
5805028000003219087,Jane Smith,2023-07-27 15:17:00,2023-09-14 16:05:00,False
5805028000003274025,Jane Smith,2023-07-27 18:58:00,2023-09-06 18:34:00,False
5805028000003291160,Bob Brown,2023-07-28 07:53:00,2024-05-26 23:18:00,False
5805028000003298106,Amy Green,2023-07-28 09:09:00,2024-06-14 13:56:00,False
5805028000003307260,Bob Brown,2023-07-28 10:04:00,2023-10-14 11:43:00,False
5805028000003309138,Bob Brown,2023-07-28 04:58:00,2023-08-21 12:22:00,False
5805028000003329100,Ulysses Adams,2023-07-28 07:09:00,2023-11-07 13:45:00,False
5805028000003422640,Diana Evans,2023-07-31 12:17:00,2023-09-18 16:53:00,False
5805028000003434035,Ulysses Adams,2023-07-29 00:03:00,2024-04-20 06:03:00,False
5805028000003434260,Bob Brown,2023-07-30 10:18:00,2023-07-30 10:18:00,False
5805028000003442243,Bob Brown,2023-07-29 22:40:00,2023-07-29 22:40:00,False
5805028000003449250,Julia Nelson,2023-07-29 14:54:00,2023-10-22 22:52:00,False
5805028000003456259,Bob Brown,2023-07-29 10:33:00,2023-08-21 12:48:00,False
5805028000003456878,Jane Smith,2023-07-31 19:33:00,2024-03-11 19:04:00,False
5805028000003468691,Ulysses Adams,2023-08-01 01:24:00,2024-02-15 06:51:00,False
5805028000003473428,Ulysses Adams,2023-07-30 22:33:00,2023-08-09 10:17:00,False
5805028000003545351,Bob Brown,2023-08-02 19:11:00,2024-02-16 12:38:00,False
5805028000003551026,Ulysses Adams,2023-08-01 12:34:00,2024-06-17 19:10:00,False
5805028000003559235,Bob Brown,2023-08-01 19:03:00,2023-08-01 19:04:00,False
5805028000003559433,Ulysses Adams,2023-08-02 08:45:00,2023-09-19 13:31:00,False
5805028000003571383,Ulysses Adams,2023-08-02 08:47:00,2024-04-03 14:46:00,False
5805028000003573197,Jane Smith,2023-08-01 20:43:00,2023-08-01 20:52:00,False
5805028000003582304,Diana Evans,2023-08-02 07:41:00,2023-08-02 15:11:00,False
5805028000003582392,Diana Evans,2023-08-02 12:14:00,2023-08-02 15:33:00,False
5805028000003589048,Bob Brown,2023-08-01 11:05:00,2024-06-15 19:15:00,False
5805028000003597256,Ulysses Adams,2023-08-02 10:38:00,2024-04-20 08:19:00,False
5805028000003659169,Bob Brown,2023-08-03 13:37:00,2023-08-11 14:29:00,False
5805028000003660028,Bob Brown,2023-08-02 23:46:00,2024-05-06 12:21:00,False
5805028000003664120,Jane Smith,2023-08-03 12:23:00,2023-09-06 10:22:00,False
5805028000003669244,Bob Brown,2023-08-03 14:10:00,2023-08-03 15:12:00,False
5805028000003695181,Diana Evans,2023-08-03 16:01:00,2023-08-03 17:36:00,False
5805028000003698004,Diana Evans,2023-08-03 05:51:00,2023-08-20 13:57:00,False
5805028000003709107,Jane Smith,2023-08-03 12:03:00,2023-10-25 20:49:00,False
5805028000003818105,Ulysses Adams,2023-08-04 15:53:00,2023-08-04 16:45:00,False
5805028000003853013,Bob Brown,2023-08-04 20:41:00,2024-04-28 20:21:00,False
5805028000003854006,Bob Brown,2023-08-04 20:40:00,2023-08-10 23:27:00,False
5805028000003923336,Charlie Davis,2023-08-06 11:25:00,2023-08-09 18:44:00,False
5805028000003926286,Charlie Davis,2023-08-06 14:52:00,2023-09-09 19:40:00,False
5805028000003930715,Ulysses Adams,2023-08-07 13:12:00,2024-04-16 16:17:00,False
5805028000003943363,Bob Brown,2023-08-05 20:27:00,2023-08-05 20:32:00,False
5805028000003954013,Ulysses Adams,2023-08-05 11:15:00,2023-08-05 12:08:00,False
5805028000003954229,Bob Brown,2023-08-06 11:22:00,2024-04-12 16:23:00,False
5805028000003954440,Bob Brown,2023-08-06 21:33:00,2023-08-06 21:38:00,False
5805028000003957683,Bob Brown,2023-08-06 22:40:00,2024-05-26 10:16:00,False
5805028000003959027,Ulysses Adams,2023-08-05 12:26:00,2023-11-24 15:03:00,False
5805028000003961526,Ian Miller,2023-08-06 17:21:00,2024-05-08 07:05:00,False
5805028000003966221,Ulysses Adams,2023-08-06 06:53:00,2024-03-29 17:34:00,False
5805028000003971539,Bob Brown,2023-08-07 01:09:00,2024-02-08 15:48:00,False
5805028000004088585,Bob Brown,2023-08-09 11:42:00,2023-09-13 06:57:00,False
5805028000004092445,Ulysses Adams,2023-08-09 13:05:00,2024-06-10 09:00:00,False
5805028000004106113,Bob Brown,2023-08-08 07:15:00,2023-08-30 11:39:00,False
5805028000004106602,Ulysses Adams,2023-08-09 00:29:00,2024-02-02 08:54:00,False
5805028000004110397,Ulysses Adams,2023-08-08 22:58:00,2024-03-15 09:28:00,False
5805028000004130492,Ulysses Adams,2023-08-09 11:00:00,2023-08-09 11:21:00,False
5805028000004132505,Diana Evans,2023-08-09 00:20:00,2023-08-09 13:24:00,False
5805028000004149080,Bob Brown,2023-08-08 09:06:00,2024-01-08 11:50:00,False
5805028000004250042,Ian Miller,2023-08-09 15:02:00,2023-09-14 11:12:00,False
5805028000004302281,Bob Brown,2023-08-10 17:14:00,2023-08-10 17:14:00,False
5805028000004306212,Ulysses Adams,2023-08-10 09:55:00,2024-06-14 13:57:00,False
5805028000004310131,Bob Brown,2023-08-10 08:59:00,2023-08-10 08:59:00,False
5805028000004323001,Ulysses Adams,2023-08-09 17:27:00,2023-08-25 09:02:00,False
5805028000004333294,Ulysses Adams,2023-08-10 17:28:00,2023-09-08 12:32:00,False
5805028000004356125,Bob Brown,2023-08-09 22:10:00,2023-08-10 10:52:00,False
5805028000004405059,Bob Brown,2023-08-10 19:04:00,2023-08-10 19:06:00,False
5805028000004488175,Bob Brown,2023-08-11 08:52:00,2023-08-11 08:52:00,False
5805028000004559112,Bob Brown,2023-08-12 10:50:00,2024-04-12 12:34:00,False
5805028000004559484,Bob Brown,2023-08-13 14:57:00,2023-08-26 15:39:00,False
5805028000004561698,Julia Nelson,2023-08-14 01:12:00,2024-06-03 10:32:00,False
5805028000004567629,Yara Edwards,2023-08-14 08:45:00,2024-02-04 19:02:00,False
5805028000004572623,Bob Brown,2023-08-13 15:33:00,2023-08-13 15:33:00,False
5805028000004572702,Ulysses Adams,2023-08-13 18:51:00,2024-02-16 11:23:00,False
5805028000004578237,Diana Evans,2023-08-12 14:32:00,2023-08-12 14:35:00,False
5805028000004578657,Jane Smith,2023-08-14 18:28:00,2023-08-17 14:10:00,False
5805028000004580975,Diana Evans,2023-08-15 13:41:00,2023-08-15 16:38:00,False
5805028000004581669,Bob Brown,2023-08-14 03:37:00,2024-06-14 23:03:00,False
5805028000004581934,Charlie Davis,2023-08-15 09:12:00,2023-08-17 13:05:00,False
5805028000004593436,Kevin Parker,2023-08-13 13:27:00,2024-02-02 13:53:00,False
5805028000004598666,Amy Green,2023-08-13 22:19:00,2024-02-20 15:17:00,False
5805028000004606101,Ulysses Adams,2023-08-12 15:59:00,2023-08-15 18:08:00,False
5805028000004705095,Victor Barnes,2023-08-15 09:37:00,2024-06-20 10:03:00,False
5805028000004705195,Charlie Davis,2023-08-15 10:56:00,2024-01-14 14:12:00,False
5805028000004729127,Charlie Davis,2023-08-15 18:53:00,2023-08-18 13:56:00,False
5805028000004747367,Jane Smith,2023-08-16 01:40:00,2023-10-23 11:13:00,False
5805028000004841041,Jane Smith,2023-08-16 15:28:00,2023-08-20 21:48:00,False
5805028000004860084,Bob Brown,2023-08-16 17:32:00,2024-06-11 22:14:00,False
5805028000004862132,Bob Brown,2023-08-17 07:24:00,2024-06-09 13:05:00,False
5805028000004863423,Bob Brown,2023-08-17 01:28:00,2023-08-17 01:28:00,False
5805028000004910006,Kevin Parker,2023-08-17 10:47:00,2023-10-27 17:33:00,False
5805028000004999128,Jane Smith,2023-08-17 19:19:00,2023-08-18 16:06:00,False
5805028000005005266,Diana Evans,2023-08-18 10:47:00,2023-12-02 21:23:00,False
5805028000005026234,Diana Evans,2023-08-18 14:17:00,2023-08-18 14:17:00,False
5805028000005102024,Charlie Davis,2023-08-18 14:57:00,2023-08-18 17:59:00,False
5805028000005124061,Kevin Parker,2023-08-18 17:23:00,2024-02-02 10:24:00,False
5805028000005153065,Ulysses Adams,2023-08-19 09:17:00,2024-06-11 13:53:00,False
5805028000005153321,Charlie Davis,2023-08-20 09:41:00,2024-06-11 07:14:00,False
5805028000005154088,Charlie Davis,2023-08-19 11:09:00,2023-08-31 12:48:00,False
5805028000005155640,Jane Smith,2023-08-20 13:19:00,2023-08-20 13:19:00,False
5805028000005185460,Charlie Davis,2023-08-20 09:09:00,2024-03-20 10:36:00,False
5805028000005188569,Charlie Davis,2023-08-20 04:50:00,2024-06-12 23:38:00,False
5805028000005195439,Kevin Parker,2023-08-19 21:51:00,2023-09-14 12:38:00,False
5805028000005254789,Kevin Parker,2023-08-22 06:29:00,2023-09-14 12:38:00,False
5805028000005254908,Julia Nelson,2023-08-22 08:43:00,2023-09-14 13:54:00,False
5805028000005262341,Ulysses Adams,2023-08-21 11:19:00,2023-08-21 14:01:00,False
5805028000005267156,Ulysses Adams,2023-08-21 09:23:00,2023-08-24 22:02:00,False
5805028000005268612,Paula Underwood,2023-08-21 14:52:00,2024-01-19 17:23:00,False
5805028000005274669,Kevin Parker,2023-08-22 10:58:00,2023-09-14 12:38:00,False
5805028000005277095,Jane Smith,2023-08-21 10:51:00,2023-09-14 12:42:00,False
5805028000005285611,Ulysses Adams,2023-08-21 16:08:00,2024-04-17 07:16:00,False
5805028000005288631,Ulysses Adams,2023-08-22 06:23:00,2023-08-24 21:06:00,False
5805028000005378077,Julia Nelson,2023-08-22 17:41:00,2023-09-14 11:28:00,False
5805028000005428225,Julia Nelson,2023-08-23 09:38:00,2024-04-13 14:14:00,False
5805028000005438064,Charlie Davis,2023-08-23 03:12:00,2023-09-10 19:06:00,False
5805028000005448163,Julia Nelson,2023-08-23 13:40:00,2024-06-10 15:52:00,False
5805028000005453123,Charlie Davis,2023-08-23 10:24:00,2023-08-23 10:24:00,False
5805028000005478151,Jane Smith,2023-08-23 13:33:00,2023-08-23 13:33:00,False
5805028000005602101,Jane Smith,2023-08-23 23:32:00,2023-08-24 11:14:00,False
5805028000005608130,Ulysses Adams,2023-08-24 07:53:00,2023-09-13 18:53:00,False
5805028000005612081,Amy Green,2023-08-23 23:43:00,2024-05-10 16:26:00,False
5805028000005614074,Jane Smith,2023-08-24 01:14:00,2023-08-24 11:20:00,False
5805028000005614110,Charlie Davis,2023-08-24 07:01:00,2023-10-31 19:07:00,False
5805028000005670016,Paula Underwood,2023-08-24 12:32:00,2024-06-12 14:06:00,False
5805028000005697182,Charlie Davis,2023-08-24 18:27:00,2023-08-24 18:27:00,False
5805028000005772191,Diana Evans,2023-08-25 08:10:00,2023-08-25 08:10:00,False
5805028000005783053,Ulysses Adams,2023-08-24 21:10:00,2023-09-11 22:35:00,False
5805028000005786198,Ian Miller,2023-08-25 11:07:00,2023-10-26 12:49:00,False
5805028000005818063,Ulysses Adams,2023-08-25 16:38:00,2023-09-28 14:42:00,False
5805028000005833296,Charlie Davis,2023-08-26 12:26:00,2023-11-18 18:09:00,False
5805028000005852680,Charlie Davis,2023-08-26 22:32:00,2023-09-22 13:59:00,False
5805028000005853351,Yara Edwards,2023-08-26 20:32:00,2024-05-22 21:19:00,False
5805028000005854301,Yara Edwards,2023-08-25 23:16:00,2024-05-22 17:01:00,False
5805028000005932267,Jane Smith,2023-08-27 23:01:00,2023-08-28 12:03:00,False
5805028000005939384,Nina Scott,2023-08-28 09:43:00,2024-01-04 14:15:00,False
5805028000005999144,Ulysses Adams,2023-08-29 01:53:00,2023-09-26 20:26:00,False
5805028000005999213,Jane Smith,2023-08-29 13:22:00,2023-08-29 13:22:00,False
5805028000006010198,Jane Smith,2023-08-29 01:01:00,2023-09-04 13:05:00,False
5805028000006016001,Bob Brown,2023-08-28 12:40:00,2023-08-28 12:40:00,False
5805028000006018243,Jane Smith,2023-08-28 18:55:00,2023-08-28 19:55:00,False
5805028000006023058,Ulysses Adams,2023-08-28 17:56:00,2023-09-29 14:43:00,False
5805028000006093001,Ulysses Adams,2023-08-29 14:02:00,2024-02-03 18:36:00,False
5805028000006176006,Jane Smith,2023-08-29 22:35:00,2023-08-29 22:39:00,False
5805028000006226001,Bob Brown,2023-08-30 07:17:00,2023-08-30 07:17:00,False
5805028000006285011,Ulysses Adams,2023-08-30 11:16:00,2024-06-15 16:09:00,False
5805028000006303060,Ulysses Adams,2023-08-30 14:08:00,2023-09-27 15:49:00,False
5805028000006307099,Diana Evans,2023-08-30 13:24:00,2023-10-29 14:49:00,False
5805028000006308001,Jane Smith,2023-08-30 10:59:00,2023-08-31 12:36:00,False
5805028000006434006,Diana Evans,2023-09-01 10:01:00,2023-09-01 11:00:00,False
5805028000006508050,Jane Smith,2023-09-01 21:29:00,2023-12-14 20:46:00,False
5805028000006511066,George King,2023-09-01 17:55:00,2023-09-24 22:37:00,False
5805028000006513260,Jane Smith,2023-09-02 20:29:00,2023-11-06 10:46:00,False
5805028000006513452,Ulysses Adams,2023-09-04 08:00:00,2023-09-14 17:47:00,False
5805028000006526118,Paula Underwood,2023-09-01 23:31:00,2024-05-22 13:44:00,False
5805028000006547316,Kevin Parker,2023-09-03 17:36:00,2024-01-14 12:58:00,False
5805028000006620093,Ulysses Adams,2023-09-04 16:18:00,2023-09-04 16:21:00,False
5805028000006620232,Julia Nelson,2023-09-04 20:08:00,2023-09-29 12:25:00,False
5805028000006633230,Ulysses Adams,2023-09-04 21:28:00,2024-02-21 22:08:00,False
5805028000006638037,Ulysses Adams,2023-09-04 12:50:00,2024-06-17 01:16:00,False
5805028000006654358,George King,2023-09-04 19:53:00,2023-09-05 13:13:00,False
5805028000006809252,Ulysses Adams,2023-09-06 21:31:00,2024-05-06 21:28:00,False
5805028000006811408,George King,2023-09-06 21:38:00,2023-09-12 22:47:00,False
5805028000006832213,Ulysses Adams,2023-09-06 16:26:00,2024-04-25 16:06:00,False
5805028000006946042,Yara Edwards,2023-09-07 09:38:00,2024-04-14 05:20:00,False
5805028000007010124,George King,2023-09-08 02:10:00,2023-09-08 02:10:00,False
5805028000007037001,George King,2023-09-07 17:38:00,2023-09-07 17:43:00,False
5805028000007082497,Jane Smith,2023-09-10 10:05:00,2023-09-10 10:07:00,False
5805028000007082779,Jane Smith,2023-09-11 12:20:00,2023-09-11 18:49:00,False
5805028000007086588,Jane Smith,2023-09-10 10:52:00,2023-09-10 10:52:00,False
5805028000007087462,Jane Smith,2023-09-10 11:18:00,2024-03-14 18:54:00,False
5805028000007087666,Charlie Davis,2023-09-10 20:17:00,2023-09-10 20:19:00,False
5805028000007089425,Kevin Parker,2023-09-10 09:26:00,2023-10-30 14:56:00,False
5805028000007090663,Ulysses Adams,2023-09-11 00:50:00,2024-02-26 23:40:00,False
5805028000007093246,Jane Smith,2023-09-09 00:53:00,2023-09-09 12:18:00,False
5805028000007093904,Ulysses Adams,2023-09-11 17:56:00,2023-09-14 14:37:00,False
5805028000007094001,George King,2023-09-08 09:58:00,2023-09-08 13:33:00,False
5805028000007102201,Charlie Davis,2023-09-08 22:53:00,2023-09-09 15:20:00,False
5805028000007107467,Charlie Davis,2023-09-10 16:09:00,2023-09-10 16:11:00,False
5805028000007218219,Ulysses Adams,2023-09-12 16:12:00,2023-09-13 09:58:00,False
5805028000007223158,George King,2023-09-12 12:44:00,2024-04-08 18:41:00,False
5805028000007227243,Diana Evans,2023-09-12 12:26:00,2023-11-27 10:07:00,False
5805028000007238248,Charlie Davis,2023-09-12 15:06:00,2023-09-12 15:11:00,False
5805028000007327089,Jane Smith,2023-09-12 22:01:00,2024-01-16 09:57:00,False
5805028000007386001,Jane Smith,2023-09-12 23:07:00,2024-01-18 00:30:00,False
5805028000007409076,Jane Smith,2023-09-13 09:07:00,2023-11-23 08:37:00,False
5805028000007481133,Diana Evans,2023-09-13 17:37:00,2023-09-13 17:42:00,False
5805028000007492238,Jane Smith,2023-09-13 19:00:00,2023-09-13 19:05:00,False
5805028000007496207,Jane Smith,2023-09-13 17:24:00,2023-09-13 17:24:00,False
5805028000007570001,Ulysses Adams,2023-09-13 23:39:00,2024-06-16 13:17:00,False
5805028000007649149,Ulysses Adams,2023-09-14 15:50:00,2024-05-08 10:39:00,False
5805028000007653015,Jane Smith,2023-09-14 12:53:00,2023-10-02 15:34:00,False
5805028000007769046,Ulysses Adams,2023-09-14 19:22:00,2024-05-10 09:18:00,False
5805028000007778081,Ulysses Adams,2023-09-14 22:38:00,2023-09-14 22:39:00,False
5805028000007822300,George King,2023-09-15 18:52:00,2023-11-20 17:30:00,False
5805028000007822682,Julia Nelson,2023-09-16 08:57:00,2024-04-09 14:04:00,False
5805028000007822911,Julia Nelson,2023-09-16 22:30:00,2024-04-11 20:37:00,False
5805028000007825631,Jane Smith,2023-09-17 10:42:00,2023-09-17 10:42:00,False
5805028000007842632,Jane Smith,2023-09-16 13:19:00,2023-10-21 10:32:00,False
5805028000007846891,Charlie Davis,2023-09-16 18:55:00,2024-02-14 10:48:00,False
5805028000007855880,Oliver Taylor,2023-09-17 00:39:00,2024-01-11 13:49:00,False
5805028000007861173,Bob Brown,2023-09-15 16:34:00,2023-10-16 09:15:00,False
5805028000007861968,Amy Green,2023-09-18 02:36:00,2024-04-11 21:36:00,False
5805028000007866898,Ulysses Adams,2023-09-18 00:52:00,2023-09-21 12:48:00,False
5805028000007963390,Ulysses Adams,2023-09-18 11:50:00,2023-09-18 11:51:00,False
5805028000007964224,Julia Nelson,2023-09-17 17:55:00,2024-05-15 14:13:00,False
5805028000007964432,Ulysses Adams,2023-09-18 09:27:00,2024-01-18 15:37:00,False
5805028000007974158,Mason Roberts,2023-09-18 00:13:00,2023-10-16 13:30:00,False
5805028000007983009,Jane Smith,2023-09-18 08:35:00,2024-01-11 19:00:00,False
5805028000008015029,Jane Smith,2023-09-18 18:04:00,2023-09-18 18:58:00,False
5805028000008016116,Diana Evans,2023-09-18 21:34:00,2023-09-18 21:34:00,False
5805028000008017270,Eva Kent,2023-09-19 14:43:00,2024-05-18 15:36:00,False
5805028000008018020,George King,2023-09-18 19:37:00,2024-04-08 20:08:00,False
5805028000008026061,George King,2023-09-18 21:08:00,2023-09-18 21:12:00,False
5805028000008092369,George King,2023-09-20 08:20:00,2024-03-28 23:43:00,False
5805028000008097198,Ulysses Adams,2023-09-20 08:31:00,2024-05-31 15:08:00,False
5805028000008176026,Diana Evans,2023-09-20 11:56:00,2023-09-20 11:57:00,False
5805028000008205056,Ulysses Adams,2023-09-20 15:35:00,2023-10-09 12:02:00,False
5805028000008246059,George King,2023-09-20 17:55:00,2023-09-20 17:56:00,False
5805028000008246089,Ulysses Adams,2023-09-20 18:27:00,2023-09-27 15:37:00,False
5805028000008246201,Mason Roberts,2023-09-20 19:54:00,2024-02-26 23:36:00,False
5805028000008271126,Julia Nelson,2023-09-20 18:52:00,2023-09-21 11:00:00,False
5805028000008336069,Julia Nelson,2023-09-20 22:32:00,2023-09-22 13:02:00,False
5805028000008337185,Julia Nelson,2023-09-21 08:37:00,2024-06-19 13:02:00,False
5805028000008350171,Julia Nelson,2023-09-21 09:30:00,2024-04-29 12:22:00,False
5805028000008359460,Mason Roberts,2023-09-21 14:14:00,2023-10-06 15:29:00,False
5805028000008427055,Mason Roberts,2023-09-21 16:49:00,2023-10-06 16:04:00,False
5805028000008485160,Victor Barnes,2023-09-22 08:37:00,2024-03-07 18:42:00,False
5805028000008496063,Kevin Parker,2023-09-21 22:54:00,2023-10-17 16:50:00,False
5805028000008496098,Diana Evans,2023-09-22 06:44:00,2023-09-22 06:46:00,False
5805028000008502125,Jane Smith,2023-09-22 01:02:00,2023-09-22 10:36:00,False
5805028000008542001,Charlie Davis,2023-09-22 08:43:00,2024-02-19 10:44:00,False
5805028000008575236,Charlie Davis,2023-09-22 14:57:00,2023-09-22 17:33:00,False
5805028000008584008,Jane Smith,2023-09-22 10:52:00,2024-02-19 11:18:00,False
5805028000008586057,Kevin Parker,2023-09-22 11:57:00,2024-02-02 09:44:00,False
5805028000008647458,Kevin Parker,2023-09-23 17:45:00,2024-04-18 22:16:00,False
5805028000008661326,Jane Smith,2023-09-23 17:10:00,2024-01-04 20:39:00,False
5805028000008667295,Mason Roberts,2023-09-23 08:38:00,2023-10-05 14:55:00,False
5805028000008681021,Jane Smith,2023-09-22 17:03:00,2023-09-22 17:08:00,False
5805028000008684403,Kevin Parker,2023-09-23 17:12:00,2023-09-25 10:25:00,False
5805028000008689210,Ulysses Adams,2023-09-23 10:50:00,2023-10-04 18:25:00,False
5805028000008757987,George King,2023-09-25 15:55:00,2023-09-26 15:48:00,False
5805028000008758811,Ulysses Adams,2023-09-25 12:23:00,2023-09-25 19:56:00,False
5805028000008772486,Julia Nelson,2023-09-24 22:14:00,2023-11-28 11:07:00,False
5805028000008776639,Ulysses Adams,2023-09-24 21:24:00,2023-10-05 11:04:00,False
5805028000008777419,Jane Smith,2023-09-24 19:31:00,2023-09-24 19:35:00,False
5805028000008783181,Ian Miller,2023-09-24 12:28:00,2024-06-14 09:27:00,False
5805028000008783552,Kevin Parker,2023-09-25 08:08:00,2023-11-21 12:57:00,False
5805028000008799151,Mason Roberts,2023-09-24 05:54:00,2023-10-04 15:18:00,False
5805028000008801381,Amy Green,2023-09-24 16:50:00,2024-04-08 17:06:00,False
5805028000008804090,Jane Smith,2023-09-23 22:32:00,2023-10-22 00:55:00,False
5805028000008965025,Ulysses Adams,2023-09-25 18:23:00,2023-09-26 19:28:00,False
5805028000008965420,Ulysses Adams,2023-09-26 08:10:00,2023-09-28 11:46:00,False
5805028000008967163,Charlie Davis,2023-09-26 06:26:00,2023-09-26 20:22:00,False
5805028000008969320,Kevin Parker,2023-09-26 08:37:00,2023-09-26 11:09:00,False
5805028000008970226,Julia Nelson,2023-09-26 07:11:00,2023-09-26 15:13:00,False
5805028000008970555,Ulysses Adams,2023-09-26 13:30:00,2023-11-20 12:37:00,False
5805028000008977364,Charlie Davis,2023-09-26 13:52:00,2023-09-26 16:57:00,False
5805028000008979296,Kevin Parker,2023-09-26 11:40:00,2024-02-03 11:18:00,False
5805028000008982290,Julia Nelson,2023-09-26 09:27:00,2023-09-26 19:32:00,False
5805028000008982320,Ulysses Adams,2023-09-26 09:27:00,2023-10-02 18:54:00,False
5805028000009044013,Ulysses Adams,2023-09-26 15:28:00,2023-09-27 18:08:00,False
5805028000009072093,Ulysses Adams,2023-09-26 17:02:00,2024-04-05 12:40:00,False
5805028000009129024,Kevin Parker,2023-09-26 22:06:00,2023-09-27 11:40:00,False
5805028000009137233,Kevin Parker,2023-09-26 21:34:00,2024-02-11 12:23:00,False
5805028000009139067,Kevin Parker,2023-09-27 01:44:00,2023-12-08 18:12:00,False
5805028000009141139,Nina Scott,2023-09-27 08:33:00,2023-12-28 12:40:00,False
5805028000009191231,Julia Nelson,2023-09-27 17:31:00,2023-09-27 17:53:00,False
5805028000009223299,Jane Smith,2023-09-28 11:29:00,2023-10-13 15:05:00,False
5805028000009224092,Julia Nelson,2023-09-27 22:56:00,2023-09-30 20:44:00,False
5805028000009230180,Jane Smith,2023-09-28 10:08:00,2023-09-28 10:36:00,False
5805028000009236149,Charlie Davis,2023-09-27 22:07:00,2024-02-01 22:35:00,False
5805028000009260558,Julia Nelson,2023-09-28 15:56:00,2023-09-28 15:58:00,False
5805028000009305050,Jane Smith,2023-09-28 17:18:00,2023-09-28 17:18:00,False
5805028000009336049,Julia Nelson,2023-09-28 19:38:00,2023-09-29 11:48:00,False
5805028000009336386,Diana Evans,2023-09-29 13:12:00,2023-10-16 10:33:00,False
5805028000009349208,Kevin Parker,2023-09-29 06:51:00,2023-09-29 15:17:00,False
5805028000009352033,Julia Nelson,2023-09-28 19:00:00,2024-04-13 20:36:00,False
5805028000009352433,Charlie Davis,2023-09-29 08:52:00,2023-09-29 08:52:00,False
5805028000009354181,Ulysses Adams,2023-09-28 22:57:00,2024-02-19 15:49:00,False
5805028000009360523,Charlie Davis,2023-09-29 15:23:00,2024-04-15 15:15:00,False
5805028000009361087,Julia Nelson,2023-09-28 20:10:00,2024-01-15 09:29:00,False
5805028000009362403,Charlie Davis,2023-09-29 14:20:00,2023-09-29 14:20:00,False
5805028000009363192,Kevin Parker,2023-09-29 06:04:00,2024-01-12 17:28:00,False
5805028000009363369,Charlie Davis,2023-09-29 10:50:00,2023-09-29 10:50:00,False
5805028000009364503,Julia Nelson,2023-09-29 14:28:00,2023-10-02 14:28:00,False
5805028000009371512,Ulysses Adams,2023-09-29 11:19:00,2023-09-29 11:19:00,False
5805028000009386657,Kevin Parker,2023-09-29 15:44:00,2023-12-01 16:55:00,False
5805028000009479096,Ulysses Adams,2023-09-29 17:35:00,2023-09-29 17:35:00,False
5805028000009486059,Charlie Davis,2023-09-29 17:02:00,2023-12-08 06:24:00,False
5805028000009501015,Diana Evans,2023-09-29 16:44:00,2023-09-29 20:36:00,False
5805028000009547964,Ulysses Adams,2023-10-02 08:28:00,2023-11-09 15:05:00,False
5805028000009548379,Kevin Parker,2023-09-30 15:18:00,2023-10-31 14:13:00,False
5805028000009550041,Jane Smith,2023-09-29 20:51:00,2023-09-29 20:51:00,False
5805028000009566384,Charlie Davis,2023-09-30 18:12:00,2023-10-05 18:24:00,False
5805028000009566649,Kevin Parker,2023-10-01 17:02:00,2023-10-02 12:27:00,False
5805028000009580061,Charlie Davis,2023-09-29 22:23:00,2023-10-15 23:29:00,False
5805028000009588598,Ian Miller,2023-10-01 09:03:00,2023-10-02 09:23:00,False
5805028000009657109,Julia Nelson,2023-10-01 21:24:00,2023-10-09 10:48:00,False
5805028000009664023,Ian Miller,2023-10-02 07:25:00,2023-10-10 14:12:00,False
5805028000009668134,Diana Evans,2023-10-02 10:34:00,2023-10-02 10:34:00,False
5805028000009669080,Julia Nelson,2023-10-02 09:53:00,2023-10-02 11:16:00,False
5805028000009680131,Quincy Vincent,2023-10-02 09:39:00,2024-04-06 13:19:00,False
5805028000009682314,Ulysses Adams,2023-10-02 10:26:00,2023-12-12 13:33:00,False
5805028000009683499,Charlie Davis,2023-10-02 13:22:00,2023-10-03 18:54:00,False
5805028000009701425,Ulysses Adams,2023-10-02 15:18:00,2024-03-12 11:53:00,False
5805028000009701588,Jane Smith,2023-10-02 17:42:00,2024-02-23 02:25:00,False
5805028000009706051,Ian Miller,2023-10-02 09:25:00,2023-10-02 09:26:00,False
5805028000009786140,Kevin Parker,2023-10-02 21:52:00,2024-06-18 09:38:00,False
5805028000009788092,Charlie Davis,2023-10-02 21:21:00,2023-10-02 21:21:00,False
5805028000009821333,Ian Miller,2023-10-03 11:45:00,2024-05-21 22:09:00,False
5805028000009826235,George King,2023-10-03 09:06:00,2023-10-03 09:06:00,False
5805028000009827249,Amy Green,2023-10-03 08:08:00,2024-04-30 16:32:00,False
5805028000009891025,Paula Underwood,2023-10-03 16:13:00,2024-06-06 16:55:00,False
5805028000009910001,Charlie Davis,2023-10-03 16:16:00,2023-10-05 14:16:00,False
5805028000009923261,Charlie Davis,2023-10-04 10:53:00,2024-06-18 14:06:00,False
5805028000009928382,Ulysses Adams,2023-10-04 13:42:00,2023-10-04 15:10:00,False
5805028000009935052,Eva Kent,2023-10-04 06:32:00,2024-06-11 09:56:00,False
5805028000009966030,Diana Evans,2023-10-04 15:19:00,2023-10-04 15:20:00,False
5805028000009969076,Charlie Davis,2023-10-04 17:12:00,2023-10-04 19:46:00,False
5805028000009972081,Bob Brown,2023-10-04 17:13:00,2023-10-04 17:13:00,False
5805028000009973094,Julia Nelson,2023-10-04 15:51:00,2023-10-04 15:51:00,False
5805028000009995125,Kevin Parker,2023-10-04 19:15:00,2023-10-04 19:16:00,False
5805028000010005080,Charlie Davis,2023-10-04 21:08:00,2023-10-05 18:14:00,False
5805028000010031086,Ulysses Adams,2023-10-04 22:21:00,2023-10-07 12:36:00,False
5805028000010036314,Julia Nelson,2023-10-04 22:35:00,2023-10-05 17:22:00,False
5805028000010036373,Kevin Parker,2023-10-05 08:44:00,2023-10-05 15:28:00,False
5805028000010050100,Kevin Parker,2023-10-04 20:39:00,2024-03-15 13:13:00,False
5805028000010174116,Julia Nelson,2023-10-05 17:49:00,2023-10-08 09:08:00,False
5805028000010188233,Ulysses Adams,2023-10-05 18:02:00,2023-10-11 09:58:00,False
5805028000010196357,Ulysses Adams,2023-10-05 20:56:00,2023-11-20 17:05:00,False
5805028000010202104,Charlie Davis,2023-10-05 20:48:00,2024-06-20 15:12:00,False
5805028000010209006,Nina Scott,2023-10-05 18:09:00,2023-11-17 10:04:00,False
5805028000010210154,Julia Nelson,2023-10-05 18:56:00,2024-06-10 22:15:00,False
5805028000010248141,Amy Green,2023-10-05 23:17:00,2024-04-18 20:48:00,False
5805028000010271399,Jane Smith,2023-10-06 10:45:00,2023-10-09 19:03:00,False
5805028000010276048,Jane Smith,2023-10-05 21:38:00,2023-10-05 21:38:00,False
5805028000010276200,Ulysses Adams,2023-10-05 22:42:00,2023-11-22 12:32:00,False
5805028000010281290,Ulysses Adams,2023-10-06 10:22:00,2024-05-22 11:54:00,False
5805028000010281345,Julia Nelson,2023-10-06 10:34:00,2023-10-09 17:53:00,False
5805028000010406522,Julia Nelson,2023-10-07 15:41:00,2023-10-07 15:41:00,False
5805028000010409166,Charlie Davis,2023-10-07 10:19:00,2023-10-07 10:19:00,False
5805028000010410365,Oliver Taylor,2023-10-07 14:12:00,2024-04-10 19:04:00,False
5805028000010411721,Kevin Parker,2023-10-08 13:13:00,2023-10-11 16:17:00,False
5805028000010412033,Yara Edwards,2023-10-06 17:32:00,2024-04-10 14:55:00,False
5805028000010413526,Jane Smith,2023-10-07 23:28:00,2023-10-08 10:40:00,False
5805028000010414180,Victor Barnes,2023-10-06 21:36:00,2024-02-21 11:58:00,False
5805028000010414707,Ian Miller,2023-10-08 09:43:00,2023-10-30 09:10:00,False
5805028000010421724,Ian Miller,2023-10-08 11:07:00,2023-11-18 12:38:00,False
5805028000010425000,Julia Nelson,2023-10-08 06:30:00,2024-02-05 10:47:00,False
5805028000010426249,Jane Smith,2023-10-06 21:05:00,2023-10-06 21:09:00,False
5805028000010427585,Charlie Davis,2023-10-07 17:55:00,2023-10-07 18:52:00,False
5805028000010428390,Quincy Vincent,2023-10-07 21:47:00,2024-05-30 00:15:00,False
5805028000010428582,Jane Smith,2023-10-08 09:40:00,2024-05-24 19:32:00,False
5805028000010429959,Zachary Foster,2023-10-08 07:21:00,2024-02-03 10:09:00,False
5805028000010488017,Victor Barnes,2023-10-08 10:25:00,2024-01-29 11:38:00,False
5805028000010495205,Ian Miller,2023-10-08 22:25:00,2023-10-08 22:25:00,False
5805028000010515033,Ulysses Adams,2023-10-08 22:17:00,2024-03-22 10:50:00,False
5805028000010531027,Charlie Davis,2023-10-09 07:19:00,2023-10-22 10:48:00,False
5805028000010580188,Julia Nelson,2023-10-09 16:53:00,2024-02-19 20:44:00,False
5805028000010617278,Julia Nelson,2023-10-09 20:14:00,2023-10-11 18:08:00,False
5805028000010631113,Jane Smith,2023-10-09 16:36:00,2023-10-13 18:40:00,False
5805028000010671334,Ulysses Adams,2023-10-10 12:35:00,2023-10-27 16:10:00,False
5805028000010674209,Mason Roberts,2023-10-10 10:17:00,2023-10-12 17:47:00,False
5805028000010678053,Julia Nelson,2023-10-10 09:52:00,2023-11-20 11:40:00,False
5805028000010679201,Mason Roberts,2023-10-10 08:51:00,2023-10-21 13:48:00,False
5805028000010684007,Kevin Parker,2023-10-09 22:26:00,2023-10-10 22:32:00,False
5805028000010870053,Julia Nelson,2023-10-10 21:50:00,2024-02-19 21:44:00,False
5805028000010914001,Mason Roberts,2023-10-11 01:50:00,2023-11-18 13:26:00,False
5805028000010919013,Ian Miller,2023-10-11 04:38:00,2023-10-11 04:38:00,False
5805028000010924006,Charlie Davis,2023-10-11 07:08:00,2023-10-12 09:54:00,False
5805028000010947071,Oliver Taylor,2023-10-11 10:39:00,2024-02-15 14:03:00,False
5805028000010957090,Kevin Parker,2023-10-11 11:27:00,2023-10-11 11:37:00,False
5805028000011088133,Julia Nelson,2023-10-11 18:31:00,2024-05-12 12:48:00,False
5805028000011144014,Ian Miller,2023-10-11 19:12:00,2024-06-11 07:03:00,False
5805028000011156341,Mason Roberts,2023-10-12 08:57:00,2023-10-12 15:30:00,False
5805028000011182065,Julia Nelson,2023-10-11 20:12:00,2023-10-20 17:27:00,False
5805028000011223029,Kevin Parker,2023-10-12 11:12:00,2023-10-12 11:12:00,False
5805028000011223073,Kevin Parker,2023-10-12 11:47:00,2023-10-12 12:49:00,False
5805028000011225102,Ian Miller,2023-10-12 13:38:00,2023-10-12 14:02:00,False
5805028000011330054,Julia Nelson,2023-10-12 17:27:00,2023-10-12 18:27:00,False
5805028000011384087,Ian Miller,2023-10-12 21:28:00,2023-10-12 21:28:00,False
5805028000011394067,Charlie Davis,2023-10-12 21:17:00,2024-03-20 11:10:00,False
5805028000011398239,Ian Miller,2023-10-13 00:46:00,2023-12-01 12:17:00,False
5805028000011413224,Julia Nelson,2023-10-13 11:13:00,2023-10-17 17:18:00,False
5805028000011520132,Nina Scott,2023-10-13 14:41:00,2023-12-14 11:20:00,False
5805028000011531077,Ulysses Adams,2023-10-13 14:42:00,2024-05-20 14:33:00,False
5805028000011596797,Jane Smith,2023-10-15 00:14:00,2023-10-15 00:14:00,False
5805028000011597605,Charlie Davis,2023-10-14 18:26:00,2024-04-23 16:38:00,False
5805028000011597806,Kevin Parker,2023-10-15 02:10:00,2023-10-15 02:10:00,False
5805028000011601541,Charlie Davis,2023-10-14 12:13:00,2023-12-01 12:13:00,False
5805028000011603001,Julia Nelson,2023-10-13 15:55:00,2024-06-11 20:07:00,False
5805028000011610290,Charlie Davis,2023-10-14 01:46:00,2024-03-15 19:40:00,False
5805028000011610537,Charlie Davis,2023-10-14 20:40:00,2023-10-17 12:21:00,False
5805028000011610625,Jane Smith,2023-10-14 21:03:00,2023-10-14 21:04:00,False
5805028000011610896,Charlie Davis,2023-10-15 12:24:00,2023-10-15 18:22:00,False
5805028000011620226,Cara Iverson,2023-10-13 21:54:00,2024-03-25 20:19:00,False
5805028000011628130,Jane Smith,2023-10-13 21:13:00,2024-05-06 22:37:00,False
5805028000011628725,Kevin Parker,2023-10-15 11:16:00,2023-10-15 11:29:00,False
5805028000011628831,Kevin Parker,2023-10-15 14:09:00,2023-10-15 14:20:00,False
5805028000011646219,Nina Scott,2023-10-14 11:23:00,2024-04-18 12:14:00,False
5805028000011648367,Jane Smith,2023-10-14 13:50:00,2023-10-14 13:50:00,False
5805028000011697036,Jane Smith,2023-10-14 21:43:00,2023-10-14 21:43:00,False
5805028000011727058,Julia Nelson,2023-10-15 12:59:00,2024-02-12 10:02:00,False
5805028000011741020,Kevin Parker,2023-10-15 18:21:00,2023-10-15 18:39:00,False
5805028000011756235,Jane Smith,2023-10-16 10:20:00,2023-10-16 13:59:00,False
5805028000011757347,Ulysses Adams,2023-10-16 11:52:00,2024-04-06 10:37:00,False
5805028000011759095,Jane Smith,2023-10-15 20:57:00,2023-10-30 13:08:00,False
5805028000011766183,Kevin Parker,2023-10-16 11:31:00,2023-11-21 12:36:00,False
5805028000011770375,Bob Brown,2023-10-16 15:21:00,2023-10-16 15:21:00,False
5805028000011906024,Victor Barnes,2023-10-16 21:35:00,2024-05-20 17:55:00,False
5805028000011913024,Nina Scott,2023-10-16 21:35:00,2023-11-22 08:42:00,False
5805028000011931130,Julia Nelson,2023-10-17 01:30:00,2024-06-10 22:38:00,False
5805028000011961190,Victor Barnes,2023-10-17 03:13:00,2024-06-05 17:46:00,False
5805028000012014001,Kevin Parker,2023-10-17 08:44:00,2023-11-21 12:19:00,False
5805028000012165006,Julia Nelson,2023-10-17 15:12:00,2023-11-28 12:09:00,False
5805028000012196001,Kevin Parker,2023-10-17 17:31:00,2023-10-17 17:31:00,False
5805028000012207006,Julia Nelson,2023-10-17 17:58:00,2023-10-17 20:36:00,False
5805028000012210030,Kevin Parker,2023-10-17 18:50:00,2023-10-17 18:50:00,False
5805028000012216007,Mason Roberts,2023-10-17 18:47:00,2023-10-17 18:53:00,False
5805028000012259131,Jane Smith,2023-10-18 03:00:00,2023-10-18 22:48:00,False
5805028000012267042,Ian Miller,2023-10-18 00:35:00,2023-10-18 00:35:00,False
5805028000012267106,Ian Miller,2023-10-18 01:00:00,2023-10-18 01:14:00,False
5805028000012327276,Charlie Davis,2023-10-18 15:26:00,2024-02-19 18:35:00,False
5805028000012363285,Kevin Parker,2023-10-18 16:03:00,2024-06-17 12:10:00,False
5805028000012378001,Mason Roberts,2023-10-18 09:10:00,2023-10-28 11:01:00,False
5805028000012439017,Charlie Davis,2023-10-18 20:30:00,2023-10-19 09:25:00,False
5805028000012448132,Ulysses Adams,2023-10-19 03:03:00,2024-03-22 10:12:00,False
5805028000012455050,Charlie Davis,2023-10-18 21:49:00,2023-11-21 20:42:00,False
5805028000012489009,Charlie Davis,2023-10-19 09:28:00,2024-02-20 09:55:00,False
5805028000012504158,Charlie Davis,2023-10-19 11:52:00,2024-06-10 16:57:00,False
5805028000012562006,Julia Nelson,2023-10-19 12:04:00,2023-10-21 09:56:00,False
5805028000012576033,Bob Brown,2023-10-19 12:51:00,2023-10-19 12:51:00,False
5805028000012591006,Charlie Davis,2023-10-19 12:50:00,2023-10-19 13:58:00,False
5805028000012658121,Kevin Parker,2023-10-19 22:27:00,2024-01-19 16:27:00,False
5805028000012662135,Ian Miller,2023-10-20 08:50:00,2023-10-20 08:50:00,False
5805028000012694124,Ian Miller,2023-10-19 22:24:00,2023-12-26 08:48:00,False
5805028000012719006,Kevin Parker,2023-10-20 09:36:00,2023-10-20 10:50:00,False
5805028000012751043,Paula Underwood,2023-10-20 12:31:00,2024-02-20 19:48:00,False
5805028000012761057,Julia Nelson,2023-10-20 11:47:00,2024-06-10 09:00:00,False
5805028000012764029,Kevin Parker,2023-10-20 10:45:00,2023-11-21 12:57:00,False
5805028000012765088,Victor Barnes,2023-10-20 12:07:00,2024-06-04 15:15:00,False
5805028000012844088,Ulysses Adams,2023-10-20 14:22:00,2024-03-11 18:13:00,False
5805028000012889121,Julia Nelson,2023-10-20 16:20:00,2024-04-29 14:11:00,False
5805028000012889487,Julia Nelson,2023-10-20 19:59:00,2023-10-20 20:10:00,False
5805028000012898077,Ian Miller,2023-10-20 15:17:00,2023-10-20 15:17:00,False
5805028000012900346,Ulysses Adams,2023-10-20 17:41:00,2023-10-23 12:09:00,False
5805028000012904577,Oliver Taylor,2023-10-20 18:52:00,2024-03-14 18:54:00,False
5805028000012919001,Ian Miller,2023-10-20 14:39:00,2023-10-22 21:36:00,False
5805028000012926336,Julia Nelson,2023-10-20 17:09:00,2023-10-24 16:12:00,False
5805028000012926366,Kevin Parker,2023-10-20 17:18:00,2023-10-22 13:08:00,False
5805028000013016162,Julia Nelson,2023-10-21 09:14:00,2024-06-11 08:07:00,False
5805028000013030333,Julia Nelson,2023-10-21 10:59:00,2023-10-21 14:46:00,False
5805028000013039245,Mason Roberts,2023-10-21 07:20:00,2024-06-18 18:18:00,False
5805028000013040006,Ulysses Adams,2023-10-20 21:40:00,2024-03-11 11:25:00,False
5805028000013061125,Paula Underwood,2023-10-21 02:46:00,2024-02-27 14:49:00,False
5805028000013090043,Charlie Davis,2023-10-21 01:33:00,2024-04-16 23:31:00,False
5805028000013090119,Jane Smith,2023-10-21 07:42:00,2023-10-21 07:43:00,False
5805028000013161564,Ulysses Adams,2023-10-23 13:01:00,2023-10-23 13:01:00,False
5805028000013165107,Charlie Davis,2023-10-21 23:18:00,2023-12-11 22:41:00,False
5805028000013165149,Mason Roberts,2023-10-22 08:17:00,2023-10-22 08:52:00,False
5805028000013173018,Ian Miller,2023-10-21 16:02:00,2024-02-07 14:11:00,False
5805028000013176197,Kevin Parker,2023-10-21 21:22:00,2024-04-18 20:16:00,False
5805028000013204580,Jane Smith,2023-10-22 18:40:00,2024-02-16 17:43:00,False
5805028000013256001,Ian Miller,2023-10-23 07:32:00,2023-10-23 07:32:00,False
5805028000013270104,Kevin Parker,2023-10-23 13:08:00,2024-06-13 17:08:00,False
5805028000013283480,Diana Evans,2023-10-24 08:16:00,2023-10-24 19:27:00,False
5805028000013287011,Ulysses Adams,2023-10-23 14:58:00,2023-11-21 14:40:00,False
5805028000013320037,Ian Miller,2023-10-23 22:05:00,2023-10-23 22:05:00,False
5805028000013431015,Quincy Vincent,2023-10-24 16:11:00,2024-03-23 11:05:00,False
5805028000013437290,Nina Scott,2023-10-25 00:30:00,2023-11-22 21:10:00,False
5805028000013440270,Julia Nelson,2023-10-25 04:54:00,2024-05-25 11:34:00,False
5805028000013442077,Jane Smith,2023-10-24 17:17:00,2024-01-24 20:09:00,False
5805028000013551001,Ulysses Adams,2023-10-25 08:37:00,2024-02-13 16:20:00,False
5805028000013551031,Ian Miller,2023-10-25 09:04:00,2023-10-25 09:04:00,False
5805028000013574227,Victor Barnes,2023-10-25 12:47:00,2024-03-06 13:26:00,False
5805028000013653076,Jane Smith,2023-10-25 14:42:00,2024-04-25 23:20:00,False
5805028000013654177,Jane Smith,2023-10-25 16:47:00,2023-10-25 16:47:00,False
5805028000013654209,Kevin Parker,2023-10-25 17:05:00,2024-04-11 20:28:00,False
5805028000013751184,Ulysses Adams,2023-10-26 08:21:00,2023-10-30 12:24:00,False
5805028000013778159,Nina Scott,2023-10-26 09:33:00,2023-12-02 15:43:00,False
5805028000013780216,Julia Nelson,2023-10-26 09:04:00,2024-05-27 20:35:00,False
5805028000013785001,Kevin Parker,2023-10-25 21:25:00,2023-10-25 23:26:00,False
5805028000013815269,Kevin Parker,2023-10-26 14:20:00,2023-10-26 16:25:00,False
5805028000013833652,Julia Nelson,2023-10-26 20:35:00,2023-10-28 12:29:00,False
5805028000013837035,Jane Smith,2023-10-26 10:37:00,2023-10-26 12:39:00,False
5805028000013839661,Victor Barnes,2023-10-27 07:17:00,2024-06-09 15:36:00,False
5805028000013844551,Kevin Parker,2023-10-26 16:41:00,2024-03-07 13:15:00,False
5805028000013846789,Ian Miller,2023-10-26 22:48:00,2023-10-27 00:51:00,False
5805028000013847362,Julia Nelson,2023-10-26 15:09:00,2024-04-11 18:09:00,False
5805028000013847598,Ian Miller,2023-10-26 22:35:00,2023-10-27 00:36:00,False
5805028000013851702,Oliver Taylor,2023-10-27 02:00:00,2023-11-07 17:55:00,False
5805028000013860278,Julia Nelson,2023-10-26 14:37:00,2023-11-21 14:08:00,False
5805028000013945362,Jane Smith,2023-10-27 15:25:00,2024-01-11 09:55:00,False
5805028000013946200,Oliver Taylor,2023-10-27 13:33:00,2024-03-09 16:43:00,False
5805028000013957186,Ulysses Adams,2023-10-27 13:58:00,2024-03-11 20:44:00,False
5805028000014052783,Ulysses Adams,2023-10-28 21:17:00,2024-01-19 12:01:00,False
5805028000014055367,Jane Smith,2023-10-28 09:47:00,2023-10-28 09:59:00,False
5805028000014077034,Charlie Davis,2023-10-27 16:49:00,2023-10-27 18:50:00,False
5805028000014077165,Julia Nelson,2023-10-27 19:33:00,2024-03-19 13:28:00,False
5805028000014079316,Kevin Parker,2023-10-27 21:58:00,2023-10-28 17:50:00,False
5805028000014083595,Ulysses Adams,2023-10-28 11:25:00,2024-02-12 19:22:00,False
5805028000014092677,Julia Nelson,2023-10-28 19:56:00,2024-01-17 23:09:00,False
5805028000014103370,Julia Nelson,2023-10-28 09:55:00,2023-10-28 09:55:00,False
5805028000014115637,Jane Smith,2023-10-28 15:21:00,2023-10-28 17:25:00,False
5805028000014215375,Kevin Parker,2023-10-29 17:04:00,2023-10-29 17:23:00,False
5805028000014216422,Mason Roberts,2023-10-29 18:32:00,2023-10-29 20:36:00,False
5805028000014234146,Jane Smith,2023-10-29 18:49:00,2023-10-29 20:51:00,False
5805028000014268190,Mason Roberts,2023-10-30 12:28:00,2023-10-30 14:30:00,False
5805028000014293128,Ulysses Adams,2023-10-30 09:55:00,2023-10-30 11:55:00,False
5805028000014325023,Ulysses Adams,2023-10-30 10:45:00,2024-01-19 14:35:00,False
5805028000014478367,Charlie Davis,2023-10-31 10:30:00,2024-03-13 11:17:00,False
5805028000014491020,Ian Miller,2023-10-30 17:23:00,2023-11-01 08:55:00,False
5805028000014491145,Charlie Davis,2023-10-31 07:25:00,2024-02-07 13:23:00,False
5805028000014497066,Ian Miller,2023-10-30 17:34:00,2024-01-06 13:35:00,False
5805028000014500034,Oliver Taylor,2023-10-30 18:13:00,2023-11-18 13:11:00,False
5805028000014580280,Kevin Parker,2023-10-31 17:53:00,2023-11-03 11:08:00,False
5805028000014593291,Jane Smith,2023-10-31 18:42:00,2023-10-31 20:43:00,False
5805028000014617035,Ulysses Adams,2023-10-31 12:28:00,2024-01-17 12:04:00,False
5805028000014659028,Ben Hall,2023-10-31 22:07:00,2024-02-21 11:35:00,False
5805028000014660018,Kevin Parker,2023-10-31 22:35:00,2023-11-01 09:32:00,False
5805028000014660161,Jane Smith,2023-11-01 11:23:00,2023-11-03 09:23:00,False
5805028000014793086,Charlie Davis,2023-11-01 15:10:00,2023-11-03 11:10:00,False
5805028000014834183,Julia Nelson,2023-11-01 17:44:00,2024-03-04 17:43:00,False
5805028000014919297,Kevin Parker,2023-11-02 09:19:00,2023-11-02 11:21:00,False
5805028000014924113,Kevin Parker,2023-11-01 23:16:00,2023-11-08 10:39:00,False
5805028000014924145,Victor Barnes,2023-11-02 01:14:00,2024-06-04 18:36:00,False
5805028000014937246,Charlie Davis,2023-11-02 10:39:00,2024-02-26 23:47:00,False
5805028000014944237,Julia Nelson,2023-11-02 09:24:00,2023-11-14 16:06:00,False
5805028000014989229,Julia Nelson,2023-11-02 17:39:00,2023-11-03 19:53:00,False
5805028000014995461,Charlie Davis,2023-11-02 23:58:00,2023-11-03 11:17:00,False
5805028000015003656,Charlie Davis,2023-11-03 09:28:00,2023-11-03 14:53:00,False
5805028000015004892,Ulysses Adams,2023-11-03 13:07:00,2023-11-03 15:07:00,False
5805028000015007501,Kevin Parker,2023-11-03 07:39:00,2023-11-04 10:12:00,False
5805028000015009040,Charlie Davis,2023-11-02 13:18:00,2023-11-03 11:12:00,False
5805028000015013787,Ulysses Adams,2023-11-03 10:09:00,2024-01-10 17:48:00,False
5805028000015019242,Charlie Davis,2023-11-02 18:20:00,2023-11-02 20:23:00,False
5805028000015162430,Kevin Parker,2023-11-04 06:21:00,2023-11-06 14:59:00,False
5805028000015162584,Ulysses Adams,2023-11-04 11:18:00,2023-11-04 13:21:00,False
5805028000015167311,Ben Hall,2023-11-03 21:32:00,2024-04-10 11:25:00,False
5805028000015169885,Ulysses Adams,2023-11-05 10:00:00,2023-12-09 13:48:00,False
5805028000015177358,Jane Smith,2023-11-03 20:07:00,2024-06-06 14:04:00,False
5805028000015178866,Ulysses Adams,2023-11-04 18:41:00,2023-11-05 13:24:00,False
5805028000015193616,Charlie Davis,2023-11-04 14:18:00,2024-04-08 20:08:00,False
5805028000015198614,Diana Evans,2023-11-04 14:30:00,2023-11-04 16:32:00,False
5805028000015201019,Nina Scott,2023-11-03 13:38:00,2024-03-09 18:33:00,False
5805028000015201126,Jane Smith,2023-11-03 14:13:00,2023-11-03 16:17:00,False
5805028000015207327,Charlie Davis,2023-11-03 21:23:00,2024-01-26 09:34:00,False
5805028000015207618,Julia Nelson,2023-11-04 12:03:00,2023-11-09 13:56:00,False
5805028000015210918,Mason Roberts,2023-11-04 18:10:00,2023-11-04 18:13:00,False
5805028000015213179,Jane Smith,2023-11-03 18:59:00,2023-11-03 21:03:00,False
5805028000015249021,Jane Smith,2023-11-04 03:28:00,2023-11-04 05:30:00,False
5805028000015297687,Diana Evans,2023-11-05 19:43:00,2023-11-05 21:45:00,False
5805028000015298335,Nina Scott,2023-11-05 12:26:00,2024-06-11 20:37:00,False
5805028000015298367,Julia Nelson,2023-11-05 12:29:00,2024-06-18 13:18:00,False
5805028000015304525,Jane Smith,2023-11-05 17:19:00,2023-11-19 21:04:00,False
5805028000015308525,Mason Roberts,2023-11-05 21:55:00,2023-11-05 23:55:00,False
5805028000015309204,Jane Smith,2023-11-05 10:54:00,2023-11-05 12:58:00,False
5805028000015309236,Ulysses Adams,2023-11-05 11:36:00,2024-02-09 22:48:00,False
5805028000015314064,Jane Smith,2023-11-05 09:37:00,2023-11-05 11:38:00,False
5805028000015315004,Ulysses Adams,2023-11-04 22:05:00,2023-11-05 12:32:00,False
5805028000015328418,Ulysses Adams,2023-11-06 08:57:00,2024-06-11 02:42:00,False
5805028000015329352,Ulysses Adams,2023-11-06 09:38:00,2024-05-23 01:30:00,False
5805028000015422007,Mason Roberts,2023-11-06 14:37:00,2023-11-06 16:39:00,False
5805028000015460181,Charlie Davis,2023-11-06 16:06:00,2024-06-10 14:19:00,False
5805028000015531001,Julia Nelson,2023-11-06 17:08:00,2023-12-03 16:25:00,False
5805028000015578172,Ulysses Adams,2023-11-06 20:41:00,2024-01-10 15:55:00,False
5805028000015586101,Ulysses Adams,2023-11-06 20:29:00,2024-01-10 15:58:00,False
5805028000015597555,Julia Nelson,2023-11-07 06:10:00,2024-01-04 19:49:00,False
5805028000015618166,Julia Nelson,2023-11-07 08:43:00,2024-06-14 17:09:00,False
5805028000015676041,Ulysses Adams,2023-11-07 15:06:00,2023-11-07 20:05:00,False
5805028000015724019,Charlie Davis,2023-11-07 14:44:00,2024-06-19 16:11:00,False
5805028000015778006,Ian Miller,2023-11-07 15:54:00,2024-06-14 16:34:00,False
5805028000015830046,Charlie Davis,2023-11-07 17:17:00,2023-11-10 11:03:00,False
5805028000015866449,Ulysses Adams,2023-11-08 13:52:00,2023-11-28 10:22:00,False
5805028000015873160,Charlie Davis,2023-11-08 05:30:00,2023-11-08 07:33:00,False
5805028000015876063,Kevin Parker,2023-11-07 23:23:00,2023-11-08 01:27:00,False
5805028000015904048,Paula Underwood,2023-11-07 22:52:00,2024-03-11 16:18:00,False
5805028000015904446,Kevin Parker,2023-11-08 13:40:00,2023-11-08 15:40:00,False
5805028000015906242,Ulysses Adams,2023-11-08 07:15:00,2024-01-10 12:28:00,False
5805028000015996001,Charlie Davis,2023-11-08 17:29:00,2024-02-26 13:44:00,False
5805028000016003068,Kevin Parker,2023-11-08 20:05:00,2023-12-05 02:11:00,False
5805028000016008008,Jane Smith,2023-11-08 19:34:00,2023-11-09 18:03:00,False
5805028000016016180,Charlie Davis,2023-11-09 11:05:00,2023-11-09 13:09:00,False
5805028000016065119,Charlie Davis,2023-11-09 12:13:00,2023-11-09 14:15:00,False
5805028000016119178,Charlie Davis,2023-11-09 15:22:00,2023-11-09 17:25:00,False
5805028000016136333,Ulysses Adams,2023-11-09 18:38:00,2023-11-09 20:41:00,False
5805028000016168001,Charlie Davis,2023-11-09 14:33:00,2023-11-09 16:35:00,False
5805028000016256106,Rachel White,2023-11-10 09:09:00,2023-11-10 11:09:00,False
5805028000016273017,Ulysses Adams,2023-11-10 07:37:00,2023-12-08 13:32:00,False
5805028000016420100,Jane Smith,2023-11-10 16:00:00,2023-11-10 18:01:00,False
5805028000016426244,Charlie Davis,2023-11-10 18:10:00,2023-11-22 14:52:00,False
5805028000016502092,Charlie Davis,2023-11-13 21:16:00,2023-11-13 23:21:00,False
5805028000016503207,Ian Miller,2023-11-11 01:10:00,2023-12-18 13:18:00,False
5805028000016505898,Nina Scott,2023-11-13 10:24:00,2023-11-20 10:55:00,False
5805028000016506790,Nina Scott,2023-11-12 20:54:00,2023-11-19 11:55:00,False
5805028000016510407,Quincy Vincent,2023-11-11 13:20:00,2023-11-29 17:08:00,False
5805028000016511093,Jane Smith,2023-11-10 21:51:00,2023-11-11 17:50:00,False
5805028000016517072,Jane Smith,2023-11-10 20:43:00,2023-11-10 22:47:00,False
5805028000016525223,Charlie Davis,2023-11-10 21:54:00,2023-11-13 17:11:00,False
5805028000016526659,Jane Smith,2023-11-12 09:00:00,2023-11-12 11:48:00,False
5805028000016527001,Rachel White,2023-11-10 19:43:00,2023-11-10 21:47:00,False
5805028000016622217,Julia Nelson,2023-11-13 11:37:00,2023-11-21 15:32:00,False
5805028000016623145,Paula Underwood,2023-11-12 23:25:00,2023-12-02 10:35:00,False
5805028000016623783,Diana Evans,2023-11-13 20:51:00,2023-11-20 17:40:00,False
5805028000016627883,Charlie Davis,2023-11-13 21:11:00,2024-01-24 20:33:00,False
5805028000016630514,Mason Roberts,2023-11-13 22:38:00,2024-06-18 15:19:00,False
5805028000016632763,Ulysses Adams,2023-11-13 20:33:00,2024-01-25 15:49:00,False
5805028000016643035,Julia Nelson,2023-11-13 10:55:00,2023-11-13 12:59:00,False
5805028000016719013,Kevin Parker,2023-11-14 09:08:00,2023-11-14 18:10:00,False
5805028000016745074,Charlie Davis,2023-11-14 11:45:00,2024-01-24 20:33:00,False
5805028000016748004,Ulysses Adams,2023-11-14 09:22:00,2023-11-21 18:00:00,False
5805028000016852009,Nina Scott,2023-11-14 14:16:00,2024-02-08 13:39:00,False
5805028000016861001,Diana Evans,2023-11-14 14:02:00,2023-11-14 16:05:00,False
5805028000016919347,Charlie Davis,2023-11-14 22:56:00,2023-11-16 15:57:00,False
5805028000016919559,Nina Scott,2023-11-15 10:40:00,2023-11-22 11:10:00,False
5805028000016929226,Nina Scott,2023-11-14 22:50:00,2024-06-09 16:06:00,False
5805028000016931091,Julia Nelson,2023-11-14 19:16:00,2023-11-29 15:47:00,False
5805028000016957854,Nina Scott,2023-11-15 14:21:00,2024-01-17 00:17:00,False
5805028000017088078,Nina Scott,2023-11-15 19:29:00,2024-06-19 17:11:00,False
5805028000017090120,Julia Nelson,2023-11-15 18:39:00,2024-04-05 12:19:00,False
5805028000017095037,Charlie Davis,2023-11-15 18:35:00,2023-11-15 20:36:00,False
5805028000017102015,Julia Nelson,2023-11-15 18:04:00,2023-11-16 14:30:00,False
5805028000017102089,Charlie Davis,2023-11-15 20:21:00,2023-11-16 10:34:00,False
5805028000017105108,Nina Scott,2023-11-15 20:39:00,2023-11-20 18:49:00,False
5805028000017126001,Diana Evans,2023-11-15 18:13:00,2023-11-16 08:19:00,False
5805028000017194055,Ian Miller,2023-11-16 00:56:00,2023-11-16 10:46:00,False
5805028000017308282,Nina Scott,2023-11-16 23:21:00,2023-11-17 19:12:00,False
5805028000017336146,Nina Scott,2023-11-16 20:38:00,2023-11-17 09:20:00,False
5805028000017358276,Amy Green,2023-11-17 05:56:00,2024-05-02 09:14:00,False
5805028000017367123,Julia Nelson,2023-11-16 19:46:00,2023-11-21 06:49:00,False
5805028000017367197,Nina Scott,2023-11-16 20:48:00,2024-03-23 22:30:00,False
5805028000017521020,Jane Smith,2023-11-17 14:12:00,2024-04-15 00:33:00,False
5805028000017523370,Nina Scott,2023-11-17 19:33:00,2024-03-05 19:39:00,False
5805028000017534375,Jane Smith,2023-11-17 19:53:00,2023-11-17 21:53:00,False
5805028000017534787,Jane Smith,2023-11-18 10:03:00,2023-11-18 12:06:00,False
5805028000017537735,Nina Scott,2023-11-18 01:54:00,2023-11-20 11:11:00,False
5805028000017537784,Charlie Davis,2023-11-18 07:41:00,2024-04-11 23:56:00,False
5805028000017540757,Nina Scott,2023-11-18 03:03:00,2024-04-04 15:32:00,False
5805028000017544078,Nina Scott,2023-11-17 15:21:00,2023-11-17 18:35:00,False
5805028000017544576,Mason Roberts,2023-11-18 00:08:00,2023-11-18 02:09:00,False
5805028000017641691,Mason Roberts,2023-11-18 21:33:00,2024-06-17 18:10:00,False
5805028000017641723,Paula Underwood,2023-11-18 21:45:00,2023-11-24 08:46:00,False
5805028000017641772,Jane Smith,2023-11-18 21:54:00,2023-11-18 23:58:00,False
5805028000017643101,Nina Scott,2023-11-18 12:20:00,2023-12-02 18:23:00,False
5805028000017646451,Jane Smith,2023-11-18 17:39:00,2024-01-19 17:44:00,False
5805028000017646572,Nina Scott,2023-11-18 20:19:00,2024-02-16 14:42:00,False
5805028000017646690,Nina Scott,2023-11-18 21:50:00,2023-11-22 21:33:00,False
5805028000017654519,Nina Scott,2023-11-18 19:47:00,2024-05-28 19:54:00,False
5805028000017656219,Rachel White,2023-11-18 17:20:00,2023-11-18 19:22:00,False
5805028000017657426,Mason Roberts,2023-11-18 17:41:00,2023-11-18 19:42:00,False
5805028000017659260,Mason Roberts,2023-11-18 17:09:00,2023-11-18 19:12:00,False
5805028000017705460,Ulysses Adams,2023-11-19 16:11:00,2023-11-21 15:03:00,False
5805028000017705797,Paula Underwood,2023-11-19 21:28:00,2024-02-08 17:50:00,False
5805028000017706361,Mason Roberts,2023-11-19 15:40:00,2023-11-21 12:05:00,False
5805028000017707038,Ulysses Adams,2023-11-19 08:19:00,2024-06-08 21:04:00,False
5805028000017707631,Mason Roberts,2023-11-19 20:08:00,2023-11-19 22:10:00,False
5805028000017707771,Rachel White,2023-11-19 21:58:00,2023-11-20 00:00:00,False
5805028000017707796,Victor Barnes,2023-11-19 22:34:00,2024-01-19 14:43:00,False
5805028000017725523,Rachel White,2023-11-19 18:04:00,2023-11-19 20:04:00,False
5805028000017729070,Mason Roberts,2023-11-19 09:23:00,2024-06-05 22:04:00,False
5805028000017729755,Ulysses Adams,2023-11-19 21:13:00,2023-11-23 17:56:00,False
5805028000017733266,Julia Nelson,2023-11-19 11:46:00,2024-04-13 15:08:00,False
5805028000017738439,Ulysses Adams,2023-11-19 17:23:00,2023-11-20 13:13:00,False
5805028000017738823,Mason Roberts,2023-11-19 22:52:00,2023-11-20 00:55:00,False
5805028000017746083,Julia Nelson,2023-11-19 10:27:00,2024-04-20 08:17:00,False
5805028000017746152,Mason Roberts,2023-11-19 11:01:00,2024-04-22 12:18:00,False
5805028000017747870,Rachel White,2023-11-19 21:15:00,2023-11-19 23:15:00,False
5805028000017753123,Quincy Vincent,2023-11-19 10:15:00,2023-11-30 12:49:00,False
5805028000017756471,Julia Nelson,2023-11-19 15:55:00,2023-11-22 20:05:00,False
5805028000017827335,Julia Nelson,2023-11-20 08:21:00,2023-11-20 10:22:00,False
5805028000017837213,Charlie Davis,2023-11-20 11:40:00,2023-11-20 13:49:00,False
5805028000017839280,Diana Evans,2023-11-20 12:45:00,2023-11-20 14:48:00,False
5805028000017893708,Julia Nelson,2023-11-20 17:51:00,2024-03-23 17:12:00,False
5805028000017893944,Nina Scott,2023-11-20 21:16:00,2024-05-02 21:41:00,False
5805028000017898351,Nina Scott,2023-11-20 16:32:00,2023-12-07 17:12:00,False
5805028000017915511,Ulysses Adams,2023-11-20 19:33:00,2024-01-24 11:40:00,False
5805028000017917002,Ian Miller,2023-11-20 13:00:00,2023-11-21 13:20:00,False
5805028000017918386,Julia Nelson,2023-11-20 19:19:00,2023-12-11 15:59:00,False
5805028000017921187,Ulysses Adams,2023-11-20 16:18:00,2023-11-24 12:40:00,False
5805028000017925504,Julia Nelson,2023-11-20 17:06:00,2023-11-22 18:17:00,False
5805028000017925790,Paula Underwood,2023-11-20 20:36:00,2023-12-02 09:06:00,False
5805028000017928485,Julia Nelson,2023-11-20 16:49:00,2023-11-20 18:49:00,False
5805028000017930711,Diana Evans,2023-11-20 20:41:00,2023-11-22 20:36:00,False
5805028000017939146,Diana Evans,2023-11-20 16:06:00,2023-11-20 18:09:00,False
5805028000017949112,Julia Nelson,2023-11-20 14:54:00,2023-11-24 07:52:00,False
5805028000017950522,Diana Evans,2023-11-20 19:09:00,2023-11-20 21:10:00,False
5805028000017960616,Paula Underwood,2023-11-20 17:15:00,2024-01-05 13:55:00,False
5805028000018036007,Ulysses Adams,2023-11-21 06:43:00,2024-01-12 18:59:00,False
5805028000018059172,Nina Scott,2023-11-21 12:13:00,2023-11-21 14:14:00,False
5805028000018082077,Nina Scott,2023-11-21 10:52:00,2023-11-21 12:53:00,False
5805028000018146537,Charlie Davis,2023-11-21 18:07:00,2023-11-21 20:10:00,False
5805028000018148830,Nina Scott,2023-11-21 22:22:00,2023-11-28 22:27:00,False
5805028000018152940,Julia Nelson,2023-11-21 21:22:00,2023-11-21 23:26:00,False
5805028000018154673,Charlie Davis,2023-11-21 16:57:00,2023-11-21 18:29:00,False
5805028000018156284,Diana Evans,2023-11-21 15:42:00,2023-11-21 17:45:00,False
5805028000018156349,Julia Nelson,2023-11-21 15:56:00,2023-11-21 18:00:00,False
5805028000018156648,Nina Scott,2023-11-21 17:32:00,2023-11-29 16:55:00,False
5805028000018157629,Nina Scott,2023-11-21 17:32:00,2023-11-21 19:35:00,False
5805028000018159374,Diana Evans,2023-11-21 14:47:00,2023-11-22 12:22:00,False
5805028000018159652,Charlie Davis,2023-11-21 17:11:00,2023-11-30 16:00:00,False
5805028000018163285,Charlie Davis,2023-11-21 14:49:00,2023-11-21 16:50:00,False
5805028000018229106,Diana Evans,2023-11-21 23:04:00,2023-11-22 01:06:00,False
5805028000018241135,Julia Nelson,2023-11-22 03:02:00,2023-11-22 05:02:00,False
5805028000018253079,Julia Nelson,2023-11-22 02:12:00,2023-11-22 04:17:00,False
5805028000018309225,Nina Scott,2023-11-22 11:21:00,2023-11-24 13:44:00,False
5805028000018316132,Julia Nelson,2023-11-22 10:26:00,2023-11-22 12:29:00,False
5805028000018408794,Paula Underwood,2023-11-23 13:03:00,2023-11-25 13:25:00,False
5805028000018416243,Julia Nelson,2023-11-22 17:50:00,2023-11-22 19:50:00,False
5805028000018423649,Nina Scott,2023-11-22 21:33:00,2023-12-01 09:21:00,False
5805028000018428397,Nina Scott,2023-11-22 19:13:00,2024-06-18 09:03:00,False
5805028000018523007,Paula Underwood,2023-11-23 12:12:00,2023-11-24 13:56:00,False
5805028000018523155,Nina Scott,2023-11-23 14:15:00,2023-11-24 15:26:00,False
5805028000018555345,Paula Underwood,2023-11-23 20:44:00,2023-11-25 12:28:00,False
5805028000018565375,Nina Scott,2023-11-23 20:32:00,2023-11-29 07:27:00,False
5805028000018573494,Paula Underwood,2023-11-23 22:52:00,2023-11-24 00:56:00,False
5805028000018580046,Nina Scott,2023-11-23 16:20:00,2023-11-23 18:20:00,False
5805028000018580201,Diana Evans,2023-11-23 17:40:00,2023-11-24 13:56:00,False
5805028000018580408,Julia Nelson,2023-11-23 20:06:00,2023-11-28 13:35:00,False
5805028000018580540,Charlie Davis,2023-11-23 21:05:00,2023-11-29 17:37:00,False
5805028000018583531,Paula Underwood,2023-11-23 23:20:00,2023-11-24 01:21:00,False
5805028000018583738,Paula Underwood,2023-11-24 12:33:00,2023-11-24 14:34:00,False
5805028000018692370,Charlie Davis,2023-11-25 11:16:00,2024-04-15 19:45:00,False
5805028000018695201,Paula Underwood,2023-11-25 00:24:00,2023-12-07 16:06:00,False
5805028000018695246,Paula Underwood,2023-11-25 08:00:00,2023-11-25 08:06:00,False
5805028000018695477,Charlie Davis,2023-11-25 16:06:00,2023-11-25 17:22:00,False
5805028000018700468,Charlie Davis,2023-11-25 22:12:00,2023-11-25 22:14:00,False
5805028000018704498,Charlie Davis,2023-11-26 00:27:00,2023-11-26 00:27:00,False
5805028000018706062,Nina Scott,2023-11-24 19:50:00,2023-11-24 20:06:00,False
5805028000018716003,Charlie Davis,2023-11-24 21:11:00,2023-11-27 14:16:00,False
5805028000018719284,Paula Underwood,2023-11-25 23:02:00,2023-11-25 23:10:00,False
5805028000018757128,Paula Underwood,2023-11-26 14:24:00,2023-11-26 14:25:00,False
5805028000018758079,Paula Underwood,2023-11-26 12:58:00,2023-11-26 13:11:00,False
5805028000018758574,Diana Evans,2023-11-27 17:28:00,2023-11-27 17:37:00,False
5805028000018758841,Ulysses Adams,2023-11-28 00:05:00,2024-02-14 12:57:00,False
5805028000018771096,Paula Underwood,2023-11-26 12:10:00,2024-01-17 02:01:00,False
5805028000018774819,Ulysses Adams,2023-11-27 19:36:00,2024-02-15 20:13:00,False
5805028000018799188,Paula Underwood,2023-11-26 18:03:00,2023-11-26 18:21:00,False
5805028000018811232,Paula Underwood,2023-11-26 21:52:00,2024-01-12 10:17:00,False
5805028000018811437,Julia Nelson,2023-11-27 14:59:00,2023-11-28 16:27:00,False
5805028000018811695,Ulysses Adams,2023-11-27 20:20:00,2024-01-15 17:56:00,False
5805028000018815246,Paula Underwood,2023-11-26 17:43:00,2024-03-19 02:41:00,False
5805028000018821222,Paula Underwood,2023-11-26 20:51:00,2023-11-26 21:00:00,False
5805028000018821259,Ulysses Adams,2023-11-26 22:19:00,2024-04-11 20:36:00,False
5805028000018821786,Julia Nelson,2023-11-27 19:38:00,2023-11-28 10:00:00,False
5805028000018822518,Paula Underwood,2023-11-27 16:14:00,2024-06-09 23:06:00,False
5805028000018952496,Charlie Davis,2023-11-28 19:03:00,2024-04-09 19:08:00,False
5805028000018961523,Julia Nelson,2023-11-29 08:43:00,2023-12-04 18:43:00,False
5805028000018983666,Charlie Davis,2023-11-29 10:23:00,2023-11-29 10:23:00,False
5805028000018983828,Ian Miller,2023-11-29 13:18:00,2024-04-07 19:37:00,False
5805028000018991530,Ulysses Adams,2023-11-29 10:39:00,2023-11-29 10:41:00,False
5805028000018993759,Quincy Vincent,2023-11-29 05:57:00,2023-11-29 05:58:00,False
5805028000019000303,Charlie Davis,2023-11-28 20:02:00,2023-11-28 20:02:00,False
5805028000019078953,Ulysses Adams,2023-11-30 07:58:00,2023-12-01 13:34:00,False
5805028000019105342,Quincy Vincent,2023-11-29 17:13:00,2023-11-29 22:08:00,False
5805028000019105488,Charlie Davis,2023-11-29 21:08:00,2023-11-29 21:08:00,False
5805028000019112283,Diana Evans,2023-11-29 21:19:00,2023-11-29 21:19:00,False
5805028000019118185,Charlie Davis,2023-11-29 17:20:00,2023-11-29 17:34:00,False
5805028000019150072,Julia Nelson,2023-11-29 19:57:00,2023-11-29 20:08:00,False
5805028000019277340,Paula Underwood,2023-11-30 19:34:00,2023-12-05 17:11:00,False
5805028000019298409,Ian Miller,2023-11-30 22:18:00,2023-12-14 13:59:00,False
5805028000019307329,Charlie Davis,2023-12-01 07:34:00,2024-04-04 19:06:00,False
5805028000019321079,Diana Evans,2023-11-30 18:35:00,2023-11-30 20:37:00,False
5805028000019332001,Julia Nelson,2023-11-30 15:49:00,2023-11-30 17:52:00,False
5805028000019407799,Charlie Davis,2023-12-02 11:51:00,2024-06-18 02:12:00,False
5805028000019410072,Paula Underwood,2023-12-01 11:02:00,2023-12-01 13:06:00,False
5805028000019420803,Paula Underwood,2023-12-02 10:41:00,2024-06-16 17:47:00,False
5805028000019429613,Charlie Davis,2023-12-02 00:27:00,2024-02-15 15:42:00,False
5805028000019430168,Paula Underwood,2023-12-01 12:59:00,2024-03-28 15:54:00,False
5805028000019430990,Charlie Davis,2023-12-02 18:52:00,2023-12-02 20:52:00,False
5805028000019432583,Quincy Vincent,2023-12-01 20:59:00,2023-12-04 11:18:00,False
5805028000019434414,Quincy Vincent,2023-12-01 18:07:00,2023-12-01 20:12:00,False
5805028000019434907,Julia Nelson,2023-12-03 02:48:00,2023-12-03 04:49:00,False
5805028000019438619,Charlie Davis,2023-12-02 14:53:00,2024-06-13 10:08:00,False
5805028000019458430,Charlie Davis,2023-12-01 18:32:00,2023-12-01 20:32:00,False
5805028000019539111,Quincy Vincent,2023-12-02 20:59:00,2023-12-04 11:18:00,False
5805028000019608861,Paula Underwood,2023-12-04 22:24:00,2024-03-26 10:46:00,False
5805028000019612808,Ulysses Adams,2023-12-04 20:11:00,2023-12-05 11:34:00,False
5805028000019617682,Ulysses Adams,2023-12-04 20:51:00,2023-12-11 09:40:00,False
5805028000019620231,Julia Nelson,2023-12-04 10:29:00,2023-12-04 12:29:00,False
5805028000019623507,Ian Miller,2023-12-04 17:12:00,2024-01-15 15:24:00,False
5805028000019623839,Nina Scott,2023-12-04 23:26:00,2023-12-05 01:26:00,False
5805028000019627816,Ulysses Adams,2023-12-05 10:57:00,2024-03-08 18:19:00,False
5805028000019629158,Quincy Vincent,2023-12-03 23:04:00,2023-12-13 18:46:00,False
5805028000019725662,Paula Underwood,2023-12-06 07:44:00,2023-12-08 00:03:00,False
5805028000019732274,Charlie Davis,2023-12-05 14:00:00,2023-12-05 15:23:00,False
5805028000019736278,Nina Scott,2023-12-05 17:15:00,2024-06-12 12:07:00,False
5805028000019750398,Paula Underwood,2023-12-05 13:13:00,2023-12-05 15:14:00,False
5805028000019753736,Julia Nelson,2023-12-06 09:37:00,2024-02-25 16:30:00,False
5805028000019757295,Charlie Davis,2023-12-05 16:29:00,2023-12-06 15:11:00,False
5805028000019758057,Charlie Davis,2023-12-05 12:27:00,2023-12-05 14:29:00,False
5805028000019769330,Rachel White,2023-12-05 18:45:00,2023-12-05 20:46:00,False
5805028000019772429,Paula Underwood,2023-12-06 01:06:00,2023-12-06 03:07:00,False
5805028000019804254,Ulysses Adams,2023-12-06 14:09:00,2024-01-15 19:26:00,False
5805028000019904148,Paula Underwood,2023-12-06 16:26:00,2024-04-24 09:06:00,False
5805028000019914726,Nina Scott,2023-12-06 21:34:00,2023-12-12 17:34:00,False
5805028000019919415,Ulysses Adams,2023-12-06 18:33:00,2023-12-11 19:34:00,False
5805028000019919627,Ian Miller,2023-12-06 21:59:00,2023-12-14 22:19:00,False
5805028000019922058,Nina Scott,2023-12-06 15:10:00,2023-12-06 17:10:00,False
5805028000019924343,Paula Underwood,2023-12-06 19:29:00,2023-12-06 21:31:00,False
5805028000019929688,Julia Nelson,2023-12-06 22:28:00,2024-02-14 12:39:00,False
5805028000019951406,Diana Evans,2023-12-06 21:28:00,2023-12-07 09:44:00,False
5805028000019986004,Paula Underwood,2023-12-07 09:08:00,2023-12-07 15:41:00,False
5805028000020017001,Paula Underwood,2023-12-06 19:40:00,2024-06-07 13:03:00,False
5805028000020141494,Charlie Davis,2023-12-07 22:09:00,2024-02-18 19:54:00,False
5805028000020146475,Rachel White,2023-12-07 18:59:00,2023-12-07 21:07:00,False
5805028000020150102,Julia Nelson,2023-12-07 13:07:00,2023-12-07 16:43:00,False
5805028000020158185,Charlie Davis,2023-12-07 18:58:00,2023-12-07 21:07:00,False
5805028000020159167,Charlie Davis,2023-12-07 15:25:00,2024-01-26 14:34:00,False
5805028000020162345,Paula Underwood,2023-12-07 20:17:00,2023-12-08 11:25:00,False
5805028000020282533,Paula Underwood,2023-12-08 14:41:00,2023-12-15 09:18:00,False
5805028000020283276,Nina Scott,2023-12-08 13:51:00,2023-12-08 15:54:00,False
5805028000020293740,Charlie Davis,2023-12-08 16:44:00,2023-12-08 18:45:00,False
5805028000020305964,Ulysses Adams,2023-12-08 18:53:00,2023-12-11 19:06:00,False
5805028000020309712,Paula Underwood,2023-12-08 18:25:00,2023-12-14 12:43:00,False
5805028000020311574,Rachel White,2023-12-08 16:00:00,2023-12-08 18:00:00,False
5805028000020315018,Ulysses Adams,2023-12-08 07:51:00,2024-02-08 11:43:00,False
5805028000020315108,Charlie Davis,2023-12-08 10:25:00,2023-12-08 12:28:00,False
5805028000020315182,Diana Evans,2023-12-08 10:45:00,2023-12-08 12:49:00,False
5805028000020315320,Julia Nelson,2023-12-08 13:04:00,2024-01-23 16:31:00,False
5805028000020322243,Ulysses Adams,2023-12-08 13:05:00,2024-02-15 19:53:00,False
5805028000020322674,Ulysses Adams,2023-12-08 18:44:00,2024-03-20 11:17:00,False
5805028000020325381,Charlie Davis,2023-12-08 14:25:00,2023-12-08 16:29:00,False
5805028000020325459,Paula Underwood,2023-12-08 15:02:00,2023-12-29 16:33:00,False
5805028000020334424,Charlie Davis,2023-12-08 15:07:00,2023-12-18 22:27:00,False
5805028000020412181,Charlie Davis,2023-12-08 18:29:00,2023-12-08 20:30:00,False
5805028000020431055,Paula Underwood,2023-12-09 00:06:00,2024-02-24 18:11:00,False
5805028000020442414,Paula Underwood,2023-12-09 16:49:00,2024-03-18 11:30:00,False
5805028000020442769,Julia Nelson,2023-12-10 11:52:00,2023-12-10 14:03:00,False
5805028000020443760,Julia Nelson,2023-12-10 09:20:00,2023-12-10 11:24:00,False
5805028000020444001,Paula Underwood,2023-12-09 07:45:00,2023-12-10 10:39:00,False
5805028000020444829,Quincy Vincent,2023-12-10 09:28:00,2023-12-10 13:36:00,False
5805028000020448826,Julia Nelson,2023-12-10 11:48:00,2023-12-16 11:45:00,False
5805028000020451567,Nina Scott,2023-12-09 17:54:00,2023-12-14 20:15:00,False
5805028000020452572,Julia Nelson,2023-12-09 22:23:00,2024-04-14 13:16:00,False
5805028000020462894,Julia Nelson,2023-12-10 17:05:00,2024-05-30 06:55:00,False
5805028000020463821,Quincy Vincent,2023-12-10 12:29:00,2024-02-01 18:48:00,False
5805028000020464530,Victor Barnes,2023-12-09 21:41:00,2024-01-13 22:21:00,False
5805028000020475001,Nina Scott,2023-12-09 08:08:00,2023-12-09 10:08:00,False
5805028000020475577,Quincy Vincent,2023-12-10 01:25:00,2024-01-14 02:43:00,False
5805028000020478041,Nina Scott,2023-12-09 09:51:00,2023-12-09 11:53:00,False
5805028000020487667,Victor Barnes,2023-12-09 20:59:00,2024-06-15 21:18:00,False
5805028000020491907,Julia Nelson,2023-12-10 09:36:00,2024-02-15 20:42:00,False
5805028000020545112,Julia Nelson,2023-12-11 03:41:00,2023-12-11 05:43:00,False
5805028000020572249,Amy Green,2023-12-10 15:26:00,2024-02-21 13:04:00,False
5805028000020574140,Julia Nelson,2023-12-10 13:14:00,2023-12-12 18:46:00,False
5805028000020574364,Julia Nelson,2023-12-10 16:14:00,2023-12-14 19:15:00,False
5805028000020574778,Ian Miller,2023-12-11 06:56:00,2023-12-12 10:39:00,False
5805028000020583036,Quincy Vincent,2023-12-10 16:36:00,2023-12-10 18:40:00,False
5805028000020583465,Julia Nelson,2023-12-10 23:18:00,2023-12-11 01:22:00,False
5805028000020586170,Quincy Vincent,2023-12-10 16:17:00,2023-12-10 16:20:00,False
5805028000020588491,Ulysses Adams,2023-12-10 22:21:00,2024-02-15 20:32:00,False
5805028000020588594,Diana Evans,2023-12-10 23:13:00,2023-12-11 01:17:00,False
5805028000020589358,Julia Nelson,2023-12-11 07:46:00,2023-12-11 09:49:00,False
5805028000020590169,Ian Miller,2023-12-10 19:00:00,2024-04-25 23:19:00,False
5805028000020597133,Quincy Vincent,2023-12-10 20:57:00,2023-12-10 21:05:00,False
5805028000020597206,Julia Nelson,2023-12-10 22:22:00,2024-06-17 19:55:00,False
5805028000020633057,Rachel White,2023-12-11 08:53:00,2023-12-11 10:54:00,False
5805028000020642076,Ulysses Adams,2023-12-11 11:47:00,2024-03-28 20:06:00,False
5805028000020643062,Ian Miller,2023-12-11 10:41:00,2023-12-14 11:24:00,False
5805028000020658172,Rachel White,2023-12-11 12:32:00,2023-12-11 14:35:00,False
5805028000020740523,Charlie Davis,2023-12-11 23:24:00,2023-12-12 01:27:00,False
5805028000020740723,Julia Nelson,2023-12-12 06:23:00,2024-06-13 20:37:00,False
5805028000020743088,Ian Miller,2023-12-11 14:04:00,2023-12-11 16:05:00,False
5805028000020743167,Diana Evans,2023-12-11 14:05:00,2023-12-11 16:05:00,False
5805028000020766740,Victor Barnes,2023-12-12 09:20:00,2024-01-11 13:12:00,False
5805028000020770529,Julia Nelson,2023-12-12 08:27:00,2023-12-19 11:56:00,False
5805028000020771658,Victor Barnes,2023-12-12 07:11:00,2024-04-13 00:02:00,False
5805028000020773949,Ulysses Adams,2023-12-12 09:24:00,2023-12-12 13:06:00,False
5805028000020773981,Charlie Davis,2023-12-12 09:25:00,2024-04-17 20:31:00,False
5805028000020775217,Quincy Vincent,2023-12-11 17:00:00,2023-12-20 17:34:00,False
5805028000020930234,Charlie Davis,2023-12-12 14:01:00,2023-12-12 16:07:00,False
5805028000020949351,Charlie Davis,2023-12-12 13:26:00,2023-12-12 15:30:00,False
5805028000020952029,Nina Scott,2023-12-12 11:56:00,2023-12-12 14:00:00,False
5805028000020969259,Victor Barnes,2023-12-12 13:09:00,2024-01-03 12:53:00,False
5805028000021049508,Nina Scott,2023-12-12 20:23:00,2024-05-13 13:32:00,False
5805028000021061487,Nina Scott,2023-12-12 20:37:00,2023-12-12 22:42:00,False
5805028000021062363,Charlie Davis,2023-12-12 20:13:00,2023-12-12 22:16:00,False
5805028000021062552,Victor Barnes,2023-12-13 09:05:00,2024-01-18 12:54:00,False
5805028000021064666,Nina Scott,2023-12-13 10:05:00,2023-12-13 12:09:00,False
5805028000021065899,Charlie Davis,2023-12-13 07:21:00,2023-12-13 09:24:00,False
5805028000021066247,Ian Miller,2023-12-12 16:27:00,2024-06-12 12:07:00,False
5805028000021085467,Nina Scott,2023-12-12 20:04:00,2024-02-09 15:40:00,False
5805028000021088001,Rachel White,2023-12-12 14:50:00,2023-12-12 16:50:00,False
5805028000021115680,Nina Scott,2023-12-12 22:18:00,2023-12-13 00:22:00,False
5805028000021192277,Ulysses Adams,2023-12-13 13:53:00,2023-12-13 14:44:00,False
5805028000021204145,Charlie Davis,2023-12-13 14:45:00,2024-01-18 16:23:00,False
5805028000021236184,Diana Evans,2023-12-13 17:03:00,2023-12-13 19:06:00,False
5805028000021250041,Paula Underwood,2023-12-13 15:55:00,2023-12-17 13:40:00,False
5805028000021261280,Ulysses Adams,2023-12-13 22:12:00,2023-12-14 00:12:00,False
5805028000021261799,Ulysses Adams,2023-12-14 14:53:00,2023-12-15 13:16:00,False
5805028000021263599,Victor Barnes,2023-12-14 08:30:00,2024-04-09 09:56:00,False
5805028000021263687,Victor Barnes,2023-12-14 11:02:00,2024-02-20 16:16:00,False
5805028000021266370,Quincy Vincent,2023-12-13 22:20:00,2023-12-14 13:52:00,False
5805028000021266636,Ulysses Adams,2023-12-14 09:20:00,2024-03-16 09:07:00,False
5805028000021269660,Victor Barnes,2023-12-13 22:21:00,2023-12-14 00:22:00,False
5805028000021372341,Paula Underwood,2023-12-14 15:02:00,2023-12-18 12:21:00,False
5805028000021401153,Paula Underwood,2023-12-14 17:52:00,2023-12-14 20:44:00,False
5805028000021407418,Paula Underwood,2023-12-14 22:58:00,2023-12-15 10:52:00,False
5805028000021413090,Paula Underwood,2023-12-14 18:03:00,2023-12-18 14:29:00,False
5805028000021415431,Quincy Vincent,2023-12-15 00:09:00,2023-12-15 18:20:00,False
5805028000021439001,Victor Barnes,2023-12-14 16:20:00,2024-03-14 21:55:00,False
5805028000021453368,Ulysses Adams,2023-12-14 20:21:00,2024-05-31 13:52:00,False
5805028000021535589,Sam Young,2023-12-15 19:18:00,2023-12-15 21:21:00,False
5805028000021538901,Nina Scott,2023-12-16 21:48:00,2023-12-16 22:09:00,False
5805028000021542177,Quincy Vincent,2023-12-15 11:20:00,2024-03-21 10:57:00,False
5805028000021542848,Julia Nelson,2023-12-16 09:11:00,2023-12-16 11:14:00,False
5805028000021567713,Julia Nelson,2023-12-16 07:29:00,2023-12-16 14:55:00,False
5805028000021567745,Paula Underwood,2023-12-16 09:57:00,2023-12-16 17:49:00,False
5805028000021572197,Victor Barnes,2023-12-15 12:56:00,2023-12-15 15:00:00,False
5805028000021583634,Victor Barnes,2023-12-15 17:22:00,2023-12-15 19:26:00,False
5805028000021592848,Paula Underwood,2023-12-16 10:58:00,2024-03-24 00:05:00,False
5805028000021594290,Charlie Davis,2023-12-15 12:07:00,2023-12-15 14:10:00,False
5805028000021594870,Ian Miller,2023-12-16 12:31:00,2023-12-21 14:19:00,False
5805028000021601001,Ian Miller,2023-12-15 10:18:00,2024-02-02 16:20:00,False
5805028000021601774,Ulysses Adams,2023-12-16 08:29:00,2023-12-16 11:34:00,False
5805028000021685798,Paula Underwood,2023-12-16 16:13:00,2023-12-16 18:16:00,False
5805028000021692068,Nina Scott,2023-12-16 14:11:00,2023-12-16 15:41:00,False
5805028000021692499,Quincy Vincent,2023-12-17 08:45:00,2023-12-18 11:40:00,False
5805028000021694290,Victor Barnes,2023-12-16 22:39:00,2024-02-07 19:14:00,False
5805028000021694805,Quincy Vincent,2023-12-17 22:19:00,2024-04-16 16:39:00,False
5805028000021705227,Victor Barnes,2023-12-17 08:55:00,2024-05-07 08:28:00,False
5805028000021705259,Quincy Vincent,2023-12-17 09:15:00,2023-12-17 15:03:00,False
5805028000021705433,Victor Barnes,2023-12-17 18:16:00,2023-12-17 20:17:00,False
5805028000021705682,Nina Scott,2023-12-18 00:54:00,2023-12-18 02:58:00,False
5805028000021707121,Paula Underwood,2023-12-16 17:45:00,2024-04-06 11:07:00,False
5805028000021760036,Julia Nelson,2023-12-18 00:08:00,2023-12-18 00:08:00,False
5805028000021815043,Victor Barnes,2023-12-18 11:41:00,2024-05-07 09:29:00,False
5805028000021879086,Victor Barnes,2023-12-18 13:21:00,2024-04-24 16:05:00,False
5805028000021888202,Victor Barnes,2023-12-18 18:22:00,2024-04-11 21:32:00,False
5805028000021898436,Ulysses Adams,2023-12-18 21:41:00,2023-12-18 23:42:00,False
5805028000021898509,Ulysses Adams,2023-12-19 07:12:00,2023-12-19 07:47:00,False
5805028000021906609,Quincy Vincent,2023-12-19 02:23:00,2023-12-19 04:28:00,False
5805028000021923364,Julia Nelson,2023-12-18 21:54:00,2024-01-03 13:09:00,False
5805028000022002297,Julia Nelson,2023-12-19 13:44:00,2024-03-15 12:08:00,False
5805028000022010334,Quincy Vincent,2023-12-19 14:07:00,2023-12-23 13:52:00,False
5805028000022017001,Julia Nelson,2023-12-19 09:26:00,2024-04-14 15:04:00,False
5805028000022017155,Quincy Vincent,2023-12-19 13:42:00,2024-01-17 20:30:00,False
5805028000022017201,Ulysses Adams,2023-12-19 14:13:00,2023-12-19 16:16:00,False
5805028000022039084,Ulysses Adams,2023-12-19 12:11:00,2023-12-19 20:25:00,False
5805028000022041160,Nina Scott,2023-12-19 13:27:00,2024-04-21 07:51:00,False
5805028000022123625,Julia Nelson,2023-12-19 22:47:00,2023-12-20 00:48:00,False
5805028000022126142,Paula Underwood,2023-12-19 15:46:00,2023-12-19 17:46:00,False
5805028000022130365,Nina Scott,2023-12-19 20:47:00,2023-12-19 22:47:00,False
5805028000022130437,Victor Barnes,2023-12-19 22:03:00,2024-05-20 14:07:00,False
5805028000022145304,Paula Underwood,2023-12-19 18:01:00,2023-12-19 20:02:00,False
5805028000022149595,Ian Miller,2023-12-19 20:45:00,2023-12-20 10:58:00,False
5805028000022152134,Nina Scott,2023-12-19 15:33:00,2024-04-15 16:27:00,False
5805028000022158627,Paula Underwood,2023-12-19 20:30:00,2023-12-21 12:51:00,False
5805028000022192042,Quincy Vincent,2023-12-19 17:08:00,2024-01-02 18:51:00,False
5805028000022248442,Nina Scott,2023-12-20 13:59:00,2023-12-21 11:49:00,False
5805028000022250509,Quincy Vincent,2023-12-20 16:35:00,2023-12-21 12:01:00,False
5805028000022303437,Quincy Vincent,2023-12-20 14:25:00,2024-01-16 19:12:00,False
5805028000022310029,Paula Underwood,2023-12-20 12:59:00,2024-01-19 19:25:00,False
5805028000022387222,Julia Nelson,2023-12-20 21:17:00,2023-12-20 23:17:00,False
5805028000022396353,Victor Barnes,2023-12-21 00:40:00,2023-12-21 00:45:00,False
5805028000022424013,Julia Nelson,2023-12-20 17:11:00,2024-02-02 16:55:00,False
5805028000022428046,Nina Scott,2023-12-20 17:20:00,2024-04-10 18:40:00,False
5805028000022490013,Ulysses Adams,2023-12-21 08:52:00,2024-03-13 17:19:00,False
5805028000022490538,Amy Green,2023-12-21 16:59:00,2024-05-15 14:24:00,False
5805028000022494286,Julia Nelson,2023-12-21 13:35:00,2023-12-23 20:20:00,False
5805028000022497449,Paula Underwood,2023-12-21 17:26:00,2023-12-21 19:26:00,False
5805028000022524164,Ulysses Adams,2023-12-21 12:02:00,2024-04-10 19:34:00,False
5805028000022630001,Julia Nelson,2023-12-21 17:43:00,2023-12-22 02:16:00,False
5805028000022636021,Victor Barnes,2023-12-21 19:23:00,2023-12-22 07:04:00,False
5805028000022641224,Paula Underwood,2023-12-22 07:23:00,2023-12-22 07:46:00,False
5805028000022673119,Paula Underwood,2023-12-21 19:57:00,2024-04-16 19:32:00,False
5805028000022682203,Paula Underwood,2023-12-22 00:32:00,2023-12-22 02:33:00,False
5805028000022682403,Nina Scott,2023-12-22 10:46:00,2024-02-07 17:11:00,False
5805028000022785013,Julia Nelson,2023-12-22 15:55:00,2023-12-28 14:51:00,False
5805028000022786060,Rachel White,2023-12-22 16:21:00,2023-12-22 18:21:00,False
5805028000022805199,Nina Scott,2023-12-22 21:47:00,2024-06-20 09:11:00,False
5805028000022805266,Quincy Vincent,2023-12-22 22:08:00,2023-12-23 20:56:00,False
5805028000022920131,Victor Barnes,2023-12-24 00:31:00,2024-02-21 18:58:00,False
5805028000022921784,Julia Nelson,2023-12-25 12:28:00,2024-06-18 21:11:00,False
5805028000022932245,Victor Barnes,2023-12-24 09:00:00,2023-12-24 11:04:00,False
5805028000022945582,Victor Barnes,2023-12-24 17:28:00,2024-04-04 11:35:00,False
5805028000022948146,Victor Barnes,2023-12-24 06:36:00,2024-01-02 09:24:00,False
5805028000022951626,Victor Barnes,2023-12-25 08:39:00,2024-05-09 19:13:00,False
5805028000022951811,Julia Nelson,2023-12-25 14:12:00,2023-12-25 16:13:00,False
5805028000022954337,Victor Barnes,2023-12-24 10:50:00,2024-04-12 02:48:00,False
5805028000022956541,Ian Miller,2023-12-24 13:34:00,2023-12-24 15:38:00,False
5805028000023033133,Julia Nelson,2023-12-25 02:23:00,2023-12-25 04:26:00,False
5805028000023036240,Victor Barnes,2023-12-25 14:40:00,2024-02-02 07:02:00,False
5805028000023041634,Victor Barnes,2023-12-26 11:03:00,2023-12-26 13:08:00,False
5805028000023046357,Quincy Vincent,2023-12-26 05:05:00,2023-12-26 07:06:00,False
5805028000023051156,Julia Nelson,2023-12-25 15:11:00,2023-12-25 15:24:00,False
5805028000023058055,Rachel White,2023-12-25 18:58:00,2023-12-25 21:05:00,False
5805028000023076045,Quincy Vincent,2023-12-26 05:48:00,2023-12-26 07:51:00,False
5805028000023181003,Victor Barnes,2023-12-26 14:45:00,2023-12-26 16:48:00,False
5805028000023187013,Julia Nelson,2023-12-26 14:54:00,2023-12-27 17:59:00,False
5805028000023272522,Paula Underwood,2023-12-27 20:14:00,2024-06-01 18:43:00,False
5805028000023276021,Victor Barnes,2023-12-27 10:06:00,2023-12-27 12:07:00,False
5805028000023276496,Paula Underwood,2023-12-27 17:03:00,2023-12-27 19:04:00,False
5805028000023277001,Nina Scott,2023-12-27 06:36:00,2024-04-12 11:50:00,False
5805028000023302022,Julia Nelson,2023-12-27 09:43:00,2024-02-15 20:32:00,False
5805028000023302373,Nina Scott,2023-12-27 14:39:00,2024-03-23 15:45:00,False
5805028000023303079,Nina Scott,2023-12-27 09:55:00,2023-12-27 11:57:00,False
5805028000023303340,Ian Miller,2023-12-27 15:02:00,2023-12-27 16:50:00,False
5805028000023318540,Ulysses Adams,2023-12-27 18:58:00,2023-12-28 10:43:00,False
5805028000023335600,Ulysses Adams,2023-12-27 21:16:00,2024-03-18 08:37:00,False
5805028000023339560,Julia Nelson,2023-12-27 18:10:00,2024-02-14 14:20:00,False
5805028000023498212,Julia Nelson,2023-12-28 13:42:00,2023-12-29 11:51:00,False
5805028000023503455,Julia Nelson,2023-12-28 16:35:00,2023-12-30 12:29:00,False
5805028000023508030,Julia Nelson,2023-12-28 09:48:00,2024-04-16 18:19:00,False
5805028000023517594,Paula Underwood,2023-12-29 01:46:00,2023-12-29 03:50:00,False
5805028000023526170,Ulysses Adams,2023-12-28 14:07:00,2023-12-29 14:46:00,False
5805028000023543006,Ian Miller,2023-12-28 09:53:00,2023-12-28 10:26:00,False
5805028000023544260,Paula Underwood,2023-12-28 14:30:00,2023-12-28 16:33:00,False
5805028000023686189,Paula Underwood,2023-12-29 12:42:00,2024-01-19 14:38:00,False
5805028000023693146,Ulysses Adams,2023-12-29 13:38:00,2023-12-29 20:33:00,False
5805028000023705060,Quincy Vincent,2023-12-29 12:05:00,2024-03-05 23:44:00,False
5805028000023761295,Nina Scott,2023-12-30 02:53:00,2023-12-30 04:55:00,False
5805028000023853996,Nina Scott,2024-01-02 10:24:00,2024-01-02 10:47:00,False
5805028000023854468,Rachel White,2024-01-01 13:41:00,2024-05-24 08:36:00,False
5805028000023863270,Charlie Davis,2023-12-30 18:28:00,2024-01-05 19:59:00,False
5805028000023863482,Paula Underwood,2023-12-31 21:31:00,2024-01-05 19:21:00,False
5805028000023872391,Nina Scott,2023-12-31 12:55:00,2024-06-12 15:00:00,False
5805028000023872548,Charlie Davis,2024-01-01 20:38:00,2024-01-09 12:40:00,False
5805028000023883193,Paula Underwood,2023-12-30 13:51:00,2023-12-30 15:53:00,False
5805028000023883467,Paula Underwood,2024-01-01 06:00:00,2024-01-02 14:44:00,False
5805028000023887130,Ian Miller,2023-12-30 14:14:00,2024-04-16 18:23:00,False
5805028000023888364,Rachel White,2023-12-31 13:39:00,2024-03-25 16:38:00,False
5805028000023888789,Nina Scott,2024-01-02 10:50:00,2024-03-15 21:35:00,False
5805028000023895535,Rachel White,2024-01-01 11:10:00,2024-01-03 12:14:00,False
5805028000023903349,Charlie Davis,2024-01-01 10:42:00,2024-01-12 20:40:00,False
5805028000023903525,Nina Scott,2024-01-02 01:33:00,2024-01-02 03:36:00,False
5805028000023905227,Rachel White,2023-12-31 07:11:00,2024-04-11 21:42:00,False
5805028000023905321,Rachel White,2024-01-01 09:05:00,2024-01-01 21:49:00,False
5805028000023907244,Nina Scott,2023-12-30 19:36:00,2024-01-02 17:34:00,False
5805028000023907313,Victor Barnes,2023-12-31 10:34:00,2024-01-31 15:13:00,False
5805028000024033155,Charlie Davis,2024-01-02 18:42:00,2024-01-02 19:23:00,False
5805028000024034004,Paula Underwood,2024-01-02 15:19:00,2024-04-17 00:21:00,False
5805028000024041126,Charlie Davis,2024-01-02 16:36:00,2024-01-02 18:40:00,False
5805028000024148626,Ulysses Adams,2024-01-03 18:31:00,2024-01-04 09:18:00,False
5805028000024157352,Paula Underwood,2024-01-03 16:10:00,2024-01-15 21:39:00,False
5805028000024157419,Paula Underwood,2024-01-03 16:27:00,2024-01-03 18:30:00,False
5805028000024158646,Charlie Davis,2024-01-03 22:43:00,2024-06-17 19:57:00,False
5805028000024188543,Julia Nelson,2024-01-03 18:45:00,2024-01-12 19:28:00,False
5805028000024191848,Victor Barnes,2024-01-03 22:41:00,2024-01-12 18:28:00,False
5805028000024195789,Ulysses Adams,2024-01-04 00:24:00,2024-01-22 17:50:00,False
5805028000024196099,Ulysses Adams,2024-01-03 12:54:00,2024-01-03 14:55:00,False
5805028000024283002,Charlie Davis,2024-01-03 21:13:00,2024-06-11 12:35:00,False
5805028000024290010,Charlie Davis,2024-01-03 23:50:00,2024-01-04 01:52:00,False
5805028000024296179,Paula Underwood,2024-01-04 13:03:00,2024-01-19 14:47:00,False
5805028000024346130,Nina Scott,2024-01-04 16:48:00,2024-01-04 18:47:00,False
5805028000024352032,Ian Miller,2024-01-04 16:01:00,2024-04-17 00:39:00,False
5805028000024359387,Charlie Davis,2024-01-04 21:07:00,2024-01-04 23:12:00,False
5805028000024369400,Charlie Davis,2024-01-04 20:29:00,2024-01-04 21:05:00,False
5805028000024391553,Charlie Davis,2024-01-05 02:01:00,2024-01-09 16:21:00,False
5805028000024502945,Julia Nelson,2024-01-07 10:13:00,2024-03-14 18:02:00,False
5805028000024503077,Ulysses Adams,2024-01-05 14:37:00,2024-01-05 17:15:00,False
5805028000024508636,Charlie Davis,2024-01-06 10:26:00,2024-01-06 12:29:00,False
5805028000024513834,Julia Nelson,2024-01-07 09:14:00,2024-01-07 11:14:00,False
5805028000024515310,Charlie Davis,2024-01-05 20:08:00,2024-01-08 17:37:00,False
5805028000024527952,Julia Nelson,2024-01-07 06:29:00,2024-01-07 06:30:00,False
5805028000024532473,Paula Underwood,2024-01-06 05:58:00,2024-01-06 07:58:00,False
5805028000024533812,Julia Nelson,2024-01-07 12:26:00,2024-01-12 17:41:00,False
5805028000024546656,Victor Barnes,2024-01-06 20:47:00,2024-02-07 14:10:00,False
5805028000024558524,Paula Underwood,2024-01-06 11:37:00,2024-02-28 21:48:00,False
5805028000024640350,Victor Barnes,2024-01-07 18:59:00,2024-02-19 12:43:00,False
5805028000024643260,Julia Nelson,2024-01-07 18:32:00,2024-06-12 20:08:00,False
5805028000024649120,Julia Nelson,2024-01-07 14:43:00,2024-01-08 18:40:00,False
5805028000024655121,Julia Nelson,2024-01-07 19:33:00,2024-01-07 21:36:00,False
5805028000024655218,Julia Nelson,2024-01-08 00:25:00,2024-06-18 13:28:00,False
5805028000024657261,Ulysses Adams,2024-01-08 02:05:00,2024-01-08 04:08:00,False
5805028000024664069,Ulysses Adams,2024-01-07 17:24:00,2024-06-11 23:07:00,False
5805028000024709067,Victor Barnes,2024-01-08 11:07:00,2024-02-14 23:42:00,False
5805028000024714042,Quincy Vincent,2024-01-08 07:21:00,2024-01-09 20:05:00,False
5805028000024772001,Victor Barnes,2024-01-08 10:50:00,2024-04-15 22:13:00,False
5805028000024796054,Ulysses Adams,2024-01-08 13:24:00,2024-01-08 15:25:00,False
5805028000024879654,Ulysses Adams,2024-01-08 20:16:00,2024-02-19 20:44:00,False
5805028000024880527,Quincy Vincent,2024-01-08 21:39:00,2024-04-20 12:17:00,False
5805028000024883668,Ulysses Adams,2024-01-08 20:56:00,2024-04-14 09:01:00,False
5805028000025018030,Ulysses Adams,2024-01-09 10:16:00,2024-01-16 10:45:00,False
5805028000025058077,Ben Hall,2024-01-09 10:52:00,2024-05-11 10:39:00,False
5805028000025121037,Julia Nelson,2024-01-09 13:38:00,2024-04-19 12:53:00,False
5805028000025122035,Ulysses Adams,2024-01-09 13:38:00,2024-01-18 13:53:00,False
5805028000025189171,Julia Nelson,2024-01-09 18:13:00,2024-01-09 20:17:00,False
5805028000025202255,Charlie Davis,2024-01-09 19:01:00,2024-01-09 21:02:00,False
5805028000025202328,Paula Underwood,2024-01-09 21:48:00,2024-05-13 15:56:00,False
5805028000025291287,Paula Underwood,2024-01-10 13:36:00,2024-01-10 15:41:00,False
5805028000025291935,Paula Underwood,2024-01-10 19:22:00,2024-01-10 21:22:00,False
5805028000025297476,Paula Underwood,2024-01-10 17:36:00,2024-01-25 03:25:00,False
5805028000025303001,Charlie Davis,2024-01-10 08:05:00,2024-02-07 08:14:00,False
5805028000025310987,Victor Barnes,2024-01-10 22:55:00,2024-02-21 17:34:00,False
5805028000025325868,Ulysses Adams,2024-01-10 23:11:00,2024-03-12 19:43:00,False
5805028000025338039,Charlie Davis,2024-01-10 10:16:00,2024-06-17 20:12:00,False
5805028000025338076,Nina Scott,2024-01-10 10:37:00,2024-01-10 12:40:00,False
5805028000025424014,Paula Underwood,2024-01-10 20:30:00,2024-02-05 14:02:00,False
5805028000025431271,Rachel White,2024-01-11 11:10:00,2024-01-11 13:10:00,False
5805028000025507055,Julia Nelson,2024-01-11 14:08:00,2024-01-11 16:11:00,False
5805028000025512334,Nina Scott,2024-01-11 17:22:00,2024-01-11 19:26:00,False
5805028000025589408,Ulysses Adams,2024-01-11 23:43:00,2024-04-02 07:37:00,False
5805028000025601444,Charlie Davis,2024-01-11 22:14:00,2024-01-25 10:57:00,False
5805028000025602244,Paula Underwood,2024-01-11 23:02:00,2024-02-07 08:02:00,False
5805028000025619052,Julia Nelson,2024-01-11 18:04:00,2024-06-14 17:11:00,False
5805028000025638566,Charlie Davis,2024-01-12 03:02:00,2024-01-12 05:03:00,False
5805028000025771061,Charlie Davis,2024-01-12 11:04:00,2024-01-15 22:27:00,False
5805028000025813281,Ulysses Adams,2024-01-12 17:54:00,2024-05-13 18:24:00,False
5805028000025813344,Paula Underwood,2024-01-12 18:14:00,2024-01-12 20:16:00,False
5805028000025816948,Nina Scott,2024-01-13 18:58:00,2024-01-13 21:01:00,False
5805028000025817526,Nina Scott,2024-01-12 22:32:00,2024-01-13 00:32:00,False
5805028000025823753,Nina Scott,2024-01-13 12:06:00,2024-04-16 12:40:00,False
5805028000025850763,Paula Underwood,2024-01-13 10:46:00,2024-01-13 12:50:00,False
5805028000025856586,Paula Underwood,2024-01-12 18:45:00,2024-01-12 20:46:00,False
5805028000025961752,Julia Nelson,2024-01-14 12:42:00,2024-02-06 19:11:00,False
5805028000025977233,Nina Scott,2024-01-13 20:17:00,2024-01-13 22:21:00,False
5805028000025977898,Julia Nelson,2024-01-15 10:20:00,2024-01-16 18:15:00,False
5805028000025985493,Quincy Vincent,2024-01-14 18:04:00,2024-01-14 20:57:00,False
5805028000025986282,Quincy Vincent,2024-01-14 00:58:00,2024-01-14 01:01:00,False
5805028000025989617,Julia Nelson,2024-01-14 18:01:00,2024-01-14 20:01:00,False
5805028000026015074,Julia Nelson,2024-01-14 01:58:00,2024-01-15 16:36:00,False
5805028000026033329,Ulysses Adams,2024-01-15 06:01:00,2024-01-15 08:03:00,False
5805028000026035241,Ulysses Adams,2024-01-15 11:16:00,2024-01-22 12:06:00,False
5805028000026041053,Ulysses Adams,2024-01-15 00:46:00,2024-04-16 08:50:00,False
5805028000026042160,Quincy Vincent,2024-01-15 11:57:00,2024-01-29 10:49:00,False
5805028000026053029,Victor Barnes,2024-01-15 11:50:00,2024-06-17 20:50:00,False
5805028000026080446,Ulysses Adams,2024-01-15 20:05:00,2024-01-15 22:06:00,False
5805028000026080729,Nina Scott,2024-01-15 21:31:00,2024-01-15 23:31:00,False
5805028000026126445,Ulysses Adams,2024-01-15 20:10:00,2024-01-15 22:11:00,False
5805028000026126895,Julia Nelson,2024-01-15 22:06:00,2024-01-16 00:06:00,False
5805028000026130607,Ulysses Adams,2024-01-15 20:05:00,2024-01-15 22:06:00,False
5805028000026136977,Charlie Davis,2024-01-15 21:59:00,2024-01-19 13:24:00,False
5805028000026224161,Yara Edwards,2024-01-16 00:55:00,2024-02-03 19:05:00,False
5805028000026228533,Paula Underwood,2024-01-16 13:30:00,2024-02-15 16:47:00,False
5805028000026230703,Quincy Vincent,2024-01-16 11:43:00,2024-01-16 13:44:00,False
5805028000026231803,Quincy Vincent,2024-01-16 16:18:00,2024-01-16 18:20:00,False
5805028000026235210,Julia Nelson,2024-01-16 08:21:00,2024-05-21 11:53:00,False
5805028000026241785,Victor Barnes,2024-01-16 15:46:00,2024-01-30 16:06:00,False
5805028000026242012,Yara Edwards,2024-01-16 07:10:00,2024-05-29 11:22:00,False
5805028000026242084,Nina Scott,2024-01-16 07:44:00,2024-04-17 11:43:00,False
5805028000026249044,Charlie Davis,2024-01-16 07:57:00,2024-03-24 13:28:00,False
5805028000026249111,Paula Underwood,2024-01-16 08:40:00,2024-01-16 10:44:00,False
5805028000026254679,Ulysses Adams,2024-01-16 15:31:00,2024-01-16 17:35:00,False
5805028000026254874,Julia Nelson,2024-01-16 17:50:00,2024-01-16 19:50:00,False
5805028000026258683,Quincy Vincent,2024-01-16 14:36:00,2024-01-16 16:40:00,False
5805028000026301669,Paula Underwood,2024-01-16 22:27:00,2024-01-17 00:31:00,False
5805028000026302509,Paula Underwood,2024-01-16 21:29:00,2024-01-16 23:31:00,False
5805028000026304488,Ulysses Adams,2024-01-16 23:52:00,2024-01-17 11:35:00,False
5805028000026318258,Ulysses Adams,2024-01-17 04:36:00,2024-01-18 17:00:00,False
5805028000026319343,Charlie Davis,2024-01-16 20:50:00,2024-02-23 16:18:00,False
5805028000026336242,Nina Scott,2024-01-17 11:01:00,2024-04-04 13:20:00,False
5805028000026344026,Charlie Davis,2024-01-17 09:48:00,2024-04-17 01:15:00,False
5805028000026410069,Charlie Davis,2024-01-17 14:19:00,2024-02-17 10:44:00,False
5805028000026477103,Rachel White,2024-01-17 16:11:00,2024-01-17 18:15:00,False
5805028000026514080,Rachel White,2024-01-17 16:10:00,2024-05-24 17:38:00,False
5805028000026600204,Quincy Vincent,2024-01-18 09:35:00,2024-04-19 17:00:00,False
5805028000026612076,Charlie Davis,2024-01-18 05:49:00,2024-01-27 16:08:00,False
5805028000026649170,Charlie Davis,2024-01-18 09:56:00,2024-01-18 11:58:00,False
5805028000026728182,Quincy Vincent,2024-01-18 13:31:00,2024-01-23 08:17:00,False
5805028000026734158,Nina Scott,2024-01-18 12:23:00,2024-02-14 17:42:00,False
5805028000026744264,Nina Scott,2024-01-18 14:11:00,2024-02-21 17:33:00,False
5805028000026745218,Nina Scott,2024-01-18 13:24:00,2024-01-18 15:24:00,False
5805028000026749132,Victor Barnes,2024-01-18 13:39:00,2024-01-21 23:30:00,False
5805028000026991242,Ulysses Adams,2024-01-18 22:27:00,2024-02-02 16:54:00,False
5805028000027057061,Paula Underwood,2024-01-19 10:31:00,2024-02-07 20:34:00,False
5805028000027079035,Charlie Davis,2024-01-19 10:37:00,2024-01-19 17:59:00,False
5805028000027194364,Nina Scott,2024-01-19 18:38:00,2024-04-17 08:54:00,False
5805028000027197242,Paula Underwood,2024-01-19 16:11:00,2024-01-19 17:36:00,False
5805028000027199302,Paula Underwood,2024-01-19 17:13:00,2024-06-14 15:08:00,False
5805028000027208108,Paula Underwood,2024-01-19 15:29:00,2024-04-11 20:19:00,False
5805028000027331104,Nina Scott,2024-01-19 20:00:00,2024-02-08 01:03:00,False
5805028000027338003,Nina Scott,2024-01-19 19:53:00,2024-06-09 01:05:00,False
5805028000027394247,Paula Underwood,2024-01-20 10:59:00,2024-04-12 08:58:00,False
5805028000027427115,Charlie Davis,2024-01-20 01:03:00,2024-03-18 13:08:00,False
5805028000027427817,Nina Scott,2024-01-20 20:39:00,2024-01-20 22:40:00,False
5805028000027430193,Charlie Davis,2024-01-20 07:40:00,2024-01-20 07:43:00,False
5805028000027431939,Victor Barnes,2024-01-21 11:42:00,2024-01-21 13:43:00,False
5805028000027446812,Quincy Vincent,2024-01-21 17:10:00,2024-02-20 20:28:00,False
5805028000027451001,Paula Underwood,2024-01-19 21:46:00,2024-01-19 23:51:00,False
5805028000027546521,Quincy Vincent,2024-01-21 20:40:00,2024-02-03 14:08:00,False
5805028000027562394,Yara Edwards,2024-01-22 07:16:00,2024-01-30 14:48:00,False
5805028000027605038,Julia Nelson,2024-01-22 09:31:00,2024-01-22 11:41:00,False
5805028000027703274,Victor Barnes,2024-01-22 16:55:00,2024-01-23 10:10:00,False
5805028000027706535,Julia Nelson,2024-01-22 20:24:00,2024-05-20 10:24:00,False
5805028000027714096,Quincy Vincent,2024-01-22 15:30:00,2024-01-28 19:07:00,False
5805028000027735133,Quincy Vincent,2024-01-22 17:02:00,2024-01-22 19:04:00,False
5805028000027735302,Ulysses Adams,2024-01-22 19:00:00,2024-06-19 16:53:00,False
5805028000027735677,Paula Underwood,2024-01-22 23:24:00,2024-01-23 01:25:00,False
5805028000027735760,Amy Green,2024-01-23 05:44:00,2024-02-26 19:54:00,False
5805028000027751732,Quincy Vincent,2024-01-22 21:42:00,2024-02-15 20:08:00,False
5805028000027755941,Quincy Vincent,2024-01-23 09:15:00,2024-01-23 11:18:00,False
5805028000027839017,Nina Scott,2024-01-23 09:42:00,2024-01-29 10:49:00,False
5805028000027845012,Ulysses Adams,2024-01-23 09:21:00,2024-02-20 14:35:00,False
5805028000027861303,Paula Underwood,2024-01-23 15:29:00,2024-01-23 17:34:00,False
5805028000027892213,Quincy Vincent,2024-01-23 13:31:00,2024-01-25 11:57:00,False
5805028000027906194,Nina Scott,2024-01-23 13:27:00,2024-01-23 15:28:00,False
5805028000027908278,Charlie Davis,2024-01-23 13:35:00,2024-03-14 09:30:00,False
5805028000027986054,Paula Underwood,2024-01-23 18:22:00,2024-01-24 17:26:00,False
5805028000028002386,Charlie Davis,2024-01-24 10:00:00,2024-01-24 12:02:00,False
5805028000028005170,Julia Nelson,2024-01-23 21:25:00,2024-01-23 23:30:00,False
5805028000028005256,Julia Nelson,2024-01-24 09:38:00,2024-02-26 15:11:00,False
5805028000028006930,Paula Underwood,2024-01-24 19:01:00,2024-04-16 21:17:00,False
5805028000028014414,Ulysses Adams,2024-01-24 12:02:00,2024-06-17 16:10:00,False
5805028000028018628,Nina Scott,2024-01-24 13:49:00,2024-02-02 07:55:00,False
5805028000028019092,Paula Underwood,2024-01-23 21:51:00,2024-01-23 23:38:00,False
5805028000028021878,Victor Barnes,2024-01-24 16:05:00,2024-06-16 19:05:00,False
5805028000028022776,Ulysses Adams,2024-01-24 16:01:00,2024-04-20 05:45:00,False
5805028000028022895,Quincy Vincent,2024-01-24 18:04:00,2024-01-24 20:09:00,False
5805028000028042083,Charlie Davis,2024-01-23 20:29:00,2024-06-06 19:04:00,False
5805028000028042529,Nina Scott,2024-01-24 14:34:00,2024-02-07 19:08:00,False
5805028000028138713,Victor Barnes,2024-01-25 08:40:00,2024-01-25 10:42:00,False
5805028000028142600,Ulysses Adams,2024-01-25 11:46:00,2024-01-25 11:57:00,False
5805028000028144267,Yara Edwards,2024-01-24 20:55:00,2024-05-16 20:00:00,False
5805028000028154757,Charlie Davis,2024-01-25 12:23:00,2024-04-26 12:09:00,False
5805028000028156144,Paula Underwood,2024-01-24 19:27:00,2024-01-24 21:29:00,False
5805028000028163165,Paula Underwood,2024-01-24 20:37:00,2024-04-05 12:35:00,False
5805028000028228603,Victor Barnes,2024-01-25 20:02:00,2024-01-25 22:04:00,False
5805028000028235742,Charlie Davis,2024-01-26 00:58:00,2024-03-14 17:09:00,False
5805028000028281442,Julia Nelson,2024-01-25 19:35:00,2024-02-21 16:03:00,False
5805028000028292027,Charlie Davis,2024-01-25 22:45:00,2024-03-15 07:47:00,False
5805028000028300053,Charlie Davis,2024-01-25 16:29:00,2024-02-14 13:20:00,False
5805028000028302322,Julia Nelson,2024-01-25 19:04:00,2024-01-25 21:04:00,False
5805028000028339228,Charlie Davis,2024-01-25 22:43:00,2024-01-26 00:45:00,False
5805028000028401769,Nina Scott,2024-01-26 19:52:00,2024-01-26 21:54:00,False
5805028000028410341,Ulysses Adams,2024-01-26 14:48:00,2024-02-08 19:41:00,False
5805028000028411531,Rachel White,2024-01-26 15:45:00,2024-01-26 17:48:00,False
5805028000028427538,Quincy Vincent,2024-01-26 17:05:00,2024-01-26 19:08:00,False
5805028000028436226,Quincy Vincent,2024-01-26 15:52:00,2024-06-13 21:08:00,False
5805028000028437096,Victor Barnes,2024-01-26 14:43:00,2024-01-26 16:43:00,False
5805028000028469251,Charlie Davis,2024-01-26 16:06:00,2024-01-26 17:40:00,False
5805028000028469729,Nina Scott,2024-01-26 21:51:00,2024-04-29 15:23:00,False
5805028000028527354,Nina Scott,2024-01-26 20:35:00,2024-04-17 16:42:00,False
5805028000028527561,Nina Scott,2024-01-27 00:14:00,2024-04-12 22:14:00,False
5805028000028536339,Nina Scott,2024-01-26 23:15:00,2024-01-27 01:20:00,False
5805028000028538883,Victor Barnes,2024-01-27 21:44:00,2024-01-29 10:16:00,False
5805028000028540255,Charlie Davis,2024-01-27 08:57:00,2024-01-27 18:13:00,False
5805028000028540319,Amy Green,2024-01-27 09:36:00,2024-02-02 19:07:00,False
5805028000028542534,Nina Scott,2024-01-27 19:05:00,2024-01-27 19:24:00,False
5805028000028542846,Victor Barnes,2024-01-28 11:01:00,2024-03-14 19:55:00,False
5805028000028545340,Charlie Davis,2024-01-27 11:38:00,2024-02-06 13:27:00,False
5805028000028545845,Julia Nelson,2024-01-28 10:20:00,2024-03-10 12:44:00,False
5805028000028547923,Amy Green,2024-01-28 10:46:00,2024-02-02 18:35:00,False
5805028000028549180,Nina Scott,2024-01-27 01:29:00,2024-01-27 02:34:00,False
5805028000028549510,Amy Green,2024-01-27 17:05:00,2024-01-29 15:37:00,False
5805028000028560052,Nina Scott,2024-01-27 07:44:00,2024-01-27 07:53:00,False
5805028000028593912,Amy Green,2024-01-28 22:14:00,2024-02-29 12:02:00,False
5805028000028600516,Ulysses Adams,2024-01-29 00:50:00,2024-04-11 05:43:00,False
5805028000028601268,Victor Barnes,2024-01-28 18:28:00,2024-01-28 20:29:00,False
5805028000028603191,Julia Nelson,2024-01-28 15:02:00,2024-01-28 17:03:00,False
5805028000028618002,Quincy Vincent,2024-01-28 15:49:00,2024-02-01 15:44:00,False
5805028000028740032,Ulysses Adams,2024-01-29 12:55:00,2024-01-29 14:58:00,False
5805028000028748621,Amy Green,2024-01-29 18:21:00,2024-01-29 20:24:00,False
5805028000028763587,Paula Underwood,2024-01-29 23:37:00,2024-01-30 01:40:00,False
5805028000028768648,Ulysses Adams,2024-01-29 21:25:00,2024-02-16 13:43:00,False
5805028000028777666,Quincy Vincent,2024-01-30 01:31:00,2024-01-30 01:37:00,False
5805028000028862345,Paula Underwood,2024-01-30 13:02:00,2024-04-27 12:29:00,False
5805028000028873341,Nina Scott,2024-01-30 13:01:00,2024-01-30 15:03:00,False
5805028000028886300,Ulysses Adams,2024-01-30 12:31:00,2024-03-18 17:14:00,False
5805028000029006244,Amy Green,2024-01-30 17:33:00,2024-01-30 19:34:00,False
5805028000029099001,Paula Underwood,2024-01-30 17:50:00,2024-03-27 09:50:00,False
5805028000029108336,Quincy Vincent,2024-01-31 00:03:00,2024-01-31 16:39:00,False
5805028000029108399,Paula Underwood,2024-01-31 06:53:00,2024-04-17 11:15:00,False
5805028000029130156,Ben Hall,2024-01-30 21:05:00,2024-06-14 01:18:00,False
5805028000029138167,Paula Underwood,2024-01-30 21:24:00,2024-02-14 13:57:00,False
5805028000029151008,Quincy Vincent,2024-01-30 18:50:00,2024-04-22 06:04:00,False
5805028000029153131,Charlie Davis,2024-01-30 20:27:00,2024-01-30 21:10:00,False
5805028000029205090,Ben Hall,2024-01-31 06:47:00,2024-05-07 18:21:00,False
5805028000029239515,Ulysses Adams,2024-01-31 14:18:00,2024-02-26 15:58:00,False
5805028000029239573,Quincy Vincent,2024-01-31 14:43:00,2024-01-31 16:48:00,False
5805028000029243135,Charlie Davis,2024-01-31 11:18:00,2024-04-13 13:12:00,False
5805028000029243394,Victor Barnes,2024-01-31 14:09:00,2024-01-31 16:13:00,False
5805028000029269362,Nina Scott,2024-01-31 14:27:00,2024-02-01 18:40:00,False
5805028000029283334,Amy Green,2024-01-31 14:43:00,2024-01-31 18:36:00,False
5805028000029367800,Paula Underwood,2024-02-01 11:10:00,2024-06-09 16:06:00,False
5805028000029380030,Quincy Vincent,2024-01-31 16:02:00,2024-01-31 18:04:00,False
5805028000029397650,Charlie Davis,2024-02-01 10:06:00,2024-02-01 10:07:00,False
5805028000029405591,Amy Green,2024-02-01 09:55:00,2024-02-26 22:19:00,False
5805028000029411515,Charlie Davis,2024-02-01 02:25:00,2024-02-01 04:25:00,False
5805028000029555446,Nina Scott,2024-02-01 16:47:00,2024-02-01 17:00:00,False
5805028000029557016,Paula Underwood,2024-02-01 11:50:00,2024-02-07 16:01:00,False
5805028000029558810,Ben Hall,2024-02-01 20:41:00,2024-02-01 21:32:00,False
5805028000029560357,Julia Nelson,2024-02-01 16:10:00,2024-02-01 18:13:00,False
5805028000029560598,Julia Nelson,2024-02-01 18:44:00,2024-02-06 17:52:00,False
5805028000029573465,Yara Edwards,2024-02-01 17:38:00,2024-02-01 19:38:00,False
5805028000029660580,Ian Miller,2024-02-01 18:28:00,2024-04-02 12:56:00,False
5805028000029716109,Paula Underwood,2024-02-01 23:22:00,2024-02-02 15:37:00,False
5805028000029724021,Nina Scott,2024-02-01 23:13:00,2024-02-02 01:15:00,False
5805028000029724190,Paula Underwood,2024-02-02 10:04:00,2024-02-27 14:26:00,False
5805028000029771063,Paula Underwood,2024-02-02 11:55:00,2024-02-14 09:41:00,False
5805028000029777401,Amy Green,2024-02-02 16:45:00,2024-02-02 18:48:00,False
5805028000029782013,Amy Green,2024-02-02 11:23:00,2024-02-02 13:27:00,False
5805028000029802149,Charlie Davis,2024-02-02 12:35:00,2024-02-19 11:50:00,False
5805028000029903927,Charlie Davis,2024-02-03 17:44:00,2024-02-03 19:48:00,False
5805028000029935160,Charlie Davis,2024-02-02 21:48:00,2024-02-02 23:49:00,False
5805028000029936663,Paula Underwood,2024-02-03 18:48:00,2024-04-12 00:02:00,False
5805028000029936853,Julia Nelson,2024-02-04 05:22:00,2024-02-04 07:25:00,False
5805028000029937990,Victor Barnes,2024-02-04 10:54:00,2024-02-18 16:28:00,False
5805028000029941080,Victor Barnes,2024-02-02 20:33:00,2024-04-11 19:56:00,False
5805028000029943763,Nina Scott,2024-02-03 19:51:00,2024-06-05 23:29:00,False
5805028000029952510,Ben Hall,2024-02-03 13:04:00,2024-04-15 22:59:00,False
5805028000030056922,Amy Green,2024-02-04 21:31:00,2024-04-24 03:19:00,False
5805028000030075856,Quincy Vincent,2024-02-04 21:15:00,2024-06-10 23:06:00,False
5805028000030078206,Yara Edwards,2024-02-04 12:34:00,2024-02-04 14:37:00,False
5805028000030079004,Nina Scott,2024-02-04 07:07:00,2024-02-08 20:07:00,False
5805028000030081605,Victor Barnes,2024-02-04 17:10:00,2024-02-20 12:19:00,False
5805028000030085797,Yara Edwards,2024-02-04 19:30:00,2024-02-04 21:34:00,False
5805028000030133886,Victor Barnes,2024-02-05 20:51:00,2024-02-05 22:54:00,False
5805028000030137292,Amy Green,2024-02-05 12:34:00,2024-02-05 14:37:00,False
5805028000030143280,Victor Barnes,2024-02-05 12:36:00,2024-04-29 19:28:00,False
5805028000030143643,Julia Nelson,2024-02-05 16:02:00,2024-02-05 18:03:00,False
5805028000030146819,Charlie Davis,2024-02-05 21:03:00,2024-06-14 19:23:00,False
5805028000030163124,Julia Nelson,2024-02-05 12:37:00,2024-02-14 11:01:00,False
5805028000030163904,Paula Underwood,2024-02-06 05:50:00,2024-04-16 17:14:00,False
5805028000030165138,Quincy Vincent,2024-02-05 13:24:00,2024-02-05 15:28:00,False
5805028000030169494,Julia Nelson,2024-02-05 23:03:00,2024-02-07 19:02:00,False
5805028000030170257,Victor Barnes,2024-02-05 15:34:00,2024-02-05 17:38:00,False
5805028000030173453,Paula Underwood,2024-02-05 21:19:00,2024-04-11 19:58:00,False
5805028000030210015,Yara Edwards,2024-02-06 01:35:00,2024-02-08 21:35:00,False
5805028000030280370,Yara Edwards,2024-02-06 14:10:00,2024-02-06 15:36:00,False
5805028000030355154,Nina Scott,2024-02-06 17:25:00,2024-02-06 19:28:00,False
5805028000030460560,Quincy Vincent,2024-02-07 15:02:00,2024-02-07 17:03:00,False
5805028000030466257,Charlie Davis,2024-02-06 21:38:00,2024-02-06 23:39:00,False
5805028000030468161,Charlie Davis,2024-02-07 06:20:00,2024-05-14 14:15:00,False
5805028000030468523,Ben Hall,2024-02-07 11:49:00,2024-02-07 13:52:00,False
5805028000030472661,Nina Scott,2024-02-07 14:17:00,2024-02-14 17:42:00,False
5805028000030480094,Zachary Foster,2024-02-07 11:53:00,2024-03-15 12:02:00,False
5805028000030487775,Ben Hall,2024-02-07 15:05:00,2024-02-27 16:14:00,False
5805028000030488013,Paula Underwood,2024-02-06 18:24:00,2024-02-06 20:29:00,False
5805028000030611029,Charlie Davis,2024-02-07 16:18:00,2024-02-07 18:18:00,False
5805028000030626215,Paula Underwood,2024-02-07 17:32:00,2024-02-07 19:33:00,False
5805028000030641380,Quincy Vincent,2024-02-07 18:41:00,2024-02-08 17:37:00,False
5805028000030646220,Amy Green,2024-02-07 17:26:00,2024-06-01 18:42:00,False
5805028000030660098,Victor Barnes,2024-02-07 17:27:00,2024-02-13 21:41:00,False
5805028000030744293,Charlie Davis,2024-02-07 22:09:00,2024-02-08 00:09:00,False
5805028000030746361,Ben Hall,2024-02-07 22:05:00,2024-02-08 00:09:00,False
5805028000030763083,Paula Underwood,2024-02-07 19:29:00,2024-04-12 00:10:00,False
5805028000030831549,Charlie Davis,2024-02-08 13:04:00,2024-02-08 16:14:00,False
5805028000030833516,Amy Green,2024-02-08 11:43:00,2024-02-08 15:57:00,False
5805028000030836957,Yara Edwards,2024-02-08 14:19:00,2024-02-08 15:47:00,False
5805028000030851699,Paula Underwood,2024-02-08 15:22:00,2024-03-13 21:05:00,False
5805028000030869559,Ulysses Adams,2024-02-08 13:04:00,2024-02-08 15:08:00,False
5805028000030876075,Victor Barnes,2024-02-08 09:18:00,2024-02-08 11:22:00,False
5805028000030876758,Nina Scott,2024-02-08 13:05:00,2024-02-08 15:08:00,False
5805028000030883122,Paula Underwood,2024-02-08 11:20:00,2024-02-15 02:42:00,False
5805028000030894744,Ben Hall,2024-02-08 15:34:00,2024-02-08 17:38:00,False
5805028000030970135,Ulysses Adams,2024-02-08 15:02:00,2024-02-08 17:03:00,False
5805028000030980435,Ben Hall,2024-02-09 01:57:00,2024-06-13 17:08:00,False
5805028000031007228,Yara Edwards,2024-02-09 05:31:00,2024-03-15 13:26:00,False
5805028000031022070,Yara Edwards,2024-02-09 00:26:00,2024-06-10 22:06:00,False
5805028000031072166,Ulysses Adams,2024-02-09 13:55:00,2024-06-07 09:04:00,False
5805028000031077461,Nina Scott,2024-02-09 14:18:00,2024-02-09 16:23:00,False
5805028000031278052,Paula Underwood,2024-02-09 21:53:00,2024-05-26 00:00:00,False
5805028000031340013,Nina Scott,2024-02-10 07:14:00,2024-02-17 11:16:00,False
5805028000031354113,Nina Scott,2024-02-10 14:30:00,2024-04-16 22:33:00,False
5805028000031354357,Yara Edwards,2024-02-11 03:51:00,2024-04-11 22:02:00,False
5805028000031354796,Quincy Vincent,2024-02-11 23:08:00,2024-02-18 20:18:00,False
5805028000031354976,Quincy Vincent,2024-02-12 12:37:00,2024-03-05 12:08:00,False
5805028000031371971,Ben Hall,2024-02-12 01:36:00,2024-02-21 16:18:00,False
5805028000031374241,Yara Edwards,2024-02-10 23:13:00,2024-02-11 12:18:00,False
5805028000031383079,Ben Hall,2024-02-10 14:46:00,2024-02-13 12:29:00,False
5805028000031383429,Yara Edwards,2024-02-11 16:43:00,2024-02-11 19:11:00,False
5805028000031383659,Ulysses Adams,2024-02-12 01:13:00,2024-02-12 14:31:00,False
5805028000031393274,Victor Barnes,2024-02-10 20:59:00,2024-02-12 10:08:00,False
5805028000031478029,Amy Green,2024-02-12 07:43:00,2024-04-14 01:07:00,False
5805028000031498555,Yara Edwards,2024-02-13 08:19:00,2024-02-13 12:52:00,False
5805028000031509418,Ulysses Adams,2024-02-12 22:05:00,2024-02-13 00:10:00,False
5805028000031527116,Ulysses Adams,2024-02-12 14:49:00,2024-02-15 19:49:00,False
5805028000031675111,Nina Scott,2024-02-13 12:25:00,2024-02-13 12:44:00,False
5805028000031682209,Nina Scott,2024-02-13 14:41:00,2024-02-13 16:43:00,False
5805028000031687220,Charlie Davis,2024-02-13 14:24:00,2024-02-15 19:18:00,False
5805028000031738191,Charlie Davis,2024-02-13 18:14:00,2024-02-13 20:14:00,False
5805028000031738858,Charlie Davis,2024-02-14 12:54:00,2024-04-19 19:17:00,False
5805028000031751662,Charlie Davis,2024-02-14 11:14:00,2024-02-23 12:41:00,False
5805028000031764759,Amy Green,2024-02-14 13:44:00,2024-02-16 18:43:00,False
5805028000031769535,Amy Green,2024-02-14 09:50:00,2024-02-14 13:21:00,False
5805028000031791151,Paula Underwood,2024-02-13 21:49:00,2024-02-13 23:50:00,False
5805028000031970016,Nina Scott,2024-02-14 15:39:00,2024-02-26 19:29:00,False
5805028000031986152,Charlie Davis,2024-02-14 18:02:00,2024-03-17 03:46:00,False
5805028000032064169,Yara Edwards,2024-02-14 21:59:00,2024-02-15 14:26:00,False
5805028000032073700,Charlie Davis,2024-02-15 16:36:00,2024-02-15 18:40:00,False
5805028000032277130,Julia Nelson,2024-02-15 20:50:00,2024-03-26 12:56:00,False
5805028000032303316,Yara Edwards,2024-02-16 07:34:00,2024-03-06 13:50:00,False
5805028000032413100,Ben Hall,2024-02-16 15:27:00,2024-02-22 00:45:00,False
5805028000032528288,Paula Underwood,2024-02-16 21:59:00,2024-02-17 00:00:00,False
5805028000032528593,Paula Underwood,2024-02-17 17:43:00,2024-04-18 19:04:00,False
5805028000032528771,Nina Scott,2024-02-17 20:44:00,2024-02-17 22:45:00,False
5805028000032539965,Quincy Vincent,2024-02-18 12:09:00,2024-02-18 22:25:00,False
5805028000032541747,Charlie Davis,2024-02-17 18:17:00,2024-02-21 15:13:00,False
5805028000032565393,Ben Hall,2024-02-17 11:01:00,2024-03-04 18:06:00,False
5805028000032566259,Charlie Davis,2024-02-16 22:59:00,2024-02-17 19:13:00,False
5805028000032569128,Amy Green,2024-02-16 18:53:00,2024-02-20 11:01:00,False
5805028000032576117,Ulysses Adams,2024-02-16 20:34:00,2024-02-21 14:41:00,False
5805028000032576794,Quincy Vincent,2024-02-18 21:50:00,2024-02-18 23:55:00,False
5805028000032578108,Amy Green,2024-02-16 18:09:00,2024-04-17 09:32:00,False
5805028000032578918,Victor Barnes,2024-02-18 07:49:00,2024-02-18 09:52:00,False
5805028000032616047,Quincy Vincent,2024-02-18 19:54:00,2024-02-18 21:55:00,False
5805028000032684151,Quincy Vincent,2024-02-18 15:09:00,2024-02-18 17:14:00,False
5805028000032690241,Quincy Vincent,2024-02-18 20:06:00,2024-02-18 22:10:00,False
5805028000032701078,Quincy Vincent,2024-02-18 19:57:00,2024-02-27 11:19:00,False
5805028000032729013,Victor Barnes,2024-02-19 09:36:00,2024-02-19 11:37:00,False
5805028000032759616,Ulysses Adams,2024-02-19 13:38:00,2024-02-19 15:43:00,False
5805028000032773100,Victor Barnes,2024-02-19 10:01:00,2024-02-19 12:03:00,False
5805028000032773231,Victor Barnes,2024-02-19 10:19:00,2024-02-19 12:23:00,False
5805028000032775725,Ulysses Adams,2024-02-19 17:46:00,2024-02-19 17:50:00,False
5805028000032777084,Yara Edwards,2024-02-19 09:47:00,2024-03-22 02:14:00,False
5805028000032777212,Victor Barnes,2024-02-19 10:43:00,2024-02-19 12:43:00,False
5805028000032829003,Ulysses Adams,2024-02-19 10:46:00,2024-03-06 14:45:00,False
5805028000032905220,Ulysses Adams,2024-02-19 21:00:00,2024-02-19 23:00:00,False
5805028000032963053,Amy Green,2024-02-20 09:26:00,2024-02-21 16:59:00,False
5805028000032964170,Ian Miller,2024-02-20 11:48:00,2024-02-27 15:45:00,False
5805028000032975211,Paula Underwood,2024-02-20 12:23:00,2024-02-20 14:23:00,False
5805028000032982062,Victor Barnes,2024-02-20 11:22:00,2024-02-20 13:23:00,False
5805028000033101351,Ben Hall,2024-02-20 20:13:00,2024-02-20 22:14:00,False
5805028000033111085,Charlie Davis,2024-02-20 17:51:00,2024-02-20 19:54:00,False
5805028000033116474,Paula Underwood,2024-02-21 08:40:00,2024-02-21 10:42:00,False
5805028000033117274,Rachel White,2024-02-20 20:18:00,2024-02-20 22:19:00,False
5805028000033122543,Ulysses Adams,2024-02-21 08:28:00,2024-02-21 10:32:00,False
5805028000033127635,Ben Hall,2024-02-21 10:33:00,2024-06-10 11:06:00,False
5805028000033147196,Ben Hall,2024-02-20 19:40:00,2024-02-20 21:44:00,False
5805028000033256144,Ulysses Adams,2024-02-21 14:29:00,2024-03-06 09:59:00,False
5805028000033275994,Yara Edwards,2024-02-22 11:38:00,2024-02-22 13:43:00,False
5805028000033276868,Charlie Davis,2024-02-22 11:58:00,2024-03-06 14:28:00,False
5805028000033287591,Rachel White,2024-02-21 19:51:00,2024-02-21 21:54:00,False
5805028000033288573,Paula Underwood,2024-02-21 19:14:00,2024-03-01 10:07:00,False
5805028000033296461,Paula Underwood,2024-02-21 19:52:00,2024-02-28 19:48:00,False
5805028000033311929,Ben Hall,2024-02-22 14:42:00,2024-02-27 01:10:00,False
5805028000033313739,Paula Underwood,2024-02-22 00:18:00,2024-02-22 00:24:00,False
5805028000033317473,Nina Scott,2024-02-21 16:45:00,2024-03-29 17:39:00,False
5805028000033327044,Ulysses Adams,2024-02-21 15:15:00,2024-02-21 17:18:00,False
5805028000033413110,Nina Scott,2024-02-22 11:15:00,2024-03-01 13:19:00,False
5805028000033422012,Yara Edwards,2024-02-22 10:15:00,2024-06-17 21:21:00,False
5805028000033423831,Paula Underwood,2024-02-22 15:51:00,2024-02-23 14:22:00,False
5805028000033448152,Nina Scott,2024-02-22 16:07:00,2024-02-22 18:08:00,False
5805028000033467046,Ulysses Adams,2024-02-22 15:10:00,2024-02-28 17:35:00,False
5805028000033498053,Ulysses Adams,2024-02-22 16:44:00,2024-02-22 18:44:00,False
5805028000033498754,Ben Hall,2024-02-22 23:57:00,2024-02-23 02:00:00,False
5805028000033498867,Victor Barnes,2024-02-23 06:50:00,2024-02-23 08:51:00,False
5805028000033500423,Ben Hall,2024-02-22 20:11:00,2024-03-05 15:04:00,False
5805028000033501111,Nina Scott,2024-02-22 18:24:00,2024-06-10 09:00:00,False
5805028000033515426,Ben Hall,2024-02-22 20:33:00,2024-02-22 22:34:00,False
5805028000033516249,Ben Hall,2024-02-22 20:17:00,2024-04-23 21:19:00,False
5805028000033528294,Ulysses Adams,2024-02-22 18:18:00,2024-02-26 11:17:00,False
5805028000033659128,Ben Hall,2024-02-23 13:22:00,2024-06-05 21:04:00,False
5805028000033662375,Julia Nelson,2024-02-23 14:03:00,2024-02-23 16:08:00,False
5805028000033666233,Charlie Davis,2024-02-23 12:40:00,2024-05-08 22:38:00,False
5805028000033674083,Charlie Davis,2024-02-23 12:02:00,2024-04-25 22:49:00,False
5805028000033681049,Ulysses Adams,2024-02-23 12:03:00,2024-02-26 12:50:00,False
5805028000033710188,Charlie Davis,2024-02-23 13:50:00,2024-03-05 22:12:00,False
5805028000033773107,Ben Hall,2024-02-23 16:32:00,2024-05-07 01:17:00,False
5805028000033861060,Paula Underwood,2024-02-23 21:34:00,2024-02-23 23:34:00,False
5805028000033863261,Ben Hall,2024-02-24 11:04:00,2024-02-24 13:07:00,False
5805028000033864962,Yara Edwards,2024-02-24 20:45:00,2024-02-25 20:54:00,False
5805028000033866923,Victor Barnes,2024-02-25 00:39:00,2024-03-07 17:59:00,False
5805028000033874269,Julia Nelson,2024-02-24 10:48:00,2024-02-24 12:52:00,False
5805028000033889455,Charlie Davis,2024-02-24 12:29:00,2024-02-27 05:21:00,False
5805028000033890322,Paula Underwood,2024-02-24 10:59:00,2024-02-29 14:13:00,False
5805028000033902092,Yara Edwards,2024-02-24 04:53:00,2024-02-24 14:06:00,False
5805028000033902361,Paula Underwood,2024-02-24 12:34:00,2024-04-25 13:29:00,False
5805028000033912319,Charlie Davis,2024-02-24 11:15:00,2024-02-28 20:44:00,False
5805028000033996089,Julia Nelson,2024-02-24 23:29:00,2024-02-25 12:34:00,False
5805028000034010248,Ulysses Adams,2024-02-25 16:21:00,2024-04-14 22:38:00,False
5805028000034018185,Julia Nelson,2024-02-25 12:00:00,2024-02-25 14:03:00,False
5805028000034025608,Quincy Vincent,2024-02-25 20:18:00,2024-02-25 22:19:00,False
5805028000034033362,Rachel White,2024-02-25 16:51:00,2024-02-25 16:51:00,False
5805028000034033503,Rachel White,2024-02-25 18:17:00,2024-02-25 20:19:00,False
5805028000034034013,Quincy Vincent,2024-02-25 08:03:00,2024-02-25 10:07:00,False
5805028000034058586,Ulysses Adams,2024-02-26 01:02:00,2024-02-29 10:40:00,False
5805028000034158012,Quincy Vincent,2024-02-26 11:23:00,2024-02-26 13:27:00,False
5805028000034209375,Yara Edwards,2024-02-26 19:45:00,2024-02-27 15:30:00,False
5805028000034255267,Amy Green,2024-02-26 18:32:00,2024-02-28 17:24:00,False
5805028000034335016,Charlie Davis,2024-02-26 21:07:00,2024-06-17 20:15:00,False
5805028000034354085,Julia Nelson,2024-02-26 22:12:00,2024-06-13 11:07:00,False
5805028000034431055,Yara Edwards,2024-02-27 08:16:00,2024-02-27 13:29:00,False
5805028000034441132,Nina Scott,2024-02-27 10:23:00,2024-02-27 12:27:00,False
5805028000034473125,Rachel White,2024-02-27 08:45:00,2024-02-27 10:47:00,False
5805028000034603193,Julia Nelson,2024-02-27 17:04:00,2024-04-17 17:58:00,False
5805028000034675335,Charlie Davis,2024-02-28 12:30:00,2024-02-28 14:33:00,False
5805028000034692683,Yara Edwards,2024-02-28 13:05:00,2024-02-28 15:08:00,False
5805028000034693259,Julia Nelson,2024-02-28 09:52:00,2024-03-07 14:59:00,False
5805028000034694613,Charlie Davis,2024-02-28 09:23:00,2024-05-29 11:04:00,False
5805028000034704503,Ian Miller,2024-02-28 11:00:00,2024-02-28 13:02:00,False
5805028000034891589,Ben Hall,2024-02-28 20:19:00,2024-03-24 19:58:00,False
5805028000034891699,Ian Miller,2024-02-28 20:34:00,2024-03-07 10:33:00,False
5805028000034891733,Ulysses Adams,2024-02-28 21:56:00,2024-03-19 18:58:00,False
5805028000034897206,Nina Scott,2024-02-28 18:07:00,2024-02-29 12:57:00,False
5805028000034898024,Ulysses Adams,2024-02-28 15:10:00,2024-02-28 17:13:00,False
5805028000034901446,Julia Nelson,2024-02-28 19:58:00,2024-04-08 15:30:00,False
5805028000034906228,Quincy Vincent,2024-02-28 17:11:00,2024-02-29 14:39:00,False
5805028000034925045,Paula Underwood,2024-02-28 15:43:00,2024-02-28 17:43:00,False
5805028000034928592,Ben Hall,2024-02-29 11:04:00,2024-03-01 09:55:00,False
5805028000034936217,Amy Green,2024-02-28 18:07:00,2024-02-28 19:32:00,False
5805028000035056032,Ulysses Adams,2024-02-29 11:39:00,2024-03-15 11:53:00,False
5805028000035059171,Victor Barnes,2024-02-29 14:13:00,2024-02-29 16:13:00,False
5805028000035065071,Paula Underwood,2024-02-29 13:53:00,2024-03-09 19:52:00,False
5805028000035088015,Ulysses Adams,2024-02-29 14:52:00,2024-04-15 12:02:00,False
5805028000035122182,Victor Barnes,2024-02-29 19:35:00,2024-03-18 00:40:00,False
5805028000035134266,Rachel White,2024-02-29 23:00:00,2024-03-01 01:05:00,False
5805028000035155041,Ulysses Adams,2024-02-29 16:30:00,2024-02-29 18:33:00,False
5805028000035157432,Ulysses Adams,2024-03-01 06:55:00,2024-04-29 13:08:00,False
5805028000035162605,Charlie Davis,2024-03-01 08:49:00,2024-03-01 14:14:00,False
5805028000035164479,Charlie Davis,2024-03-01 01:44:00,2024-05-11 18:39:00,False
5805028000035298001,Charlie Davis,2024-03-01 13:59:00,2024-03-27 18:36:00,False
5805028000035335717,Paula Underwood,2024-03-02 15:40:00,2024-05-22 21:14:00,False
5805028000035351214,Charlie Davis,2024-03-01 19:57:00,2024-03-09 15:25:00,False
5805028000035351969,Quincy Vincent,2024-03-03 00:29:00,2024-04-02 19:56:00,False
5805028000035374402,Ian Miller,2024-03-01 22:25:00,2024-04-03 10:14:00,False
5805028000035375030,Amy Green,2024-03-01 16:12:00,2024-03-01 18:13:00,False
5805028000035375294,Ben Hall,2024-03-01 20:11:00,2024-03-05 14:10:00,False
5805028000035388571,Nina Scott,2024-03-02 18:50:00,2024-04-08 13:52:00,False
5805028000035398471,Charlie Davis,2024-03-02 09:51:00,2024-03-02 09:51:00,False
5805028000035471762,Victor Barnes,2024-03-04 11:48:00,2024-03-10 12:57:00,False
5805028000035483044,Quincy Vincent,2024-03-03 12:08:00,2024-05-24 19:09:00,False
5805028000035483637,Amy Green,2024-03-04 01:25:00,2024-03-04 10:26:00,False
5805028000035493617,Julia Nelson,2024-03-04 12:11:00,2024-03-12 11:18:00,False
5805028000035494044,Quincy Vincent,2024-03-03 13:04:00,2024-03-10 18:06:00,False
5805028000035494714,Quincy Vincent,2024-03-04 11:12:00,2024-05-27 11:22:00,False
5805028000035548883,Rachel White,2024-03-05 13:28:00,2024-03-05 15:28:00,False
5805028000035572234,Amy Green,2024-03-04 19:34:00,2024-03-05 17:05:00,False
5805028000035573682,Charlie Davis,2024-03-05 11:19:00,2024-03-20 16:07:00,False
5805028000035580129,Yara Edwards,2024-03-04 17:22:00,2024-03-06 21:49:00,False
5805028000035587392,Ulysses Adams,2024-03-04 20:37:00,2024-03-04 22:39:00,False
5805028000035594871,Charlie Davis,2024-03-05 12:42:00,2024-03-13 18:03:00,False
5805028000035595227,Ulysses Adams,2024-03-04 19:29:00,2024-03-04 21:29:00,False
5805028000035595446,Ulysses Adams,2024-03-04 21:09:00,2024-03-04 21:31:00,False
5805028000035602409,Ben Hall,2024-03-05 00:09:00,2024-03-05 02:10:00,False
5805028000035602743,Julia Nelson,2024-03-05 11:42:00,2024-04-11 20:53:00,False
5805028000035616435,Ben Hall,2024-03-04 21:23:00,2024-06-13 10:03:00,False
5805028000035616925,Amy Green,2024-03-05 11:29:00,2024-06-12 08:07:00,False
5805028000035701171,Rachel White,2024-03-05 14:38:00,2024-03-05 16:38:00,False
5805028000035754216,Ben Hall,2024-03-05 19:28:00,2024-03-05 21:29:00,False
5805028000035760433,Quincy Vincent,2024-03-06 10:01:00,2024-03-06 13:38:00,False
5805028000035774704,Quincy Vincent,2024-03-06 14:45:00,2024-03-12 15:34:00,False
5805028000035782819,Julia Nelson,2024-03-06 15:17:00,2024-03-06 17:18:00,False
5805028000035788728,Ulysses Adams,2024-03-06 12:55:00,2024-03-06 14:58:00,False
5805028000035791329,Ulysses Adams,2024-03-05 23:22:00,2024-04-03 16:22:00,False
5805028000035791404,Julia Nelson,2024-03-05 23:25:00,2024-03-06 01:25:00,False
5805028000035795216,Charlie Davis,2024-03-05 21:19:00,2024-03-14 23:00:00,False
5805028000035881514,Charlie Davis,2024-03-06 14:31:00,2024-04-11 21:38:00,False
5805028000035903334,Paula Underwood,2024-03-06 16:11:00,2024-03-06 16:11:00,False
5805028000035906382,Ulysses Adams,2024-03-06 17:14:00,2024-03-21 16:14:00,False
5805028000035934066,Ulysses Adams,2024-03-06 16:58:00,2024-03-06 18:59:00,False
5805028000035996841,Ulysses Adams,2024-03-07 13:18:00,2024-04-03 13:32:00,False
5805028000036004356,Ulysses Adams,2024-03-07 07:03:00,2024-03-11 17:35:00,False
5805028000036006065,Quincy Vincent,2024-03-06 18:09:00,2024-03-07 22:48:00,False
5805028000036023406,Yara Edwards,2024-03-07 08:55:00,2024-03-07 11:46:00,False
5805028000036032329,Paula Underwood,2024-03-07 08:38:00,2024-03-07 10:42:00,False
5805028000036135399,Ben Hall,2024-03-08 01:34:00,2024-03-08 03:36:00,False
5805028000036222019,Charlie Davis,2024-03-08 10:46:00,2024-04-11 21:09:00,False
5805028000036239001,Rachel White,2024-03-08 10:18:00,2024-03-08 12:22:00,False
5805028000036358266,Charlie Davis,2024-03-08 17:36:00,2024-03-08 19:39:00,False
5805028000036365168,Yara Edwards,2024-03-08 21:47:00,2024-03-13 19:32:00,False
5805028000036365313,Ben Hall,2024-03-09 13:25:00,2024-03-09 15:28:00,False
5805028000036367552,Ben Hall,2024-03-09 14:14:00,2024-03-09 16:18:00,False
5805028000036392788,Yara Edwards,2024-03-09 18:42:00,2024-04-11 18:25:00,False
5805028000036392961,Julia Nelson,2024-03-09 22:10:00,2024-03-10 16:06:00,False
5805028000036395349,Charlie Davis,2024-03-09 12:41:00,2024-04-17 19:37:00,False
5805028000036395802,Victor Barnes,2024-03-09 21:03:00,2024-06-10 23:06:00,False
5805028000036604345,Ben Hall,2024-03-10 17:11:00,2024-03-13 09:09:00,False
5805028000036604489,Victor Barnes,2024-03-10 20:57:00,2024-03-10 23:00:00,False
5805028000036620087,Julia Nelson,2024-03-10 11:51:00,2024-03-10 13:53:00,False
5805028000036620645,Victor Barnes,2024-03-11 09:43:00,2024-03-27 12:23:00,False
5805028000036621751,Victor Barnes,2024-03-11 02:56:00,2024-03-11 04:56:00,False
5805028000036623161,Victor Barnes,2024-03-10 14:14:00,2024-03-10 16:18:00,False
5805028000036628015,Yara Edwards,2024-03-10 10:15:00,2024-03-10 13:04:00,False
5805028000036628793,Julia Nelson,2024-03-11 12:43:00,2024-03-15 00:31:00,False
5805028000036639525,Ulysses Adams,2024-03-11 05:40:00,2024-03-18 14:59:00,False
5805028000036639869,Paula Underwood,2024-03-11 12:41:00,2024-03-19 16:49:00,False
5805028000036649455,Ben Hall,2024-03-10 23:04:00,2024-04-16 15:31:00,False
5805028000036728199,Ulysses Adams,2024-03-11 14:46:00,2024-03-11 16:48:00,False
5805028000036736113,Quincy Vincent,2024-03-11 15:29:00,2024-04-19 19:29:00,False
5805028000036778065,Julia Nelson,2024-03-11 15:11:00,2024-05-06 22:28:00,False
5805028000036800261,Ulysses Adams,2024-03-11 20:19:00,2024-03-11 22:19:00,False
5805028000036834045,Ulysses Adams,2024-03-11 16:29:00,2024-03-19 12:51:00,False
5805028000036835130,Quincy Vincent,2024-03-11 17:57:00,2024-03-11 18:08:00,False
5805028000036835421,Ulysses Adams,2024-03-11 21:21:00,2024-06-18 14:25:00,False
5805028000036840192,Ulysses Adams,2024-03-11 18:08:00,2024-03-11 20:09:00,False
5805028000036840378,Ulysses Adams,2024-03-11 20:31:00,2024-04-12 20:28:00,False
5805028000036939184,Julia Nelson,2024-03-12 12:04:00,2024-05-08 19:18:00,False
5805028000036940235,Amy Green,2024-03-12 10:58:00,2024-03-13 14:32:00,False
5805028000036951161,Julia Nelson,2024-03-12 09:31:00,2024-03-18 13:08:00,False
5805028000037049227,Quincy Vincent,2024-03-12 16:06:00,2024-03-12 18:09:00,False
5805028000037052004,Ulysses Adams,2024-03-12 12:56:00,2024-05-10 11:55:00,False
5805028000037056001,Amy Green,2024-03-12 12:53:00,2024-03-13 15:09:00,False
5805028000037084013,Quincy Vincent,2024-03-12 16:55:00,2024-03-20 19:37:00,False
5805028000037090087,Quincy Vincent,2024-03-12 17:52:00,2024-03-12 19:54:00,False
5805028000037090289,Ben Hall,2024-03-12 20:09:00,2024-03-12 22:10:00,False
5805028000037093459,Charlie Davis,2024-03-13 09:33:00,2024-03-15 12:37:00,False
5805028000037097355,Ben Hall,2024-03-12 22:39:00,2024-06-18 12:34:00,False
5805028000037097882,Julia Nelson,2024-03-13 14:14:00,2024-03-27 19:06:00,False
5805028000037101500,Paula Underwood,2024-03-12 23:38:00,2024-04-21 11:17:00,False
5805028000037102113,Julia Nelson,2024-03-12 17:38:00,2024-03-12 19:39:00,False
5805028000037102880,Charlie Davis,2024-03-13 14:10:00,2024-03-15 10:28:00,False
5805028000037112442,Yara Edwards,2024-03-13 08:28:00,2024-03-13 13:11:00,False
5805028000037118344,Quincy Vincent,2024-03-13 06:26:00,2024-03-28 14:36:00,False
5805028000037118753,Quincy Vincent,2024-03-13 13:15:00,2024-04-28 13:22:00,False
5805028000037286003,Charlie Davis,2024-03-13 15:11:00,2024-03-13 17:14:00,False
5805028000037293210,Julia Nelson,2024-03-14 08:13:00,2024-03-20 21:56:00,False
5805028000037408167,Charlie Davis,2024-03-14 13:12:00,2024-03-16 16:52:00,False
5805028000037491580,Victor Barnes,2024-03-14 18:15:00,2024-06-15 19:56:00,False
5805028000037505049,Ben Hall,2024-03-14 14:15:00,2024-04-11 20:28:00,False
5805028000037505658,Charlie Davis,2024-03-14 21:28:00,2024-04-17 18:59:00,False
5805028000037507242,Ben Hall,2024-03-14 17:14:00,2024-03-14 19:15:00,False
5805028000037508006,Victor Barnes,2024-03-14 14:12:00,2024-03-14 16:14:00,False
5805028000037522018,Ulysses Adams,2024-03-14 14:22:00,2024-04-11 21:08:00,False
5805028000037531303,Ben Hall,2024-03-14 18:48:00,2024-05-10 14:34:00,False
5805028000037532778,Paula Underwood,2024-03-14 23:26:00,2024-06-11 01:18:00,False
5805028000037535094,Julia Nelson,2024-03-14 14:59:00,2024-03-14 16:59:00,False
5805028000037540959,Ben Hall,2024-03-15 10:21:00,2024-03-15 12:23:00,False
5805028000037552715,Charlie Davis,2024-03-14 21:02:00,2024-04-02 17:26:00,False
5805028000037561700,Charlie Davis,2024-03-14 22:41:00,2024-04-23 23:57:00,False
5805028000037810108,Paula Underwood,2024-03-15 14:55:00,2024-05-08 22:30:00,False
5805028000037831095,Victor Barnes,2024-03-15 15:07:00,2024-03-15 17:09:00,False
5805028000037913110,Ben Hall,2024-03-16 10:57:00,2024-03-16 12:58:00,False
5805028000037913468,Victor Barnes,2024-03-16 22:27:00,2024-03-21 12:30:00,False
5805028000037925094,Ben Hall,2024-03-16 08:52:00,2024-03-16 09:48:00,False
5805028000037925644,Victor Barnes,2024-03-17 11:21:00,2024-06-18 01:09:00,False
5805028000037937208,Yara Edwards,2024-03-16 14:59:00,2024-03-16 17:04:00,False
5805028000037945066,Charlie Davis,2024-03-16 08:30:00,2024-04-02 14:46:00,False
5805028000037948002,Ben Hall,2024-03-16 07:53:00,2024-03-16 09:57:00,False
5805028000037967934,Julia Nelson,2024-03-17 21:22:00,2024-04-19 18:17:00,False
5805028000037969105,Rachel White,2024-03-16 08:53:00,2024-03-16 08:53:00,False
5805028000038059608,Paula Underwood,2024-03-18 11:24:00,2024-03-18 13:28:00,False
5805028000038080042,Julia Nelson,2024-03-17 22:41:00,2024-03-18 00:45:00,False
5805028000038123076,Paula Underwood,2024-03-18 13:52:00,2024-03-18 15:54:00,False
5805028000038215280,Julia Nelson,2024-03-18 18:42:00,2024-03-18 20:45:00,False
5805028000038220006,Victor Barnes,2024-03-18 16:13:00,2024-03-18 18:14:00,False
5805028000038221585,Ulysses Adams,2024-03-19 03:47:00,2024-03-22 15:09:00,False
5805028000038221779,Paula Underwood,2024-03-19 11:38:00,2024-03-19 13:38:00,False
5805028000038222444,Charlie Davis,2024-03-18 23:42:00,2024-04-05 00:26:00,False
5805028000038223148,Victor Barnes,2024-03-18 17:45:00,2024-03-18 19:45:00,False
5805028000038227408,Ulysses Adams,2024-03-19 10:40:00,2024-04-12 07:38:00,False
5805028000038227640,Paula Underwood,2024-03-19 12:40:00,2024-04-02 13:56:00,False
5805028000038228682,Ulysses Adams,2024-03-19 12:36:00,2024-05-14 11:30:00,False
5805028000038229141,Rachel White,2024-03-18 18:43:00,2024-03-18 20:45:00,False
5805028000038232165,Paula Underwood,2024-03-18 17:52:00,2024-03-18 19:55:00,False
5805028000038234368,Ulysses Adams,2024-03-18 22:11:00,2024-03-19 17:22:00,False
5805028000038235491,Julia Nelson,2024-03-19 05:32:00,2024-03-19 07:33:00,False
5805028000038240704,Charlie Davis,2024-03-19 12:10:00,2024-03-19 14:11:00,False
5805028000038368294,Paula Underwood,2024-03-19 16:55:00,2024-06-11 13:07:00,False
5805028000038491128,Ian Miller,2024-03-19 20:06:00,2024-04-10 19:10:00,False
5805028000038493249,Ben Hall,2024-03-19 19:56:00,2024-06-10 22:36:00,False
5805028000038496594,Ulysses Adams,2024-03-19 22:34:00,2024-04-18 18:16:00,False
5805028000038496664,Charlie Davis,2024-03-19 23:14:00,2024-06-13 17:08:00,False
5805028000038498284,Ben Hall,2024-03-19 20:09:00,2024-05-06 14:57:00,False
5805028000038499391,Paula Underwood,2024-03-19 21:18:00,2024-04-16 00:01:00,False
5805028000038515128,Ian Miller,2024-03-19 19:06:00,2024-03-21 09:42:00,False
5805028000038517288,Nina Scott,2024-03-19 21:25:00,2024-03-23 12:40:00,False
5805028000038526001,Ben Hall,2024-03-19 18:53:00,2024-04-05 17:03:00,False
5805028000038526284,Rachel White,2024-03-19 21:41:00,2024-03-19 23:43:00,False
5805028000038526596,Victor Barnes,2024-03-20 03:39:00,2024-03-20 05:40:00,False
5805028000038695051,Victor Barnes,2024-03-20 07:18:00,2024-06-19 20:01:00,False
5805028000038701038,Ben Hall,2024-03-20 07:40:00,2024-03-20 09:42:00,False
5805028000038721300,Ulysses Adams,2024-03-20 13:06:00,2024-03-20 15:09:00,False
5805028000038735002,Victor Barnes,2024-03-20 08:24:00,2024-03-20 18:11:00,False
5805028000038738222,Charlie Davis,2024-03-20 11:54:00,2024-06-18 09:20:00,False
5805028000038858278,Yara Edwards,2024-03-21 00:37:00,2024-06-12 09:07:00,False
5805028000038864187,Nina Scott,2024-03-20 17:44:00,2024-03-25 12:26:00,False
5805028000038976429,Paula Underwood,2024-03-21 15:27:00,2024-05-22 02:37:00,False
5805028000038977506,Paula Underwood,2024-03-21 14:23:00,2024-06-05 11:52:00,False
5805028000039009842,Paula Underwood,2024-03-21 17:42:00,2024-04-15 21:44:00,False
5805028000039015030,Ben Hall,2024-03-21 09:10:00,2024-04-12 19:04:00,False
5805028000039034367,Ian Miller,2024-03-21 14:41:00,2024-03-21 16:42:00,False
5805028000039059053,Paula Underwood,2024-03-21 11:18:00,2024-05-10 14:14:00,False
5805028000039108288,Paula Underwood,2024-03-21 21:29:00,2024-03-21 23:30:00,False
5805028000039115187,Paula Underwood,2024-03-21 22:03:00,2024-03-22 00:03:00,False
5805028000039138189,Amy Green,2024-03-21 21:38:00,2024-06-20 13:11:00,False
5805028000039148355,Ulysses Adams,2024-03-22 06:30:00,2024-05-28 08:06:00,False
5805028000039268051,Charlie Davis,2024-03-22 07:24:00,2024-03-22 09:25:00,False
5805028000039296313,Ulysses Adams,2024-03-22 11:33:00,2024-03-30 15:36:00,False
5805028000039363410,Paula Underwood,2024-03-22 18:50:00,2024-03-23 17:08:00,False
5805028000039378195,Paula Underwood,2024-03-22 16:39:00,2024-03-22 18:41:00,False
5805028000039381022,Victor Barnes,2024-03-22 14:26:00,2024-03-22 16:27:00,False
5805028000039381749,Paula Underwood,2024-03-23 16:16:00,2024-03-23 16:29:00,False
5805028000039390573,Ben Hall,2024-03-22 21:15:00,2024-03-22 23:15:00,False
5805028000039406101,Ulysses Adams,2024-03-22 14:48:00,2024-04-12 09:51:00,False
5805028000039422082,Ben Hall,2024-03-22 15:56:00,2024-03-22 17:58:00,False
5805028000039503348,Victor Barnes,2024-03-24 11:22:00,2024-03-24 11:24:00,False
5805028000039523899,Julia Nelson,2024-03-24 22:29:00,2024-03-25 10:45:00,False
5805028000039524079,Ian Miller,2024-03-24 01:50:00,2024-04-22 17:52:00,False
5805028000039526678,Julia Nelson,2024-03-24 23:44:00,2024-03-24 23:48:00,False
5805028000039532625,Victor Barnes,2024-03-24 16:58:00,2024-03-24 17:02:00,False
5805028000039533496,Quincy Vincent,2024-03-25 08:38:00,2024-04-11 21:08:00,False
5805028000039540427,Victor Barnes,2024-03-24 14:42:00,2024-03-24 14:42:00,False
5805028000039552729,Rachel White,2024-03-25 10:30:00,2024-03-25 10:30:00,False
5805028000039557715,Cara Iverson,2024-03-25 10:16:00,2024-05-27 17:14:00,False
5805028000039634772,Yara Edwards,2024-03-26 07:53:00,2024-03-26 12:51:00,False
5805028000039641666,Julia Nelson,2024-03-25 21:23:00,2024-06-13 19:14:00,False
5805028000039642472,Ulysses Adams,2024-03-25 16:47:00,2024-03-25 16:47:00,False
5805028000039647087,Julia Nelson,2024-03-25 13:00:00,2024-06-13 14:45:00,False
5805028000039653600,Nina Scott,2024-03-25 23:04:00,2024-04-04 22:39:00,False
5805028000039653632,Ben Hall,2024-03-26 00:42:00,2024-03-26 00:43:00,False
5805028000039765003,Julia Nelson,2024-03-26 09:07:00,2024-04-02 17:48:00,False
5805028000039766172,Ben Hall,2024-03-26 12:35:00,2024-04-12 18:41:00,False
5805028000039785065,Victor Barnes,2024-03-26 10:55:00,2024-06-15 18:46:00,False
5805028000039806199,Cara Iverson,2024-03-26 13:03:00,2024-03-26 16:42:00,False
5805028000039813084,Paula Underwood,2024-03-26 12:13:00,2024-03-26 12:18:00,False
5805028000039885499,Ben Hall,2024-03-26 20:22:00,2024-03-26 20:23:00,False
5805028000039887501,Amy Green,2024-03-26 19:50:00,2024-03-28 17:28:00,False
5805028000039887752,Julia Nelson,2024-03-27 01:59:00,2024-03-29 16:57:00,False
5805028000039893813,Ulysses Adams,2024-03-27 12:19:00,2024-03-27 12:19:00,False
5805028000039900951,Charlie Davis,2024-03-27 14:49:00,2024-03-27 14:49:00,False
5805028000039905808,Quincy Vincent,2024-03-27 10:25:00,2024-03-27 10:27:00,False
5805028000039915565,Paula Underwood,2024-03-27 02:02:00,2024-04-11 20:10:00,False
5805028000039919240,Ian Miller,2024-03-26 21:09:00,2024-06-05 20:04:00,False
5805028000039920937,Julia Nelson,2024-03-27 11:31:00,2024-03-27 11:33:00,False
5805028000039928889,Ulysses Adams,2024-03-27 14:04:00,2024-03-27 14:04:00,False
5805028000039933769,Victor Barnes,2024-03-27 11:57:00,2024-03-27 11:57:00,False
5805028000040016608,Quincy Vincent,2024-03-27 13:54:00,2024-03-28 13:53:00,False
5805028000040039078,Ulysses Adams,2024-03-27 13:07:00,2024-03-27 13:07:00,False
5805028000040058056,Charlie Davis,2024-03-27 14:01:00,2024-03-27 14:01:00,False
5805028000040060117,Ulysses Adams,2024-03-27 14:49:00,2024-03-27 14:54:00,False
5805028000040093251,Ulysses Adams,2024-03-27 17:10:00,2024-05-23 15:27:00,False
5805028000040111669,Charlie Davis,2024-03-28 01:32:00,2024-04-29 12:32:00,False
5805028000040122396,Cara Iverson,2024-03-28 00:18:00,2024-04-15 23:08:00,False
5805028000040212085,Ben Hall,2024-03-28 08:38:00,2024-03-28 10:38:00,False
5805028000040221412,Cara Iverson,2024-03-28 13:21:00,2024-04-01 14:15:00,False
5805028000040228006,Charlie Davis,2024-03-28 06:59:00,2024-03-28 08:59:00,False
5805028000040234072,Quincy Vincent,2024-03-28 07:53:00,2024-04-09 15:27:00,False
5805028000040243380,Ben Hall,2024-03-28 14:44:00,2024-06-05 20:18:00,False
5805028000040248280,Charlie Davis,2024-03-28 12:23:00,2024-03-28 14:26:00,False
5805028000040248471,Cara Iverson,2024-03-28 13:57:00,2024-04-03 11:50:00,False
5805028000040255300,Charlie Davis,2024-03-28 13:55:00,2024-03-28 15:56:00,False
5805028000040255519,Ulysses Adams,2024-03-28 15:25:00,2024-05-07 17:33:00,False
5805028000040258511,Victor Barnes,2024-03-28 16:09:00,2024-03-29 10:52:00,False
5805028000040258730,Paula Underwood,2024-03-28 17:31:00,2024-03-29 15:18:00,False
5805028000040340336,Julia Nelson,2024-03-28 20:19:00,2024-06-17 19:43:00,False
5805028000040340638,Julia Nelson,2024-03-29 09:08:00,2024-03-29 20:25:00,False
5805028000040346552,Amy Green,2024-03-29 04:01:00,2024-03-29 11:38:00,False
5805028000040362922,Quincy Vincent,2024-03-29 15:34:00,2024-04-30 20:48:00,False
5805028000040368109,Victor Barnes,2024-03-28 21:24:00,2024-03-29 13:37:00,False
5805028000040372378,Amy Green,2024-03-29 11:07:00,2024-04-02 14:07:00,False
5805028000040383107,Paula Underwood,2024-03-29 09:16:00,2024-05-02 15:06:00,False
5805028000040456198,Ian Miller,2024-03-29 17:07:00,2024-06-09 14:06:00,False
5805028000040475239,Cara Iverson,2024-03-29 17:42:00,2024-03-29 19:42:00,False
5805028000040496111,Nina Scott,2024-03-29 17:28:00,2024-03-29 19:28:00,False
5805028000040516643,Rachel White,2024-03-30 09:30:00,2024-03-30 11:30:00,False
5805028000040524982,Cara Iverson,2024-03-30 13:23:00,2024-03-30 15:23:00,False
5805028000040531538,Ben Hall,2024-03-30 09:31:00,2024-03-30 16:31:00,False
5805028000040533342,Ben Hall,2024-03-29 21:29:00,2024-03-29 23:29:00,False
5805028000040534882,Amy Green,2024-03-30 17:35:00,2024-04-03 14:47:00,False
5805028000040539364,Cara Iverson,2024-03-30 00:44:00,2024-06-11 08:14:00,False
5805028000040540230,Nina Scott,2024-03-29 20:54:00,2024-04-02 11:25:00,False
5805028000040548134,Victor Barnes,2024-03-29 19:46:00,2024-03-29 21:46:00,False
5805028000040548184,Victor Barnes,2024-03-29 20:40:00,2024-06-17 18:25:00,False
5805028000040549756,Ben Hall,2024-03-30 13:14:00,2024-03-30 15:14:00,False
5805028000040563811,Ben Hall,2024-03-30 13:33:00,2024-04-12 00:20:00,False
5805028000040565648,Cara Iverson,2024-03-30 09:19:00,2024-06-11 15:29:00,False
5805028000040571517,Ben Hall,2024-03-30 04:45:00,2024-04-25 10:02:00,False
5805028000040588377,Ian Miller,2024-03-30 01:04:00,2024-04-04 17:28:00,False
5805028000040615021,Ben Hall,2024-03-30 01:18:00,2024-03-30 03:20:00,False
5805028000040647551,Ben Hall,2024-03-30 19:50:00,2024-03-30 21:51:00,False
5805028000040647646,Yara Edwards,2024-03-31 03:01:00,2024-04-02 13:15:00,False
5805028000040664449,Yara Edwards,2024-03-31 11:15:00,2024-04-01 15:02:00,False
5805028000040664654,Quincy Vincent,2024-03-31 12:47:00,2024-04-04 03:04:00,False
5805028000040664889,Quincy Vincent,2024-03-31 18:10:00,2024-04-04 19:31:00,False
5805028000040668265,Rachel White,2024-03-31 10:57:00,2024-03-31 10:57:00,False
5805028000040700059,Quincy Vincent,2024-03-31 08:05:00,2024-03-31 10:05:00,False
5805028000040725154,Victor Barnes,2024-04-01 00:28:00,2024-04-01 00:29:00,False
5805028000040727093,Quincy Vincent,2024-03-31 23:16:00,2024-04-01 01:17:00,False
5805028000040727203,Victor Barnes,2024-04-01 07:54:00,2024-04-21 11:25:00,False
5805028000040733130,Victor Barnes,2024-04-01 01:32:00,2024-04-01 03:32:00,False
5805028000040733162,Yara Edwards,2024-04-01 02:03:00,2024-04-03 13:38:00,False
5805028000040754259,Quincy Vincent,2024-04-01 13:27:00,2024-04-01 13:31:00,False
5805028000040767028,Quincy Vincent,2024-04-01 09:44:00,2024-04-01 11:44:00,False
5805028000040767159,Victor Barnes,2024-04-01 10:21:00,2024-04-08 14:12:00,False
5805028000040774131,Quincy Vincent,2024-04-01 10:46:00,2024-04-01 12:46:00,False
5805028000040782113,Victor Barnes,2024-04-01 11:17:00,2024-05-08 13:47:00,False
5805028000040782221,Victor Barnes,2024-04-01 13:24:00,2024-04-01 13:27:00,False
5805028000040797017,Victor Barnes,2024-04-01 10:42:00,2024-04-09 10:45:00,False
5805028000040804112,Quincy Vincent,2024-04-01 11:42:00,2024-04-12 11:24:00,False
5805028000040947100,Cara Iverson,2024-04-01 20:39:00,2024-04-02 18:27:00,False
5805028000040954179,Charlie Davis,2024-04-01 23:08:00,2024-04-02 21:33:00,False
5805028000040960072,Ben Hall,2024-04-01 20:47:00,2024-04-04 11:12:00,False
5805028000041026204,Charlie Davis,2024-04-02 01:01:00,2024-04-02 03:01:00,False
5805028000041040186,Ben Hall,2024-04-02 11:24:00,2024-04-02 18:09:00,False
5805028000041051001,Cara Iverson,2024-04-01 23:18:00,2024-04-11 14:46:00,False
5805028000041066058,Ben Hall,2024-04-02 01:00:00,2024-04-02 03:00:00,False
5805028000041073005,Cara Iverson,2024-04-02 01:01:00,2024-04-02 03:01:00,False
5805028000041075156,Ulysses Adams,2024-04-02 08:29:00,2024-04-02 10:29:00,False
5805028000041168068,Cara Iverson,2024-04-02 14:52:00,2024-04-18 16:11:00,False
5805028000041169277,Cara Iverson,2024-04-02 15:37:00,2024-04-16 16:08:00,False
5805028000041171174,Quincy Vincent,2024-04-02 15:18:00,2024-04-07 17:42:00,False
5805028000041177379,Cara Iverson,2024-04-02 17:12:00,2024-04-02 19:12:00,False
5805028000041182576,Cara Iverson,2024-04-02 18:53:00,2024-06-18 21:11:00,False
5805028000041198206,Quincy Vincent,2024-04-02 16:16:00,2024-04-02 18:17:00,False
5805028000041202089,Paula Underwood,2024-04-02 14:57:00,2024-04-02 16:57:00,False
5805028000041202530,Cara Iverson,2024-04-02 18:21:00,2024-04-02 20:21:00,False
5805028000041205126,Ben Hall,2024-04-02 14:36:00,2024-04-25 04:04:00,False
5805028000041214212,Ben Hall,2024-04-02 15:27:00,2024-04-02 15:50:00,False
5805028000041215825,Charlie Davis,2024-04-02 18:32:00,2024-04-02 20:32:00,False
5805028000041220880,Charlie Davis,2024-04-02 21:08:00,2024-04-12 11:29:00,False
5805028000041321210,Charlie Davis,2024-04-03 08:43:00,2024-04-08 18:40:00,False
5805028000041322049,Yara Edwards,2024-04-02 21:31:00,2024-04-08 11:34:00,False
5805028000041328013,Quincy Vincent,2024-04-02 21:38:00,2024-04-02 23:38:00,False
5805028000041328047,Ian Miller,2024-04-02 21:48:00,2024-04-03 12:05:00,False
5805028000041328974,Ben Hall,2024-04-03 14:31:00,2024-04-03 16:31:00,False
5805028000041334050,Ulysses Adams,2024-04-02 22:37:00,2024-04-03 00:37:00,False
5805028000041334443,Rachel White,2024-04-03 09:38:00,2024-04-03 11:39:00,False
5805028000041336505,Quincy Vincent,2024-04-03 11:48:00,2024-04-03 13:48:00,False
5805028000041336959,Ulysses Adams,2024-04-03 15:43:00,2024-04-03 17:43:00,False
5805028000041339640,Paula Underwood,2024-04-03 13:54:00,2024-04-03 15:54:00,False
5805028000041342272,Paula Underwood,2024-04-03 06:28:00,2024-04-24 06:44:00,False
5805028000041357097,Quincy Vincent,2024-04-03 02:22:00,2024-04-04 16:12:00,False
5805028000041408416,Ulysses Adams,2024-04-03 10:18:00,2024-06-10 22:16:00,False
5805028000041455005,Ulysses Adams,2024-04-03 13:51:00,2024-04-03 15:51:00,False
5805028000041507034,Ben Hall,2024-04-03 17:02:00,2024-04-03 19:03:00,False
5805028000041540307,Paula Underwood,2024-04-03 19:31:00,2024-04-12 10:37:00,False
5805028000041550214,Paula Underwood,2024-04-03 19:38:00,2024-04-03 21:38:00,False
5805028000041599242,Amy Green,2024-04-04 00:29:00,2024-04-12 14:58:00,False
5805028000041607059,Paula Underwood,2024-04-03 20:07:00,2024-04-07 14:36:00,False
5805028000041607600,Charlie Davis,2024-04-04 11:20:00,2024-04-04 13:20:00,False
5805028000041626270,Ulysses Adams,2024-04-04 01:35:00,2024-04-04 19:33:00,False
5805028000041645276,Yara Edwards,2024-04-04 05:34:00,2024-04-04 12:31:00,False
5805028000041648001,Paula Underwood,2024-04-03 20:12:00,2024-04-16 18:34:00,False
5805028000041734673,Julia Nelson,2024-04-04 16:42:00,2024-04-04 18:42:00,False
5805028000041737216,Paula Underwood,2024-04-04 13:42:00,2024-04-04 15:42:00,False
5805028000041744166,Ben Hall,2024-04-04 13:10:00,2024-05-17 15:03:00,False
5805028000041805038,Victor Barnes,2024-04-04 13:07:00,2024-04-04 15:08:00,False
5805028000041805273,Paula Underwood,2024-04-04 15:47:00,2024-04-04 17:47:00,False
5805028000041892854,Amy Green,2024-04-05 13:53:00,2024-04-05 16:31:00,False
5805028000041914189,Ulysses Adams,2024-04-04 23:08:00,2024-04-05 01:08:00,False
5805028000041920135,Victor Barnes,2024-04-04 20:26:00,2024-06-13 11:23:00,False
5805028000041920921,Victor Barnes,2024-04-05 15:52:00,2024-04-05 17:52:00,False
5805028000041920977,Cara Iverson,2024-04-05 16:24:00,2024-04-05 18:24:00,False
5805028000041930161,Julia Nelson,2024-04-04 20:10:00,2024-04-14 20:12:00,False
5805028000041930317,Cara Iverson,2024-04-05 09:54:00,2024-04-06 12:08:00,False
5805028000041930416,Charlie Davis,2024-04-05 10:23:00,2024-06-04 06:12:00,False
5805028000041944136,Amy Green,2024-04-04 22:07:00,2024-05-17 11:02:00,False
5805028000042081074,Julia Nelson,2024-04-05 16:53:00,2024-06-10 23:27:00,False
5805028000042108209,Cara Iverson,2024-04-05 22:50:00,2024-04-14 12:56:00,False
5805028000042138907,Cara Iverson,2024-04-06 18:15:00,2024-04-06 20:16:00,False
5805028000042149094,Quincy Vincent,2024-04-05 19:28:00,2024-04-06 17:42:00,False
5805028000042150392,Ben Hall,2024-04-06 10:34:00,2024-04-06 12:35:00,False
5805028000042156585,Charlie Davis,2024-04-06 16:59:00,2024-04-10 14:50:00,False
5805028000042255753,Rachel White,2024-04-07 15:18:00,2024-04-07 17:18:00,False
5805028000042261438,Rachel White,2024-04-07 10:15:00,2024-04-07 12:15:00,False
5805028000042262066,Quincy Vincent,2024-04-06 21:12:00,2024-04-30 15:46:00,False
5805028000042268759,Rachel White,2024-04-07 18:46:00,2024-04-07 20:46:00,False
5805028000042271494,Cara Iverson,2024-04-07 15:36:00,2024-04-07 17:36:00,False
5805028000042272591,Quincy Vincent,2024-04-07 19:30:00,2024-04-07 19:30:00,False
5805028000042274939,Ulysses Adams,2024-04-07 21:19:00,2024-04-07 23:20:00,False
5805028000042291792,Julia Nelson,2024-04-08 10:11:00,2024-04-08 12:12:00,False
5805028000042294555,Ulysses Adams,2024-04-08 10:33:00,2024-04-15 15:18:00,False
5805028000042297738,Cara Iverson,2024-04-07 23:13:00,2024-04-08 01:14:00,False
5805028000042307198,Quincy Vincent,2024-04-07 18:45:00,2024-04-07 20:45:00,False
5805028000042307576,Julia Nelson,2024-04-08 07:55:00,2024-04-08 09:55:00,False
5805028000042307620,Yara Edwards,2024-04-08 08:48:00,2024-04-08 15:26:00,False
5805028000042312463,Quincy Vincent,2024-04-08 00:24:00,2024-04-08 02:24:00,False
5805028000042329063,Quincy Vincent,2024-04-08 08:44:00,2024-04-08 10:44:00,False
5805028000042426001,Victor Barnes,2024-04-08 12:58:00,2024-06-06 19:09:00,False
5805028000042426123,Quincy Vincent,2024-04-08 13:44:00,2024-04-08 15:44:00,False
5805028000042426632,Cara Iverson,2024-04-08 17:57:00,2024-04-17 19:09:00,False
5805028000042431816,Rachel White,2024-04-08 20:24:00,2024-04-08 22:24:00,False
5805028000042439413,Rachel White,2024-04-08 16:40:00,2024-04-08 18:40:00,False
5805028000042445164,Quincy Vincent,2024-04-08 14:58:00,2024-04-11 18:41:00,False
5805028000042449229,Cara Iverson,2024-04-08 14:48:00,2024-04-08 16:48:00,False
5805028000042454851,Yara Edwards,2024-04-08 19:49:00,2024-04-09 10:46:00,False
5805028000042458819,Ulysses Adams,2024-04-09 08:17:00,2024-05-14 15:33:00,False
5805028000042461074,Ulysses Adams,2024-04-08 13:41:00,2024-04-10 19:04:00,False
5805028000042480278,Cara Iverson,2024-04-08 16:00:00,2024-04-08 18:00:00,False
5805028000042563073,Yara Edwards,2024-04-08 20:57:00,2024-04-09 12:51:00,False
5805028000042682317,Quincy Vincent,2024-04-09 14:34:00,2024-04-09 16:34:00,False
5805028000042682985,Charlie Davis,2024-04-09 22:25:00,2024-04-10 00:25:00,False
5805028000042684590,Ben Hall,2024-04-09 18:01:00,2024-04-09 20:01:00,False
5805028000042693602,Julia Nelson,2024-04-09 16:47:00,2024-04-09 18:47:00,False
5805028000042698959,Cara Iverson,2024-04-09 19:27:00,2024-04-11 19:58:00,False
5805028000042700966,Charlie Davis,2024-04-09 20:21:00,2024-05-07 12:06:00,False
5805028000042810313,Amy Green,2024-04-10 07:31:00,2024-06-17 18:10:00,False
5805028000042810680,Ulysses Adams,2024-04-10 12:13:00,2024-04-11 20:12:00,False
5805028000042811188,Quincy Vincent,2024-04-09 22:02:00,2024-04-10 00:02:00,False
5805028000042811404,Ben Hall,2024-04-10 10:06:00,2024-04-15 18:43:00,False
5805028000042819439,Quincy Vincent,2024-04-10 09:05:00,2024-04-15 09:34:00,False
5805028000042832487,Quincy Vincent,2024-04-10 13:06:00,2024-04-11 11:21:00,False
5805028000042854929,Ulysses Adams,2024-04-10 17:41:00,2024-04-10 19:41:00,False
5805028000042985506,Ben Hall,2024-04-11 01:28:00,2024-04-11 03:28:00,False
5805028000042990203,Rachel White,2024-04-10 19:40:00,2024-06-10 17:03:00,False
5805028000042990722,Ulysses Adams,2024-04-11 07:38:00,2024-04-11 09:38:00,False
5805028000043007272,Ian Miller,2024-04-10 20:26:00,2024-04-16 17:12:00,False
5805028000043008308,Ben Hall,2024-04-10 21:51:00,2024-04-19 09:25:00,False
5805028000043008614,Charlie Davis,2024-04-11 06:25:00,2024-06-13 17:08:00,False
5805028000043018499,Ben Hall,2024-04-11 07:09:00,2024-04-11 09:09:00,False
5805028000043095204,Charlie Davis,2024-04-11 11:47:00,2024-04-17 19:38:00,False
5805028000043110750,Quincy Vincent,2024-04-11 16:27:00,2024-04-11 18:27:00,False
5805028000043119698,Ulysses Adams,2024-04-11 15:32:00,2024-04-17 19:38:00,False
5805028000043128484,Ben Hall,2024-04-11 12:31:00,2024-04-11 14:31:00,False
5805028000043136553,Julia Nelson,2024-04-11 12:24:00,2024-04-11 14:24:00,False
5805028000043146338,Quincy Vincent,2024-04-11 12:26:00,2024-04-11 14:26:00,False
5805028000043253483,Rachel White,2024-04-11 19:14:00,2024-04-11 21:14:00,False
5805028000043261052,Quincy Vincent,2024-04-11 17:34:00,2024-04-14 19:14:00,False
5805028000043261709,Cara Iverson,2024-04-11 20:00:00,2024-05-23 13:53:00,False
5805028000043264649,Cara Iverson,2024-04-11 19:24:00,2024-04-11 21:25:00,False
5805028000043268501,Ulysses Adams,2024-04-11 18:38:00,2024-06-20 16:02:00,False
5805028000043270875,Charlie Davis,2024-04-11 21:06:00,2024-04-11 23:06:00,False
5805028000043277919,Ulysses Adams,2024-04-11 22:21:00,2024-04-12 00:21:00,False
5805028000043281160,Julia Nelson,2024-04-11 17:58:00,2024-04-11 19:58:00,False
5805028000043396520,Ulysses Adams,2024-04-12 08:08:00,2024-04-23 18:54:00,False
5805028000043444319,Ulysses Adams,2024-04-12 13:10:00,2024-05-08 16:48:00,False
5805028000043450632,Charlie Davis,2024-04-12 13:27:00,2024-05-28 13:31:00,False
5805028000043486017,Ben Hall,2024-04-12 08:57:00,2024-04-12 10:57:00,False
5805028000043596526,Charlie Davis,2024-04-12 21:35:00,2024-04-12 21:35:00,False
5805028000043596859,Cara Iverson,2024-04-13 09:06:00,2024-06-18 10:10:00,False
5805028000043599528,Charlie Davis,2024-04-13 06:28:00,2024-04-24 10:12:00,False
5805028000043606405,Cara Iverson,2024-04-12 22:02:00,2024-04-13 00:02:00,False
5805028000043608385,Rachel White,2024-04-12 20:23:00,2024-04-16 20:19:00,False
5805028000043616046,Charlie Davis,2024-04-12 16:34:00,2024-04-12 18:34:00,False
5805028000043617411,Charlie Davis,2024-04-12 20:49:00,2024-05-02 09:35:00,False
5805028000043643043,Julia Nelson,2024-04-12 16:51:00,2024-04-18 18:52:00,False
5805028000043643120,Ulysses Adams,2024-04-12 17:41:00,2024-04-12 19:41:00,False
5805028000043745576,Victor Barnes,2024-04-13 20:37:00,2024-04-16 20:38:00,False
5805028000043748232,Ulysses Adams,2024-04-13 17:00:00,2024-04-13 17:28:00,False
5805028000043748628,Quincy Vincent,2024-04-13 22:43:00,2024-06-18 15:57:00,False
5805028000043754068,Charlie Davis,2024-04-13 14:18:00,2024-04-13 16:18:00,False
5805028000043762460,Cara Iverson,2024-04-13 21:30:00,2024-04-18 16:16:00,False
5805028000043764406,Rachel White,2024-04-13 19:35:00,2024-04-13 21:36:00,False
5805028000043789080,Cara Iverson,2024-04-14 07:30:00,2024-04-25 18:07:00,False
5805028000043790933,Quincy Vincent,2024-04-14 19:32:00,2024-05-04 14:38:00,False
5805028000043796506,Quincy Vincent,2024-04-14 19:40:00,2024-04-14 21:40:00,False
5805028000043796604,Quincy Vincent,2024-04-14 20:17:00,2024-04-14 20:17:00,False
5805028000043804224,Quincy Vincent,2024-04-14 13:43:00,2024-04-14 15:43:00,False
5805028000043810067,Quincy Vincent,2024-04-14 14:04:00,2024-04-14 16:05:00,False
5805028000043810609,Quincy Vincent,2024-04-14 20:52:00,2024-06-18 08:52:00,False
5805028000043812019,Cara Iverson,2024-04-14 14:05:00,2024-04-14 16:05:00,False
5805028000043812097,Quincy Vincent,2024-04-14 14:55:00,2024-04-14 16:56:00,False
5805028000043819769,Ulysses Adams,2024-04-15 06:38:00,2024-04-15 08:38:00,False
5805028000043837530,Ulysses Adams,2024-04-14 23:50:00,2024-04-24 16:23:00,False
5805028000043842916,Julia Nelson,2024-04-15 11:10:00,2024-04-18 10:08:00,False
5805028000043843419,Quincy Vincent,2024-04-15 09:52:00,2024-04-15 11:53:00,False
5805028000043845328,Julia Nelson,2024-04-15 08:21:00,2024-04-15 10:22:00,False
5805028000043846255,Julia Nelson,2024-04-15 06:58:00,2024-04-15 08:58:00,False
5805028000043848221,Cara Iverson,2024-04-14 23:37:00,2024-04-15 01:37:00,False
5805028000043850248,Amy Green,2024-04-15 07:45:00,2024-04-15 15:28:00,False
5805028000043861874,Cara Iverson,2024-04-15 18:25:00,2024-04-15 18:25:00,False
5805028000043878567,Julia Nelson,2024-04-15 17:33:00,2024-04-15 19:33:00,False
5805028000043907829,Charlie Davis,2024-04-15 21:04:00,2024-04-15 23:04:00,False
5805028000043982097,Ben Hall,2024-04-16 07:50:00,2024-04-16 09:50:00,False
5805028000044004257,Yara Edwards,2024-04-16 09:56:00,2024-04-16 18:01:00,False
5805028000044008771,Ben Hall,2024-04-16 13:45:00,2024-04-16 15:45:00,False
5805028000044008880,Ben Hall,2024-04-16 13:57:00,2024-06-05 19:04:00,False
5805028000044017739,Cara Iverson,2024-04-16 14:20:00,2024-04-16 16:20:00,False
5805028000044020750,Rachel White,2024-04-16 14:17:00,2024-04-16 16:17:00,False
5805028000044030351,Amy Green,2024-04-16 12:47:00,2024-04-16 18:25:00,False
5805028000044034579,Cara Iverson,2024-04-16 13:56:00,2024-04-17 11:31:00,False
5805028000044051554,Ben Hall,2024-04-16 14:16:00,2024-04-16 16:16:00,False
5805028000044172097,Charlie Davis,2024-04-16 16:29:00,2024-04-16 18:29:00,False
5805028000044209042,Paula Underwood,2024-04-16 16:34:00,2024-04-16 19:22:00,False
5805028000044254173,Paula Underwood,2024-04-16 17:47:00,2024-04-16 17:50:00,False
5805028000044342562,Cara Iverson,2024-04-17 00:13:00,2024-04-17 00:28:00,False
5805028000044363208,Ben Hall,2024-04-16 20:25:00,2024-06-12 12:07:00,False
5805028000044367306,Charlie Davis,2024-04-16 21:01:00,2024-04-18 12:02:00,False
5805028000044375268,Cara Iverson,2024-04-16 21:32:00,2024-04-16 23:32:00,False
5805028000044468452,Ben Hall,2024-04-17 11:39:00,2024-06-11 02:38:00,False
5805028000044486595,Cara Iverson,2024-04-17 13:31:00,2024-04-18 12:29:00,False
5805028000044497165,Cara Iverson,2024-04-17 08:42:00,2024-04-18 19:27:00,False
5805028000044499360,Ben Hall,2024-04-17 09:13:00,2024-04-17 11:15:00,False
5805028000044502141,Yara Edwards,2024-04-17 08:49:00,2024-04-17 11:02:00,False
5805028000044508232,Ian Miller,2024-04-17 09:52:00,2024-04-22 15:38:00,False
5805028000044508552,Cara Iverson,2024-04-17 13:14:00,2024-06-11 09:22:00,False
5805028000044640003,Cara Iverson,2024-04-17 13:58:00,2024-04-17 15:58:00,False
5805028000044668979,Julia Nelson,2024-04-18 03:07:00,2024-04-18 05:07:00,False
5805028000044674634,Quincy Vincent,2024-04-17 23:13:00,2024-04-18 01:13:00,False
5805028000044688683,Ben Hall,2024-04-17 19:27:00,2024-04-17 21:27:00,False
5805028000044692256,Yara Edwards,2024-04-17 17:40:00,2024-04-17 19:40:00,False
5805028000044701441,Ben Hall,2024-04-17 18:18:00,2024-04-17 20:18:00,False
5805028000044711331,Cara Iverson,2024-04-17 18:12:00,2024-04-17 20:12:00,False
5805028000044831090,Quincy Vincent,2024-04-18 08:48:00,2024-04-18 10:48:00,False
5805028000044833037,Ben Hall,2024-04-18 10:41:00,2024-04-18 12:41:00,False
5805028000044834551,Ben Hall,2024-04-18 14:19:00,2024-04-19 13:41:00,False
5805028000044848706,Ian Miller,2024-04-18 18:12:00,2024-04-18 20:13:00,False
5805028000044868214,Charlie Davis,2024-04-18 11:49:00,2024-04-23 17:52:00,False
5805028000044883036,Quincy Vincent,2024-04-18 10:05:00,2024-04-18 12:05:00,False
5805028000044901682,Quincy Vincent,2024-04-18 15:26:00,2024-04-18 17:27:00,False
5805028000045008156,Rachel White,2024-04-18 20:09:00,2024-04-18 22:09:00,False
5805028000045010023,Charlie Davis,2024-04-18 21:32:00,2024-04-18 23:32:00,False
5805028000045052914,Yara Edwards,2024-04-19 21:49:00,2024-04-20 11:43:00,False
5805028000045077920,Charlie Davis,2024-04-19 22:00:00,2024-04-29 11:25:00,False
5805028000045094885,Cara Iverson,2024-04-20 09:00:00,2024-04-22 12:30:00,False
5805028000045109425,Amy Green,2024-04-19 16:43:00,2024-04-19 18:43:00,False
5805028000045184202,Yara Edwards,2024-04-19 20:29:00,2024-04-20 10:32:00,False
5805028000045218090,Ben Hall,2024-04-19 19:22:00,2024-04-20 06:00:00,False
5805028000045218125,Ulysses Adams,2024-04-19 20:20:00,2024-06-18 18:53:00,False
5805028000045218295,Paula Underwood,2024-04-19 21:39:00,2024-04-19 23:39:00,False
5805028000045230778,Quincy Vincent,2024-04-20 18:27:00,2024-04-22 12:45:00,False
5805028000045237168,Ulysses Adams,2024-04-20 11:17:00,2024-04-20 13:17:00,False
5805028000045269524,Julia Nelson,2024-04-20 23:35:00,2024-04-22 17:16:00,False
5805028000045296949,Julia Nelson,2024-04-21 12:24:00,2024-04-22 11:59:00,False
5805028000045312804,Quincy Vincent,2024-04-21 14:58:00,2024-04-21 16:58:00,False
5805028000045320378,Paula Underwood,2024-04-21 10:10:00,2024-04-21 12:10:00,False
5805028000045321473,Paula Underwood,2024-04-21 13:19:00,2024-04-21 15:19:00,False
5805028000045327884,Ulysses Adams,2024-04-22 10:46:00,2024-04-22 12:46:00,False
5805028000045339956,Cara Iverson,2024-04-22 10:43:00,2024-06-13 18:08:00,False
5805028000045349509,Cara Iverson,2024-04-22 09:40:00,2024-06-12 14:22:00,False
5805028000045358207,Cara Iverson,2024-04-21 22:00:00,2024-04-22 00:00:00,False
5805028000045362394,Julia Nelson,2024-04-22 09:20:00,2024-04-22 11:20:00,False
5805028000045368360,Amy Green,2024-04-22 11:00:00,2024-04-23 13:12:00,False
5805028000045393004,Cara Iverson,2024-04-22 07:38:00,2024-05-15 16:55:00,False
5805028000045428253,Cara Iverson,2024-04-22 13:24:00,2024-04-23 18:56:00,False
5805028000045442461,Quincy Vincent,2024-04-22 15:47:00,2024-04-22 15:47:00,False
5805028000045452097,Julia Nelson,2024-04-22 13:17:00,2024-06-14 18:36:00,False
5805028000045564309,Victor Barnes,2024-04-22 18:44:00,2024-04-24 09:22:00,False
5805028000045566423,Julia Nelson,2024-04-22 21:26:00,2024-05-15 12:02:00,False
5805028000045566579,Charlie Davis,2024-04-23 05:26:00,2024-04-23 07:27:00,False
5805028000045577266,Victor Barnes,2024-04-22 18:48:00,2024-05-16 19:28:00,False
5805028000045581321,Ian Miller,2024-04-22 20:55:00,2024-06-10 22:33:00,False
5805028000045581423,Quincy Vincent,2024-04-22 21:45:00,2024-06-18 16:19:00,False
5805028000045718094,Paula Underwood,2024-04-23 10:12:00,2024-04-30 10:43:00,False
5805028000045720001,Quincy Vincent,2024-04-23 07:38:00,2024-04-25 20:07:00,False
5805028000045720528,Julia Nelson,2024-04-23 12:59:00,2024-04-23 14:59:00,False
5805028000045767001,Charlie Davis,2024-04-23 08:47:00,2024-04-23 10:47:00,False
5805028000045836184,Ben Hall,2024-04-23 14:38:00,2024-05-14 12:12:00,False
5805028000045897081,Victor Barnes,2024-04-23 14:24:00,2024-04-26 13:01:00,False
5805028000045957966,Charlie Davis,2024-04-24 12:43:00,2024-04-24 14:44:00,False
5805028000045962541,Cara Iverson,2024-04-24 07:48:00,2024-04-24 09:48:00,False
5805028000045962827,Amy Green,2024-04-24 13:03:00,2024-04-24 16:05:00,False
5805028000045972613,Victor Barnes,2024-04-24 09:05:00,2024-06-10 21:06:00,False
5805028000045982466,Victor Barnes,2024-04-23 21:43:00,2024-05-15 11:14:00,False
5805028000045993960,Ulysses Adams,2024-04-24 14:21:00,2024-06-18 21:11:00,False
5805028000046003366,Julia Nelson,2024-04-23 20:08:00,2024-04-23 22:08:00,False
5805028000046155037,Paula Underwood,2024-04-24 14:24:00,2024-06-18 01:10:00,False
5805028000046207189,Julia Nelson,2024-04-24 17:04:00,2024-04-24 19:05:00,False
5805028000046234377,Charlie Davis,2024-04-24 17:50:00,2024-04-24 19:51:00,False
5805028000046299508,Ulysses Adams,2024-04-25 10:55:00,2024-04-25 12:55:00,False
5805028000046311309,Yara Edwards,2024-04-25 05:19:00,2024-04-27 16:01:00,False
5805028000046314814,Quincy Vincent,2024-04-25 12:46:00,2024-05-15 14:55:00,False
5805028000046316316,Julia Nelson,2024-04-24 23:25:00,2024-04-25 01:25:00,False
5805028000046316830,Quincy Vincent,2024-04-25 13:46:00,2024-04-28 22:11:00,False
5805028000046532137,Ulysses Adams,2024-04-25 21:27:00,2024-04-29 16:15:00,False
5805028000046823719,Paula Underwood,2024-04-27 11:35:00,2024-04-27 13:35:00,False
5805028000046830478,Cara Iverson,2024-04-26 18:37:00,2024-04-26 20:37:00,False
5805028000046843156,Paula Underwood,2024-04-26 16:00:00,2024-06-14 16:07:00,False
5805028000046843319,Amy Green,2024-04-26 20:26:00,2024-04-27 11:27:00,False
5805028000046884527,Paula Underwood,2024-04-27 01:18:00,2024-04-27 01:21:00,False
5805028000046981860,Julia Nelson,2024-04-29 06:29:00,2024-04-29 08:29:00,False
5805028000046989560,Julia Nelson,2024-04-28 13:42:00,2024-04-28 15:42:00,False
5805028000046989900,Quincy Vincent,2024-04-28 19:44:00,2024-06-14 21:09:00,False
5805028000047002169,Cara Iverson,2024-04-28 08:27:00,2024-06-13 17:08:00,False
5805028000047008373,Cara Iverson,2024-04-28 10:28:00,2024-05-06 11:28:00,False
5805028000047013193,Julia Nelson,2024-04-27 22:45:00,2024-04-28 00:45:00,False
5805028000047033001,Charlie Davis,2024-04-27 18:46:00,2024-04-27 18:47:00,False
5805028000047033994,Julia Nelson,2024-04-29 00:20:00,2024-04-29 18:41:00,False
5805028000047035610,Julia Nelson,2024-04-28 15:48:00,2024-04-28 15:48:00,False
5805028000047037998,Quincy Vincent,2024-04-29 07:41:00,2024-06-17 20:15:00,False
5805028000047130045,Ian Miller,2024-04-28 19:40:00,2024-04-29 10:35:00,False
5805028000047134205,Cara Iverson,2024-04-29 00:12:00,2024-04-29 00:14:00,False
5805028000047190011,Rachel White,2024-04-29 12:22:00,2024-04-29 14:22:00,False
5805028000047200545,Paula Underwood,2024-04-29 17:22:00,2024-04-30 17:23:00,False
5805028000047205094,Julia Nelson,2024-04-29 12:51:00,2024-05-02 11:12:00,False
5805028000047324319,Ulysses Adams,2024-04-29 20:12:00,2024-04-29 22:12:00,False
5805028000047326664,Ulysses Adams,2024-04-30 11:14:00,2024-04-30 13:14:00,False
5805028000047327099,Ben Hall,2024-04-29 18:41:00,2024-05-03 15:39:00,False
5805028000047347547,Quincy Vincent,2024-04-30 11:54:00,2024-04-30 13:55:00,False
5805028000047359180,Ben Hall,2024-04-30 00:21:00,2024-05-01 14:25:00,False
5805028000047472708,Ben Hall,2024-05-01 11:08:00,2024-05-01 11:08:00,False
5805028000047472979,Cara Iverson,2024-05-01 15:41:00,2024-06-13 18:17:00,False
5805028000047477144,Eva Kent,2024-04-30 14:41:00,2024-06-17 21:34:00,False
5805028000047517529,Paula Underwood,2024-04-30 22:02:00,2024-05-01 00:03:00,False
5805028000047521447,Yara Edwards,2024-04-30 20:05:00,2024-05-01 11:26:00,False
5805028000047531165,Ben Hall,2024-04-30 15:23:00,2024-04-30 17:23:00,False
5805028000047531654,Yara Edwards,2024-04-30 22:16:00,2024-05-01 12:49:00,False
5805028000047633253,Paula Underwood,2024-05-01 14:15:00,2024-05-01 16:15:00,False
5805028000047635088,Yara Edwards,2024-05-01 12:11:00,2024-05-01 18:27:00,False
5805028000047635334,Yara Edwards,2024-05-01 14:38:00,2024-06-11 11:07:00,False
5805028000047637331,Ben Hall,2024-05-01 18:58:00,2024-05-01 18:58:00,False
5805028000047637840,Victor Barnes,2024-05-02 11:40:00,2024-05-27 09:53:00,False
5805028000047644720,Amy Green,2024-05-02 07:51:00,2024-05-02 13:38:00,False
5805028000047649184,Eva Kent,2024-05-01 19:14:00,2024-05-09 16:52:00,False
5805028000047655594,Quincy Vincent,2024-05-02 10:55:00,2024-05-02 12:55:00,False
5805028000047657003,Paula Underwood,2024-05-01 14:51:00,2024-05-01 16:51:00,False
5805028000047657937,Paula Underwood,2024-05-02 11:22:00,2024-05-02 13:22:00,False
5805028000047706882,Quincy Vincent,2024-05-02 17:23:00,2024-05-02 17:23:00,False
5805028000047718188,Rachel White,2024-05-02 11:56:00,2024-05-02 13:56:00,False
5805028000047725334,Ben Hall,2024-05-02 12:44:00,2024-05-21 22:38:00,False
5805028000047727320,Quincy Vincent,2024-05-02 14:35:00,2024-05-03 18:45:00,False
5805028000047729164,Quincy Vincent,2024-05-02 12:36:00,2024-05-02 14:37:00,False
5805028000047737630,Julia Nelson,2024-05-02 19:19:00,2024-06-15 02:16:00,False
5805028000047762445,Cara Iverson,2024-05-02 20:50:00,2024-05-06 11:21:00,False
5805028000047809364,Paula Underwood,2024-05-03 13:41:00,2024-06-01 16:38:00,False
5805028000047846249,Ben Hall,2024-05-03 11:41:00,2024-05-03 13:41:00,False
5805028000047859260,Cara Iverson,2024-05-03 14:42:00,2024-05-03 16:42:00,False
5805028000047955335,Yara Edwards,2024-05-03 19:11:00,2024-05-04 13:48:00,False
5805028000048063313,Paula Underwood,2024-05-04 11:46:00,2024-05-04 13:47:00,False
5805028000048082511,Yara Edwards,2024-05-04 12:36:00,2024-05-04 18:37:00,False
5805028000048099070,Nina Scott,2024-05-03 22:36:00,2024-06-08 21:31:00,False
5805028000048099400,Cara Iverson,2024-05-04 09:26:00,2024-05-04 11:27:00,False
5805028000048198567,Paula Underwood,2024-05-05 12:41:00,2024-05-05 21:33:00,False
5805028000048216947,Cara Iverson,2024-05-05 18:36:00,2024-05-07 17:28:00,False
5805028000048225788,Cara Iverson,2024-05-05 17:32:00,2024-05-05 19:33:00,False
5805028000048225948,Julia Nelson,2024-05-05 18:31:00,2024-05-27 01:24:00,False
5805028000048344244,Cara Iverson,2024-05-05 22:17:00,2024-05-07 14:06:00,False
5805028000048345086,Ben Hall,2024-05-05 19:48:00,2024-05-07 14:45:00,False
5805028000048362121,Cara Iverson,2024-05-06 06:14:00,2024-05-08 11:22:00,False
5805028000048362404,Julia Nelson,2024-05-06 12:08:00,2024-05-06 14:08:00,False
5805028000048362508,Charlie Davis,2024-05-06 12:57:00,2024-06-18 10:45:00,False
5805028000048364912,Cara Iverson,2024-05-06 16:44:00,2024-05-10 10:28:00,False
5805028000048365290,Julia Nelson,2024-05-06 14:08:00,2024-05-06 16:10:00,False
5805028000048365605,Quincy Vincent,2024-05-06 16:29:00,2024-05-06 18:29:00,False
5805028000048366364,Cara Iverson,2024-05-06 13:10:00,2024-05-06 15:10:00,False
5805028000048377235,Amy Green,2024-05-06 13:07:00,2024-05-06 23:28:00,False
5805028000048410601,Julia Nelson,2024-05-07 04:13:00,2024-05-07 06:14:00,False
5805028000048420293,Cara Iverson,2024-05-06 21:34:00,2024-05-07 13:41:00,False
5805028000048430473,Julia Nelson,2024-05-07 11:57:00,2024-05-07 13:57:00,False
5805028000048432235,Ben Hall,2024-05-06 21:25:00,2024-05-06 23:25:00,False
5805028000048462444,Cara Iverson,2024-05-07 11:18:00,2024-05-07 13:18:00,False
5805028000048464139,Cara Iverson,2024-05-07 06:14:00,2024-05-07 08:14:00,False
5805028000048465070,Julia Nelson,2024-05-06 23:01:00,2024-05-07 01:01:00,False
5805028000048585166,Yara Edwards,2024-05-07 16:30:00,2024-05-07 18:32:00,False
5805028000048760155,Julia Nelson,2024-05-08 06:23:00,2024-05-27 17:53:00,False
5805028000048761191,Charlie Davis,2024-05-07 23:18:00,2024-05-08 01:19:00,False
5805028000048761608,Ulysses Adams,2024-05-08 13:05:00,2024-05-08 15:05:00,False
5805028000048761892,Cara Iverson,2024-05-08 16:06:00,2024-06-09 17:06:00,False
5805028000048762355,Paula Underwood,2024-05-08 08:39:00,2024-05-10 10:18:00,False
5805028000048763301,Julia Nelson,2024-05-08 09:41:00,2024-05-08 11:41:00,False
5805028000048797050,Cara Iverson,2024-05-07 21:43:00,2024-05-15 21:34:00,False
5805028000048804204,Cara Iverson,2024-05-08 07:15:00,2024-05-27 10:57:00,False
5805028000048870191,Ian Miller,2024-05-08 10:32:00,2024-05-09 09:22:00,False
5805028000048886140,Oliver Taylor,2024-05-08 12:48:00,2024-05-08 14:54:00,False
5805028000048886280,Oliver Taylor,2024-05-08 15:00:00,2024-05-08 17:31:00,False
5805028000048935366,Paula Underwood,2024-05-09 05:19:00,2024-05-09 07:20:00,False
5805028000048951656,Ben Hall,2024-05-09 11:15:00,2024-05-09 13:15:00,False
5805028000048954138,Eva Kent,2024-05-08 23:15:00,2024-05-09 01:16:00,False
5805028000048968670,Cara Iverson,2024-05-09 12:46:00,2024-05-09 14:46:00,False
5805028000048975342,Cara Iverson,2024-05-09 07:54:00,2024-05-15 10:38:00,False
5805028000049081001,Paula Underwood,2024-05-09 15:19:00,2024-05-17 10:34:00,False
5805028000049092174,Ben Hall,2024-05-09 17:51:00,2024-05-09 17:53:00,False
5805028000049169586,Rachel White,2024-05-10 12:34:00,2024-05-10 14:34:00,False
5805028000049169738,Ben Hall,2024-05-10 13:44:00,2024-05-13 16:57:00,False
5805028000049190503,Paula Underwood,2024-05-10 14:54:00,2024-05-10 16:54:00,False
5805028000049197129,Ulysses Adams,2024-05-09 23:07:00,2024-05-10 01:07:00,False
5805028000049200292,Paula Underwood,2024-05-10 09:15:00,2024-05-11 14:00:00,False
5805028000049210689,Paula Underwood,2024-05-10 15:38:00,2024-06-09 13:05:00,False
5805028000049341037,Ben Hall,2024-05-10 17:45:00,2024-06-06 13:04:00,False
5805028000049349025,Ulysses Adams,2024-05-10 17:53:00,2024-05-10 19:54:00,False
5805028000049429779,Julia Nelson,2024-05-12 08:26:00,2024-05-12 10:27:00,False
5805028000049432632,Rachel White,2024-05-11 19:20:00,2024-05-11 21:20:00,False
5805028000049432828,Cara Iverson,2024-05-11 22:33:00,2024-05-12 00:33:00,False
5805028000049434085,Cara Iverson,2024-05-10 22:39:00,2024-05-11 00:40:00,False
5805028000049441126,Ben Hall,2024-05-11 08:52:00,2024-05-13 14:48:00,False
5805028000049465665,Rachel White,2024-05-11 19:42:00,2024-06-17 18:10:00,False
5805028000049539516,Cara Iverson,2024-05-12 11:41:00,2024-05-12 13:42:00,False
5805028000049545159,Julia Nelson,2024-05-12 12:06:00,2024-05-12 14:06:00,False
5805028000049560926,Eva Kent,2024-05-13 09:16:00,2024-05-13 16:25:00,False
5805028000049567041,Eva Kent,2024-05-12 13:46:00,2024-05-12 15:46:00,False
5805028000049568134,Cara Iverson,2024-05-12 16:42:00,2024-06-14 18:09:00,False
5805028000049607006,Charlie Davis,2024-05-12 20:52:00,2024-05-12 22:54:00,False
5805028000049615238,Quincy Vincent,2024-05-13 10:51:00,2024-05-13 12:51:00,False
5805028000049630058,Nina Scott,2024-05-13 11:17:00,2024-05-13 13:37:00,False
5805028000049647090,Nina Scott,2024-05-13 12:39:00,2024-05-13 15:53:00,False
5805028000049647139,Nina Scott,2024-05-13 12:55:00,2024-05-18 20:13:00,False
5805028000049769693,Rachel White,2024-05-14 11:26:00,2024-05-14 13:27:00,False
5805028000049771404,Charlie Davis,2024-05-13 22:09:00,2024-05-14 00:10:00,False
5805028000049792171,Nina Scott,2024-05-13 16:54:00,2024-05-14 12:04:00,False
5805028000049792715,Charlie Davis,2024-05-14 09:22:00,2024-05-14 11:22:00,False
5805028000049797454,Ben Hall,2024-05-13 21:39:00,2024-05-13 23:39:00,False
5805028000050001350,Cara Iverson,2024-05-14 20:16:00,2024-05-14 20:16:00,False
5805028000050002245,Yara Edwards,2024-05-14 18:34:00,2024-05-14 20:34:00,False
5805028000050006665,Paula Underwood,2024-05-15 08:25:00,2024-06-17 21:56:00,False
5805028000050015292,Quincy Vincent,2024-05-14 18:05:00,2024-05-14 18:07:00,False
5805028000050016562,Charlie Davis,2024-05-15 13:20:00,2024-05-23 21:07:00,False
5805028000050022413,Ulysses Adams,2024-05-15 00:27:00,2024-05-15 02:33:00,False
5805028000050025260,Cara Iverson,2024-05-14 19:15:00,2024-05-14 21:16:00,False
5805028000050136474,Paula Underwood,2024-05-16 05:51:00,2024-05-27 11:08:00,False
5805028000050138042,Paula Underwood,2024-05-15 14:49:00,2024-05-20 20:36:00,False
5805028000050276547,Eva Kent,2024-05-16 15:26:00,2024-06-17 21:02:00,False
5805028000050287739,Cara Iverson,2024-05-17 06:54:00,2024-05-23 11:50:00,False
5805028000050301933,Cara Iverson,2024-05-16 23:17:00,2024-05-21 15:48:00,False
5805028000050302298,Cara Iverson,2024-05-16 13:20:00,2024-05-16 15:20:00,False
5805028000050304672,Eva Kent,2024-05-16 23:26:00,2024-06-07 10:54:00,False
5805028000050318094,Eva Kent,2024-05-16 10:59:00,2024-06-10 21:06:00,False
5805028000050385100,Cara Iverson,2024-05-16 20:22:00,2024-05-17 05:35:00,False
5805028000050386493,Quincy Vincent,2024-05-17 09:52:00,2024-05-22 14:18:00,False
5805028000050389099,Nina Scott,2024-05-17 08:01:00,2024-05-17 11:09:00,False
5805028000050390024,Charlie Davis,2024-05-16 21:19:00,2024-06-12 17:59:00,False
5805028000050475223,Charlie Davis,2024-05-17 14:43:00,2024-05-18 17:25:00,False
5805028000050513155,Ian Miller,2024-05-17 13:02:00,2024-05-17 13:02:00,False
5805028000050549581,Charlie Davis,2024-05-18 09:53:00,2024-05-18 11:53:00,False
5805028000050559232,Rachel White,2024-05-17 20:57:00,2024-05-17 22:58:00,False
5805028000050562434,Nina Scott,2024-05-18 06:53:00,2024-05-18 10:49:00,False
5805028000050575781,Eva Kent,2024-05-18 16:45:00,2024-05-31 15:13:00,False
5805028000050576656,Charlie Davis,2024-05-18 15:42:00,2024-06-17 21:34:00,False
5805028000050595003,Ben Hall,2024-05-17 16:18:00,2024-05-17 18:18:00,False
5805028000050596100,Eva Kent,2024-05-17 16:38:00,2024-05-23 12:56:00,False
5805028000050704002,Cara Iverson,2024-05-18 22:31:00,2024-05-19 00:31:00,False
5805028000050714158,Cara Iverson,2024-05-18 23:51:00,2024-05-19 01:51:00,False
5805028000050812501,Ulysses Adams,2024-05-20 15:02:00,2024-05-29 10:03:00,False
5805028000050812781,Charlie Davis,2024-05-21 08:10:00,2024-05-21 18:55:00,False
5805028000050827073,Eva Kent,2024-05-19 18:40:00,2024-05-30 17:21:00,False
5805028000050827399,Ulysses Adams,2024-05-20 12:55:00,2024-05-20 14:55:00,False
5805028000050834639,Cara Iverson,2024-05-21 02:24:00,2024-05-21 04:25:00,False
5805028000050857282,Quincy Vincent,2024-05-20 14:47:00,2024-06-17 18:10:00,False
5805028000050862183,Quincy Vincent,2024-05-19 23:50:00,2024-05-20 01:51:00,False
5805028000050965290,Paula Underwood,2024-05-21 13:41:00,2024-05-21 15:41:00,False
5805028000050997353,Ulysses Adams,2024-05-21 16:20:00,2024-05-22 15:28:00,False
5805028000051090148,Charlie Davis,2024-05-21 20:01:00,2024-05-21 22:01:00,False
5805028000051092658,Amy Green,2024-05-22 16:21:00,2024-05-22 18:27:00,False
5805028000051097449,Paula Underwood,2024-05-21 21:51:00,2024-05-22 17:23:00,False
5805028000051102422,Yara Edwards,2024-05-22 11:03:00,2024-05-22 13:03:00,False
5805028000051103650,Nina Scott,2024-05-22 17:21:00,2024-05-23 14:31:00,False
5805028000051112041,Quincy Vincent,2024-05-21 17:59:00,2024-05-21 19:59:00,False
5805028000051239181,Yara Edwards,2024-05-22 19:24:00,2024-06-09 14:06:00,False
5805028000051367097,Yara Edwards,2024-05-23 11:30:00,2024-05-24 11:30:00,False
5805028000051389055,Ben Hall,2024-05-23 10:28:00,2024-05-23 12:28:00,False
5805028000051402317,Julia Nelson,2024-05-23 14:13:00,2024-05-27 11:14:00,False
5805028000051421403,Julia Nelson,2024-05-23 14:34:00,2024-05-27 11:08:00,False
5805028000051510131,Victor Barnes,2024-05-23 17:29:00,2024-05-26 22:36:00,False
5805028000051520222,Cara Iverson,2024-05-23 20:29:00,2024-05-23 22:30:00,False
5805028000051520532,Eva Kent,2024-05-24 09:31:00,2024-05-24 11:34:00,False
5805028000051528565,Quincy Vincent,2024-05-24 13:10:00,2024-05-30 12:30:00,False
5805028000051532564,Ulysses Adams,2024-05-24 11:32:00,2024-06-03 11:36:00,False
5805028000051533459,Ulysses Adams,2024-05-24 08:18:00,2024-06-03 13:54:00,False
5805028000051542154,Julia Nelson,2024-05-23 20:37:00,2024-05-24 19:23:00,False
5805028000051559281,Cara Iverson,2024-05-24 00:51:00,2024-06-18 16:21:00,False
5805028000051669642,Charlie Davis,2024-05-25 08:22:00,2024-06-11 07:07:00,False
5805028000051866688,Quincy Vincent,2024-05-26 19:05:00,2024-05-26 21:30:00,False
5805028000051867686,Quincy Vincent,2024-05-26 23:03:00,2024-05-27 01:03:00,False
5805028000051867806,Paula Underwood,2024-05-27 09:41:00,2024-05-27 11:41:00,False
5805028000051875085,Cara Iverson,2024-05-25 22:26:00,2024-05-26 12:47:00,False
5805028000051875464,Cara Iverson,2024-05-26 15:11:00,2024-06-17 19:53:00,False
5805028000051880040,Eva Kent,2024-05-25 22:21:00,2024-05-26 21:40:00,False
5805028000051880107,Eva Kent,2024-05-26 02:32:00,2024-06-04 11:56:00,False
5805028000051885581,Nina Scott,2024-05-26 23:57:00,2024-06-06 16:04:00,False
5805028000051895356,Eva Kent,2024-05-26 15:12:00,2024-05-26 17:12:00,False
5805028000052011154,Amy Green,2024-05-27 14:48:00,2024-05-28 12:05:00,False
5805028000052095113,Paula Underwood,2024-05-27 18:33:00,2024-05-27 20:33:00,False
5805028000052115103,Ulysses Adams,2024-05-27 18:18:00,2024-05-27 20:18:00,False
5805028000052167295,Paula Underwood,2024-05-28 12:34:00,2024-05-28 14:35:00,False
5805028000052178427,Ulysses Adams,2024-05-28 14:24:00,2024-05-30 12:54:00,False
5805028000052188921,Charlie Davis,2024-05-28 20:21:00,2024-05-28 22:21:00,False
5805028000052195001,Nina Scott,2024-05-27 22:37:00,2024-05-28 12:03:00,False
5805028000052213112,Ulysses Adams,2024-05-28 10:35:00,2024-05-28 12:44:00,False
5805028000052270079,Ulysses Adams,2024-05-28 23:40:00,2024-06-17 19:10:00,False
5805028000052321067,Ben Hall,2024-05-29 03:01:00,2024-05-29 05:03:00,False
5805028000052355146,Ulysses Adams,2024-05-29 11:16:00,2024-05-30 18:29:00,False
5805028000052372522,Cara Iverson,2024-05-29 14:21:00,2024-05-29 16:22:00,False
5805028000052379169,Ben Hall,2024-05-29 11:03:00,2024-05-31 11:37:00,False
5805028000052391450,Paula Underwood,2024-05-29 16:15:00,2024-05-29 16:43:00,False
5805028000052391815,Julia Nelson,2024-05-30 07:59:00,2024-06-04 14:03:00,False
5805028000052392304,Ulysses Adams,2024-05-29 13:31:00,2024-06-03 15:05:00,False
5805028000052392783,Ben Hall,2024-05-30 00:56:00,2024-05-30 13:03:00,False
5805028000052398786,Yara Edwards,2024-05-29 16:30:00,2024-05-30 18:19:00,False
5805028000052542319,Julia Nelson,2024-05-30 12:05:00,2024-06-04 14:45:00,False
5805028000052550064,Quincy Vincent,2024-05-30 10:20:00,2024-06-14 19:09:00,False
5805028000052661775,Eva Kent,2024-05-31 09:32:00,2024-06-02 15:27:00,False
5805028000052664769,Eva Kent,2024-05-31 09:15:00,2024-06-05 15:40:00,False
5805028000052665718,Charlie Davis,2024-05-30 21:16:00,2024-05-31 10:47:00,False
5805028000052665812,Cara Iverson,2024-05-30 22:01:00,2024-06-11 23:29:00,False
5805028000052665947,Cara Iverson,2024-05-31 07:35:00,2024-06-11 20:07:00,False
5805028000052715482,Eva Kent,2024-05-30 19:59:00,2024-05-30 21:59:00,False
5805028000052813356,Ben Hall,2024-05-31 11:28:00,2024-05-31 13:28:00,False
5805028000052823052,Yara Edwards,2024-05-31 11:31:00,2024-05-31 15:36:00,False
5805028000052833288,Eva Kent,2024-05-31 18:08:00,2024-06-07 11:51:00,False
5805028000052841495,Yara Edwards,2024-05-31 17:38:00,2024-05-31 19:38:00,False
5805028000052909105,Rachel White,2024-05-31 21:09:00,2024-05-31 23:09:00,False
5805028000052936024,Paula Underwood,2024-05-31 20:56:00,2024-06-01 11:05:00,False
5805028000052976585,Quincy Vincent,2024-06-01 16:37:00,2024-06-04 21:42:00,False
5805028000052976749,Cara Iverson,2024-06-01 21:38:00,2024-06-18 01:01:00,False
5805028000052993489,Cara Iverson,2024-06-01 12:02:00,2024-06-01 14:56:00,False
5805028000053017296,Yara Edwards,2024-05-31 23:47:00,2024-06-06 15:53:00,False
5805028000053116518,Paula Underwood,2024-06-03 09:08:00,2024-06-07 17:28:00,False
5805028000053119047,Eva Kent,2024-06-02 09:13:00,2024-06-03 16:59:00,False
5805028000053131463,Quincy Vincent,2024-06-03 12:44:00,2024-06-03 14:44:00,False
5805028000053244467,Eva Kent,2024-06-03 22:00:00,2024-06-19 20:21:00,False
5805028000053249516,Quincy Vincent,2024-06-04 10:51:00,2024-06-07 23:05:00,False
5805028000053252324,Cara Iverson,2024-06-03 17:23:00,2024-06-04 11:43:00,False
5805028000053259390,Eva Kent,2024-06-03 20:07:00,2024-06-03 22:07:00,False
5805028000053262200,Quincy Vincent,2024-06-03 18:33:00,2024-06-03 18:39:00,False
5805028000053370503,Paula Underwood,2024-06-04 16:37:00,2024-06-04 16:37:00,False
5805028000053370849,Ben Hall,2024-06-04 20:24:00,2024-06-04 22:25:00,False
5805028000053383426,Ben Hall,2024-06-04 19:17:00,2024-06-04 21:17:00,False
5805028000053453013,Eva Kent,2024-06-04 20:51:00,2024-06-16 20:02:00,False
5805028000053508116,Paula Underwood,2024-06-05 07:43:00,2024-06-07 20:11:00,False
5805028000053543009,Charlie Davis,2024-06-04 23:39:00,2024-06-08 18:52:00,False
5805028000053547099,Ben Hall,2024-06-05 10:41:00,2024-06-05 12:41:00,False
5805028000053550072,Charlie Davis,2024-06-05 10:21:00,2024-06-05 16:52:00,False
5805028000053564474,Quincy Vincent,2024-06-05 11:43:00,2024-06-05 13:44:00,False
5805028000053570465,Cara Iverson,2024-06-05 12:59:00,2024-06-05 14:59:00,False
5805028000053691216,Eva Kent,2024-06-05 19:25:00,2024-06-05 21:25:00,False
5805028000053693673,Ulysses Adams,2024-06-06 02:24:00,2024-06-06 04:25:00,False
5805028000053695042,Cara Iverson,2024-06-05 18:45:00,2024-06-05 20:54:00,False
5805028000053695589,Quincy Vincent,2024-06-06 12:18:00,2024-06-06 14:18:00,False
5805028000053697486,Eva Kent,2024-06-06 11:36:00,2024-06-06 13:36:00,False
5805028000053697789,Ulysses Adams,2024-06-06 14:27:00,2024-06-13 13:08:00,False
5805028000053702812,Eva Kent,2024-06-06 13:55:00,2024-06-06 15:55:00,False
5805028000053702958,Nina Scott,2024-06-06 14:26:00,2024-06-06 17:28:00,False
5805028000053717036,Eva Kent,2024-06-06 01:57:00,2024-06-08 15:38:00,False
5805028000053791175,Ulysses Adams,2024-06-06 22:16:00,2024-06-07 00:19:00,False
5805028000053905190,Cara Iverson,2024-06-07 13:53:00,2024-06-07 15:53:00,False
5805028000053963390,Paula Underwood,2024-06-07 21:37:00,2024-06-07 21:40:00,False
5805028000053985414,Cara Iverson,2024-06-08 01:15:00,2024-06-08 03:15:00,False
5805028000053987053,Charlie Davis,2024-06-07 15:49:00,2024-06-11 17:31:00,False
5805028000053993277,Cara Iverson,2024-06-07 19:23:00,2024-06-19 11:39:00,False
5805028000054008747,Paula Underwood,2024-06-08 13:44:00,2024-06-11 12:31:00,False
5805028000054080041,Rachel White,2024-06-09 06:41:00,2024-06-10 09:33:00,False
5805028000054106087,Eva Kent,2024-06-09 18:10:00,2024-06-18 20:13:00,False
5805028000054108040,Yara Edwards,2024-06-08 14:44:00,2024-06-08 16:44:00,False
5805028000054108486,Rachel White,2024-06-09 11:51:00,2024-06-09 11:51:00,False
5805028000054226036,Quincy Vincent,2024-06-10 09:01:00,2024-06-10 16:03:00,False
5805028000054238317,Rachel White,2024-06-10 09:00:00,2024-06-10 09:33:00,False
5805028000054238389,Rachel White,2024-06-10 09:00:00,2024-06-16 12:57:00,False
5805028000054238501,Rachel White,2024-06-10 09:01:00,2024-06-10 09:33:00,False
5805028000054248749,Eva Kent,2024-06-10 19:47:00,2024-06-10 21:48:00,False
5805028000054257139,Cara Iverson,2024-06-10 13:15:00,2024-06-10 15:15:00,False
5805028000054279521,Ben Hall,2024-06-10 16:59:00,2024-06-10 18:59:00,False
5805028000054281973,Eva Kent,2024-06-10 20:28:00,2024-06-10 22:28:00,False
5805028000054284461,Quincy Vincent,2024-06-10 15:33:00,2024-06-17 21:05:00,False
5805028000054293352,Quincy Vincent,2024-06-10 15:12:00,2024-06-10 17:12:00,False
5805028000054300335,Eva Kent,2024-06-10 14:55:00,2024-06-10 23:06:00,False
5805028000054318001,Ben Hall,2024-06-10 12:05:00,2024-06-11 17:46:00,False
5805028000054424746,Paula Underwood,2024-06-11 02:04:00,2024-06-11 04:04:00,False
5805028000054434400,Charlie Davis,2024-06-10 23:16:00,2024-06-11 01:17:00,False
5805028000054434656,Paula Underwood,2024-06-11 05:53:00,2024-06-13 14:28:00,False
5805028000054441200,Paula Underwood,2024-06-10 22:52:00,2024-06-13 03:40:00,False
5805028000054446751,Quincy Vincent,2024-06-11 10:28:00,2024-06-11 12:28:00,False
5805028000054480322,Ben Hall,2024-06-11 06:23:00,2024-06-11 08:23:00,False
5805028000054568215,Ben Hall,2024-06-11 13:01:00,2024-06-11 13:01:00,False
5805028000054683001,Ben Hall,2024-06-11 19:39:00,2024-06-11 21:58:00,False
5805028000054754316,Charlie Davis,2024-06-12 13:32:00,2024-06-12 13:32:00,False
5805028000054755989,Ulysses Adams,2024-01-23 13:45:00,2024-06-20 19:57:00,False
5805028000054760902,Ben Hall,2024-06-12 18:06:00,2024-06-14 17:46:00,False
5805028000054761411,Nina Scott,2024-06-12 13:20:00,2024-06-14 10:20:00,False
5805028000054767479,Julia Nelson,2024-06-12 13:09:00,2024-06-13 19:08:00,False
5805028000054767613,Charlie Davis,2024-06-12 14:46:00,2024-06-18 22:25:00,False
5805028000054792491,Paula Underwood,2024-06-12 12:48:00,2024-06-12 14:50:00,False
5805028000054803602,Rachel White,2024-06-12 15:03:00,2024-06-12 17:03:00,False
5805028000054936746,Eva Kent,2024-06-13 13:41:00,2024-06-13 15:41:00,False
5805028000054940585,Paula Underwood,2024-06-13 11:04:00,2024-06-13 13:04:00,False
5805028000054951326,Quincy Vincent,2024-06-13 07:14:00,2024-06-13 09:15:00,False
5805028000055208246,Ben Hall,2024-06-13 22:00:00,2024-06-20 12:15:00,False
5805028000055213144,Charlie Davis,2024-06-13 21:04:00,2024-06-13 23:04:00,False
5805028000055215172,Ulysses Adams,2024-06-13 21:29:00,2024-06-13 23:29:00,False
5805028000055322968,Yara Edwards,2024-06-14 22:03:00,2024-06-15 11:13:00,False
5805028000055343678,Eva Kent,2024-06-14 19:34:00,2024-06-14 21:34:00,False
5805028000055463994,Quincy Vincent,2024-06-16 12:34:00,2024-06-16 14:34:00,False
5805028000055464156,Ben Hall,2024-06-15 12:20:00,2024-06-15 14:20:00,False
5805028000055471387,Eva Kent,2024-06-15 20:01:00,2024-06-16 17:00:00,False
5805028000055474638,Eva Kent,2024-06-15 23:55:00,2024-06-15 23:56:00,False
5805028000055479618,Eva Kent,2024-06-16 11:31:00,2024-06-16 11:31:00,False
5805028000055481001,Eva Kent,2024-06-15 10:39:00,2024-06-15 13:12:00,False
5805028000055500656,Eva Kent,2024-06-15 19:26:00,2024-06-15 19:30:00,False
5805028000055503302,Ben Hall,2024-06-15 17:02:00,2024-06-15 19:02:00,False
5805028000055503741,Yara Edwards,2024-06-16 11:26:00,2024-06-16 13:59:00,False
5805028000055506537,Yara Edwards,2024-06-15 18:05:00,2024-06-15 18:09:00,False
5805028000055509804,Eva Kent,2024-06-16 07:55:00,2024-06-16 09:56:00,False
5805028000055524176,Yara Edwards,2024-06-15 15:00:00,2024-06-15 17:00:00,False
5805028000055607661,Paula Underwood,2024-06-16 22:15:00,2024-06-17 00:15:00,False
5805028000055612604,Paula Underwood,2024-06-16 21:27:00,2024-06-16 23:27:00,False
5805028000055628150,Nina Scott,2024-06-16 17:10:00,2024-06-18 12:35:00,False
5805028000055813245,Ulysses Adams,2024-06-17 12:40:00,2024-06-18 16:44:00,False
5805028000055949592,Eva Kent,2024-06-17 19:56:00,2024-06-17 21:56:00,False
5805028000056121081,Ben Hall,2024-06-18 07:57:00,2024-06-18 09:58:00,False
5805028000056125060,Paula Underwood,2024-06-18 08:47:00,2024-06-18 10:47:00,False
5805028000056158090,Quincy Vincent,2024-06-18 12:39:00,2024-06-18 14:40:00,False
5805028000056187193,Rachel White,2024-06-18 14:17:00,2024-06-18 16:17:00,False
5805028000056214475,Quincy Vincent,2024-06-18 16:55:00,2024-06-18 18:55:00,False
5805028000056254001,Paula Underwood,2024-06-18 14:22:00,2024-06-18 16:22:00,False
5805028000056315333,Rachel White,2024-06-19 11:47:00,2024-06-19 13:47:00,False
5805028000056487203,Ulysses Adams,2024-06-19 18:17:00,2024-06-19 20:17:00,False
5805028000056578096,Charlie Davis,2024-06-20 05:55:00,2024-06-20 07:55:00,False
5805028000056725120,Eva Kent,2024-06-20 14:40:00,2024-06-20 16:40:00,False
5805028000056849237,Rachel White,2024-06-21 12:40:00,2024-06-21 14:40:00,False
